Workbook

Sheet COURSE ASSESSMENT
A1: PANIMALAR ENGINEERING COLLEGE
A3: Department of AI&DS
A4: Course Assessment Work Sheet
A6: SUBJECT NAME | B6: MATRICES AND CALCULUS | L6: Threshold | M6: Level 1 | N6: 60% students scoring more than threshold
A7: SUBJECT CODE | B7: 23MA1301 | L7: 65 | M7: Level 2 | N7: 70% students scoring more than threshold
A8: COURSE CODE | B8: C101 | M8: Level 3 | N8: 80% students scoring more than threshold
A9: YEAR / SEM | B9: I/I
A10: BATCH | B10: 2023-2027
A11: ACADEMIC YEAR | B11: 2023 - 2024
A12: THRESHOLD | B12: 65
A16: Upon Successful Completion of this Course, Students will be able to
A18: CO1 | B18: Determine the Eigen values and eigenvectors,diagonalizationof amatrix, symmetric matrices,positive definite matrices and Similar matrices.
A19: CO2 | B19: Apply limit definition and rules of differentiation to differentiate functions
A20: CO3 | B20: Apply the knowledge of Maxima and Minima, Jacobian, Taylor series and apply the problems involving Science and Engineering.
A21: CO4 | B21: Apply the knowledge of Integration by parts,Trigonometric integrals, Trigonometric substitutions, Integration of rational functions by partial fraction.
A22: CO5 | B22: Apply the knowledge of Area enclosed by plane curves,Change Of variables in double integrals,Tripleintegrals,Volumeof Solids.
A25: Program Outcomes
A27: 1 | B27: PO1: Engineering Knowledge Apply knowledge of mathematics, natural science, computing, engineering fundamentals and an engineering specialization as specified in WK1 to WK4 respectively to develop to the solution of complex engineering problems.
A28: 2 | B28: PO2: Problem Analysis Identify, formulate, review research literature and analyze complex engineering problems reaching substantiated conclusions with consideration for sustainable development. (WK1 to WK4)
A29: 3 | B29: PO3: Design/Development of Solutions Design creative solutions for complex engineering problems and design/develop systems/components/processes to meet identified needs with consideration for the public health and safety, whole-life cost, net zero carbon, culture, society and environment as required. (WK5)
A30: 4 | B30: PO4: Conduct Investigations of Complex Problems Conduct investigations of complex engineering problems using research-based knowledge including design of experiments, modelling, analysis & interpretation of data to provide valid conclusions. (WK8).
A31: 5 | B31: PO5: Engineering Tool Usage Create, select and apply appropriate techniques, resources and modern engineering & IT tools, including prediction and modelling recognizing their limitations to solve complex engineering problems. (WK2 and WK6)
A32: 6 | B32: PO6: The Engineer and the World Analyze and evaluate societal and environmental aspects while solving complex engineering problems for its impact on sustainability with reference to economy, health, safety, legal framework, culture and environment. (WK1, WK5 and WK8).
A33: 8 | B33: PO8: Ethics Apply ethical principles and commit to professional ethics, human values, diversity and inclusion; adhere to national & international laws. (WK9).
A34: 8 | B34: PO8: Individual and Collaborative Team Work Function effectively as an individual, and as a member or leader in diverse/multi-disciplinary teams.
A35: 9 | B35: PO9: Communication Communicate effectively and inclusively within the engineering community and society at large, such as being able to comprehend and write effective reports and design documentation, make effective presentations considering cultural, language, and learning differences.
A36: 10 | B36: PO10: Project Management and Finance Apply knowledge and understanding of engineering management principles and economic decision-making and apply these to one’s own work, as a member and leader in a team, and to manage projects and in multidisciplinary environments.
A37: 11 | B37: PO11: Life-Long Learning Recognize the need for, and have the preparation and ability for i) independent and life-long learning ii) adaptability to new and emerging technologies and iii) critical thinking in the broadest context of technological change. (WK8) .
A41: Program Specific Outcomes
A43: 1 | B43: PSO 1 : AI Driven Innovation Graduates should be able to evolve AI based efficient domain specific processes for effective decision making in several domains such as business and governance domains.
A44: 2 | B44: PSO 2 : Data-Driven Decision Making Insight Graduates should be able to arrive at actionable fore sight, insight, hind sight from data for solving business and engineering problems.
A45: 3 | B45: PSO 3 : Societal Intelligence Solutions Graduates should be able to create, select and apply the theoretical knowledge of AI and Data Analytics along with practical industrial tools and techniques to manage and solve wicked societal problems.
A49: CO - PO Matrix
A51: CO | B51: PO1 | C51: PO2 | D51: PO3 | E51: PO4 | F51: PO5 | G51: PO6 | H51: PO8 | I51: PO8 | J51: PO9 | K51: PO10 | L51: PO13 | M51: PSO1 | O51: PSO2 | Q51: PSO3
A52: C101.1 | B52: 3 | C52: 3 | L52: 2
A53: C101.2 | B53: 3 | C53: 3 | L53: 2
A54: C101.3 | B54: 3 | C54: 3 | L54: 2
A55: C101.4 | B55: 3 | C55: 3 | L55: 2
A56: C101.5 | B56: 3 | C56: 3 | L56: 2
A57: C301.AVG | B57: =IFERROR(AVERAGEIF(B52:B56,"<>"),"") -> 3 | C57: =IFERROR(AVERAGEIF(C52:C56,"<>"),"") -> 3 | D57: =IFERROR(AVERAGEIF(D52:D56,"<>"),"") | E57: =IFERROR(AVERAGEIF(E52:E56,"<>"),"") | F57: =IFERROR(AVERAGEIF(F52:F56,"<>"),"") | G57: =IFERROR(AVERAGEIF(G52:G56,"<>"),"") | H57: =IFERROR(AVERAGEIF(H52:H56,"<>"),"") | I57: =IFERROR(AVERAGEIF(I52:I56,"<>"),"") | ... Q57: =IFERROR(AVERAGEIF(Q52:Q56,"<>"),"")
A60: Tools used to assess course outcomes
A61: CO | B61: CO1 | C61: CO2 | D61: CO3 | E61: CO4 | F61: CO5
A62: INTERNAL 1 | B62: * | C62: * | D62: *
A63: INTERNAL 2 | D63: * | E63: * | F63: *
A64: Unit test | B64: * | C64: * | D64: * | E64: * | F64: *
A65: ASSIGNMENT 1 | E65: *
A66: ASSIGNMENT 2 | F66: *

Sheet STUDENT NAMELIST
A1: PANIMALAR ENGINEERING COLLEGE
A2: STUDENTS NAMELIST
A3: S.NO | B3: REG.NO | C3: ROLL.NO | D3: STUDENT NAME
A5: 1 | B5: 211423243003 | C5: 2023PEC AI 101 | D5: ABINAYA M
A6: 2 | B6: 211423243005 | C6: 2023PEC AI 102 | D6: ABIRAMI A
A7: 3 | B7: 211423243006 | C7: 2023PEC AI 103 | D7: ABIRAMI G
A8: 4 | B8: 211423243009 | C8: 2023PEC AI 104 | D8: ABITHA R D
A9: 5 | B9: 211423243011 | C9: 2023PEC AI 105 | D9: ADELINE JERUSHA AUGUSTINE
A10: 6 | B10: 211423243014 | C10: 2023PEC AI 106 | D10: AFIFA FATHIMA S
A11: 7 | B11: 211423243016 | C11: 2023PEC AI 107 | D11: AFSHAN TAJ F
A12: 8 | B12: 211423243017 | C12: 2023PEC AI 108 | D12: AISHWARYA P
A13: 9 | B13: 211423243022 | C13: 2023PEC AI 109 | D13: AKSHAYA SAKTHI G
A14: 10 | B14: 211423243025 | C14: 2023PEC AI 110 | D14: AMIRTHA A
A15: 11 | B15: 211423243033 | C15: 2023PEC AI 111 | D15: ANTONY AMALA TRINITA J
A16: 12 | B16: 211423243041 | C16: 2023PEC AI 112 | D16: ARSHIYA ROSELINE P
... A508: 504 | B508: 211423243114 | C508: 2023PEC AI 604 | D508: ELANCHEZHIAN V

Sheet INTERNAL - I
A1: SUBJECT NAME | C1: OBJECT ORIENTED PROGRAMMING PARADIGM | E1: =IF(E14="NA",1,0) -> 0 | F1: =IF(F14="NA",1,0) -> 0 | G1: =IF(G14="NA",1,0) -> 0 | H1: =IF(H14="NA",1,0) -> 0 | J1: =IF(J14="NA",1,0) -> 0 | K1: =IF(K14="NA",1,0) -> 0 | L1: =IF(L14="NA",1,0) -> 0 | M1: =IF(M14="NA",1,0) -> 0 | O1: =IF(O14="NA",1,0) -> 0 | P1: =IF(P14="NA",1,0) -> 0 | Q1: =IF(Q14="NA",1,0) -> 0 | R1: =IF(R14="NA",1,0) -> 0 | S1: =IF(S14="NA",1,0) -> 0 | T1: =IF(T14="NA",1,0) -> 0 | U1: =IF(U14="NA",1,0) -> 0 | V1: =IF(V14="NA",1,0) -> 0 | ... Z1: =IF(Z14="NA",1,0) -> 0
A2: SUBJECT CODE | C2: 21AD1603 | D2: COURSE CODE | E2: 0
A3: YEAR / SEM | C3: II / III | D3: BATCH | E3: 2022-26
A4: ACADEMIC YEAR | C4: 2023-24
A5: FACULTY NAME(S) | C5: MRS.J.ANITHA,MRS.S.SRINIDHI,Dr.S.HEMAMALINI
A6: REGULATION | C6: 0 | E6: INTERNAL ASSESSMENT - I
A7: PANIMALAR ENGINEERING COLLEGE
A8: ACEDAMIC YEAR: | E8: ='COURSE ASSESSMENT'!$B$6 -> MATRICES AND CALCULUS | H8: INTERNAL - I RESULT | AA8: TOTAL
A9: Sl. No | B9: ROLL NO. | C9: REG NO. | D9: QUESTION NUMBER >> | E9: PART A
E10: Q. No.1 | F10: Q. No.2 | G10: Q. No.3 | H10: Q. No. 4 | I10: Q. No. 5 | J10: Q. No. 6 | K10: Q. No. 8 | L10: Q. No. 8 | M10: Q. No. 9 | N10: Q. No. 10 | O10: Q. No. 13 | Q10: Q. No. 14 | S10: Q. No. 16 | U10: Q. No. 14 | W10: Q. No. 15 | Y10: Q. No. 16 | AB10: =SUMIF($E$14:$N$14,"CO1",$E$13:$N$13) -> 8 | AC10: =SUMIF($E$14:$N$14,"CO2",$E$13:$N$13) -> 8 | AD10: =SUMIF($E$14:$N$14,"CO3",$E$13:$N$13) -> 4 | AE10: =SUMIF($E$14:$N$14,"CO4",$E$13:$N$13) -> 0 | AF10: =SUMIF($E$14:$N$14,"CO5",$E$13:$N$13) -> 0 | AG10: =SUMIF($E$14:$N$14,"CO6",$E$13:$N$13) -> 0
AB11: =SUMPRODUCT(($O$14:$Z$14="CO1")*($O$13:$Z$13)*MOD(COLUMN($O$14:$Z$14)-COLUMN($O$14)+1,2)) -> 32 | AC11: =SUMPRODUCT(($O$14:$Z$14="CO2")*($O$13:$Z$13)*MOD(COLUMN($O$14:$Z$14)-COLUMN($O$14)+1,2)) -> 32 | AD11: =SUMPRODUCT(($O$14:$Z$14="CO3")*($O$13:$Z$13)*MOD(COLUMN($O$14:$Z$14)-COLUMN($O$14)+1,2)) -> 16 | AE11: =SUMPRODUCT(($O$14:$Z$14="CO4")*($O$13:$Z$13)*MOD(COLUMN($O$14:$Z$14)-COLUMN($O$14)+1,2)) -> 0 | AF11: =SUMPRODUCT(($O$14:$Z$14="CO5")*($O$13:$Z$13)*MOD(COLUMN($O$14:$Z$14)-COLUMN($O$14)+1,2)) -> 0 | AG11: =SUMPRODUCT(($O$14:$Z$14="CO6")*($O$13:$Z$13)*MOD(COLUMN($O$14:$Z$14)-COLUMN($O$14)+1,2)) -> 0
O12: 13.a | P12: 13.b | Q12: 14.a | R12: 14.b | S12: 16.a | T12: 16.b | U12: 14.a | V12: 14.b | W12: 15 a | X12: 15 b | AB12: =SUMPRODUCT(($P$14:$Z$14="CO1")*($P$13:$Z$13)*MOD(COLUMN($P$14:$Z$14)-COLUMN($P$14)+1,2)) -> 32 | AC12: =SUMPRODUCT(($P$14:$Z$14="CO2")*($P$13:$Z$13)*MOD(COLUMN($P$14:$Z$14)-COLUMN($P$14)+1,2)) -> 32 | AD12: =SUMPRODUCT(($P$14:$Z$14="CO3")*($P$13:$Z$13)*MOD(COLUMN($P$14:$Z$14)-COLUMN($P$14)+1,2)) -> 16 | AE12: =SUMPRODUCT(($P$14:$Z$14="CO4")*($P$13:$Z$13)*MOD(COLUMN($P$14:$Z$14)-COLUMN($P$14)+1,2)) -> 0 | AF12: =SUMPRODUCT(($P$14:$Z$14="CO5")*($P$13:$Z$13)*MOD(COLUMN($P$14:$Z$14)-COLUMN($P$14)+1,2)) -> 0 | AG12: =SUMPRODUCT(($P$14:$Z$14="CO6")*($P$13:$Z$13)*MOD(COLUMN($P$14:$Z$14)-COLUMN($P$14)+1,2)) -> 0
D13: MAXIMUM MARK >> | E13: 2 | F13: 2 | G13: 2 | H13: 2 | I13: 2 | J13: 2 | K13: 2 | L13: 2 | M13: 2 | N13: 2 | O13: 16 | P13: 16 | Q13: 16 | R13: 16 | S13: 16 | T13: 16 | U13: 16 | V13: 16 | W13: 16 | X13: 16 | AA13: 100 | AH13: TOTAL (100)
D14: COURSE OUTCOME >> | E14: CO1 | F14: CO1 | G14: CO1 | H14: CO1 | I14: CO2 | J14: CO2 | K14: CO2 | L14: CO2 | M14: CO3 | N14: CO3 | O14: CO1 | P14: CO1 | Q14: CO1 | R14: CO1 | S14: CO2 | T14: CO2 | U14: CO2 | V14: CO2 | W14: CO3 | X14: CO3 | AB14: CO1 | AC14: CO2 | AD14: CO3 | AE14: CO4 | AF14: CO5 | AG14: CO6 | AI14: CO1% | AJ14: CO2% | AK14: CO3% | AL14: CO4% | AM14: CO5% | AN14: CO6%
D15: STUDENT NAME | AB15: =SUMIF($E$14:$Z$14,"CO1",$E$13:$Z$13) -> 72 | AC15: =SUMIF($E$14:$Z$14,"CO2",$E$13:$Z$13) -> 72 | AD15: =SUMIF($E$14:$Z$14,"CO3",$E$13:$Z$13) -> 36 | AE15: =SUMIF($E$14:$Z$14,"CO4",$E$13:$Z$13) -> 0 | AF15: =SUMIF($E$14:$Z$14,"CO5",$E$13:$Z$13) -> 0 | AG15: =SUMIF($E$14:$Z$14,"CO6",$E$13:$Z$13) -> 0
A17: 1 | B17: ='STUDENT NAMELIST'!B5 -> 211423243003 | C17: ='STUDENT NAMELIST'!C5 -> 2023PEC AI 101 | D17: ='STUDENT NAMELIST'!D5 -> ABINAYA M | E17: 0 | F17: 1 | G17: 1 | H17: 0 | I17: 2 | J17: 2 | K17: 2 | L17: 0 | M17: 0 | N17: 0 | O17: 13 | P17: 0 | Q17: 0 | R17: 16 | S17: 13 | T17: 0 | U17: 16 | V17: 0 | W17: 0 | X17: 8 | AA17: =SUM(E17,F17,G17,H17,I17,J17,K17,L17,M17,N17,O17,P17,Q17,R17,S17,T17,U17,V17,W17,X17,Y17,Z17) -> 74 | AB17: =SUMIF($E$14:$N$14,"CO1",E17:N17)+IF(O17>=0,SUMPRODUCT(($O$14:$Z$14="CO1")*(O17:Z17)*MOD(COLUMN($O$14:$Z$14)-COLUMN($O$14)+1,2))+SUMPRODUCT(($P$14:$Z$14="CO1")*(P17:Z17)*MOD(COLUMN($P$14:$Z$14)-COLUMN($P$14)+1,2))) -> 31 | AC17: =SUMIF($E$14:$N$14,"CO1",F17:O17)+IF(P17>=0,SUMPRODUCT(($O$14:$Z$14="CO1")*(P17:AA17)*MOD(COLUMN($O$14:$Z$14)-COLUMN($O$14)+1,2))+SUMPRODUCT(($P$14:$Z$14="CO1")*(Q17:AA17)*MOD(COLUMN($P$14:$Z$14)-COLUMN($P$14)+1,2))) -> 33 | AD17: =SUMIF($E$14:$N$14,"CO3",E17:N17)+IF(O17>=0, SUMPRODUCT(($O$14:$Z$14="CO3")*(O17:Z17)*MOD(COLUMN($O$14:$Z$14)-COLUMN($O$14)+1,2))+ SUMPRODUCT(($P$14:$Z$14="CO3")*(P17:Z17)*MOD(COLUMN($P$14:$Z$14)-COLUMN($P$14)+1,2))) -> 8 | AE17: =SUMIF($E$14:$N$14,"CO4",$E$17:$N$17) + IF(O17>=0, SUMPRODUCT(($O$14:$Z$14="CO4")*(O17:Z17)*MOD(COLUMN($O$14:$Z$14)-COLUMN($O$14)+1,2))+ SUMPRODUCT(($P$14:$Z$14="CO4")*(P17:Z17)*MOD(COLUMN($P$14:$Z$14)-COLUMN($P$14)+1,2))) -> 0 | AF17: 0 | AG17: =SUMIF($E$14:$N$14,"CO6",$E$17:$N$17) + IF(O17>0, SUMPRODUCT(($O$14:$Z$14="CO6")*($O$17:$Z$17)*MOD(COLUMN($O$14:$Z$14)-COLUMN($O$14)+1,2))+ SUMPRODUCT(($P$14:$Z$14="CO6")*($P$17:$Z$17)*MOD(COLUMN($P$14:$Z$14)-COLUMN($P$14)+1,2)) ) -> 0 | AH17: =SUM(AB17:AG17) -> 72 | AI17: =AB17/(SUMIF($E$14:$N$14,"CO1",$E$13:$N$13)+SUMPRODUCT(($O$14:$Z$14="CO1")*($O17:$Z17>0)*($O$13:$Z$13)))*100 -> 77.5 | AJ17: =AC17/(SUMIF($E$14:$N$14,"CO1",$E$13:$N$13)+SUMPRODUCT(($O$14:$Z$14="CO1")*($O17:$Z17>0)*($O$13:$Z$13)))*100 -> 82.5 | AK17: =AD17/(SUMIF($E$14:$N$14,"CO3",$E$13:$N$13)+SUMPRODUCT(($O$14:$Z$14="CO3")*($O17:$Z17>0)*($O$13:$Z$13)))*100 -> 40
A18: 2 | B18: ='STUDENT NAMELIST'!B6 -> 211423243005 | C18: ='STUDENT NAMELIST'!C6 -> 2023PEC AI 102 | D18: ='STUDENT NAMELIST'!D6 -> ABIRAMI A | E18: 2 | F18: 1 | G18: 0 | H18: 0 | I18: 0 | J18: 1 | K18: 1 | L18: 1 | M18: 0 | N18: 1 | O18: 0 | P18: 10 | Q18: 16 | R18: 0 | S18: 0 | T18: 10 | U18: 0 | V18: 16 | W18: 15 | X18: 0 | AA18: =SUM(E18,F18,G18,H18,I18,J18,K18,L18,M18,N18,O18,P18,Q18,R18,S18,T18,U18,V18,W18,X18,Y18,Z18) -> 74 | AB18: =SUMIF($E$14:$N$14,"CO1",E18:N18)+IF(O18>=0,SUMPRODUCT(($O$14:$Z$14="CO1")*(O18:Z18)*MOD(COLUMN($O$14:$Z$14)-COLUMN($O$14)+1,2))+SUMPRODUCT(($P$14:$Z$14="CO1")*(P18:Z18)*MOD(COLUMN($P$14:$Z$14)-COLUMN($P$14)+1,2))) -> 29 | AC18: =SUMIF($E$14:$N$14,"CO1",F18:O18)+IF(P18>=0,SUMPRODUCT(($O$14:$Z$14="CO1")*(P18:AA18)*MOD(COLUMN($O$14:$Z$14)-COLUMN($O$14)+1,2))+SUMPRODUCT(($P$14:$Z$14="CO1")*(Q18:AA18)*MOD(COLUMN($P$14:$Z$14)-COLUMN($P$14)+1,2))) -> 27 | AD18: =SUMIF($E$14:$N$14,"CO3",E18:N18)+IF(O18>=0, SUMPRODUCT(($O$14:$Z$14="CO3")*(O18:Z18)*MOD(COLUMN($O$14:$Z$14)-COLUMN($O$14)+1,2))+ SUMPRODUCT(($P$14:$Z$14="CO3")*(P18:Z18)*MOD(COLUMN($P$14:$Z$14)-COLUMN($P$14)+1,2))) -> 16 | AE18: =SUMIF($E$14:$N$14,"CO4",$E$17:$N$17) + IF(O18>=0, SUMPRODUCT(($O$14:$Z$14="CO4")*(O18:Z18)*MOD(COLUMN($O$14:$Z$14)-COLUMN($O$14)+1,2))+ SUMPRODUCT(($P$14:$Z$14="CO4")*(P18:Z18)*MOD(COLUMN($P$14:$Z$14)-COLUMN($P$14)+1,2))) -> 0 | AF18: =SUMIF($E$14:$N$14,"CO5",$E$17:$N$17) + IF(O18>=0, SUMPRODUCT(($O$14:$Z$14="CO5")*(O18:Z18)*MOD(COLUMN($O$14:$Z$14)-COLUMN($O$14)+1,2))+ SUMPRODUCT(($P$14:$Z$14="CO5")*(P18:Z18)*MOD(COLUMN($P$14:$Z$14)-COLUMN($P$14)+1,2)) ) -> 0 | AG18: =SUMIF($E$14:$N$14,"CO6",$E$17:$N$17) + IF(O18>0, SUMPRODUCT(($O$14:$Z$14="CO6")*($O$17:$Z$17)*MOD(COLUMN($O$14:$Z$14)-COLUMN($O$14)+1,2))+ SUMPRODUCT(($P$14:$Z$14="CO6")*($P$17:$Z$17)*MOD(COLUMN($P$14:$Z$14)-COLUMN($P$14)+1,2)) ) -> 0 | AH18: =SUM(AB18:AG18) -> 72 | AI18: =AB18/(SUMIF($E$14:$N$14,"CO1",$E$13:$N$13)+SUMPRODUCT(($O$14:$Z$14="CO1")*($O18:$Z18>0)*($O$13:$Z$13)))*100 -> 72.5 | AJ18: =AC18/(SUMIF($E$14:$N$14,"CO2",$E$13:$N$13)+SUMPRODUCT(($O$14:$Z$14="CO2")*($O18:$Z18>0)*($O$13:$Z$13)))*100 -> 67.5 | AK18: =AD18/(SUMIF($E$14:$N$14,"CO3",$E$13:$N$13)+SUMPRODUCT(($O$14:$Z$14="CO3")*($O18:$Z18>0)*($O$13:$Z$13)))*100 -> 80
A19: 3 | B19: ='STUDENT NAMELIST'!B7 -> 211423243006 | C19: ='STUDENT NAMELIST'!C7 -> 2023PEC AI 103 | D19: ='STUDENT NAMELIST'!D7 -> ABIRAMI G | E19: 0 | F19: 0 | G19: 1 | H19: 2 | I19: 0 | J19: 2 | K19: 2 | L19: 0 | M19: 0 | N19: 1 | O19: 0 | P19: 0 | Q19: 0 | R19: 14 | S19: 13 | T19: 0 | U19: 14 | V19: 0 | W19: 0 | X19: 8 | AA19: =SUM(E19,F19,G19,H19,I19,J19,K19,L19,M19,N19,O19,P19,Q19,R19,S19,T19,U19,V19,W19,X19,Y19,Z19) -> 57 | AB19: =SUMIF($E$14:$N$14,"CO1",E19:N19)+IF(O19>=0,SUMPRODUCT(($O$14:$Z$14="CO1")*(O19:Z19)*MOD(COLUMN($O$14:$Z$14)-COLUMN($O$14)+1,2))+SUMPRODUCT(($P$14:$Z$14="CO1")*(P19:Z19)*MOD(COLUMN($P$14:$Z$14)-COLUMN($P$14)+1,2))) -> 17 | AC19: =SUMIF($E$14:$N$14,"CO1",F19:O19)+IF(P19>=0,SUMPRODUCT(($O$14:$Z$14="CO1")*(P19:AA19)*MOD(COLUMN($O$14:$Z$14)-COLUMN($O$14)+1,2))+SUMPRODUCT(($P$14:$Z$14="CO1")*(Q19:AA19)*MOD(COLUMN($P$14:$Z$14)-COLUMN($P$14)+1,2))) -> 30 | AD19: =SUMIF($E$14:$N$14,"CO3",E19:N19)+IF(O19>=0, SUMPRODUCT(($O$14:$Z$14="CO3")*(O19:Z19)*MOD(COLUMN($O$14:$Z$14)-COLUMN($O$14)+1,2))+ SUMPRODUCT(($P$14:$Z$14="CO3")*(P19:Z19)*MOD(COLUMN($P$14:$Z$14)-COLUMN($P$14)+1,2))) -> 9 | AE19: =SUMIF($E$14:$N$14,"CO4",$E$17:$N$17) + IF(O19>=0, SUMPRODUCT(($O$14:$Z$14="CO4")*(O19:Z19)*MOD(COLUMN($O$14:$Z$14)-COLUMN($O$14)+1,2))+ SUMPRODUCT(($P$14:$Z$14="CO4")*(P19:Z19)*MOD(COLUMN($P$14:$Z$14)-COLUMN($P$14)+1,2))) -> 0 | AF19: =SUMIF($E$14:$N$14,"CO5",$E$17:$N$17) + IF(O19>=0, SUMPRODUCT(($O$14:$Z$14="CO5")*(O19:Z19)*MOD(COLUMN($O$14:$Z$14)-COLUMN($O$14)+1,2))+ SUMPRODUCT(($P$14:$Z$14="CO5")*(P19:Z19)*MOD(COLUMN($P$14:$Z$14)-COLUMN($P$14)+1,2)) ) -> 0 | AG19: =SUMIF($E$14:$N$14,"CO6",$E$17:$N$17) + IF(O19>0, SUMPRODUCT(($O$14:$Z$14="CO6")*($O$17:$Z$17)*MOD(COLUMN($O$14:$Z$14)-COLUMN($O$14)+1,2))+ SUMPRODUCT(($P$14:$Z$14="CO6")*($P$17:$Z$17)*MOD(COLUMN($P$14:$Z$14)-COLUMN($P$14)+1,2)) ) -> 0 | AH19: =SUM(AB19:AG19) -> 56 | AI19: =AB19/(SUMIF($E$14:$N$14,"CO1",$E$13:$N$13)+SUMPRODUCT(($O$14:$Z$14="CO1")*($O19:$Z19>0)*($O$13:$Z$13)))*100 -> 70.833333 | AJ19: =AC19/(SUMIF($E$14:$N$14,"CO2",$E$13:$N$13)+SUMPRODUCT(($O$14:$Z$14="CO2")*($O19:$Z19>0)*($O$13:$Z$13)))*100 -> 75 | AK19: =AD19/(SUMIF($E$14:$N$14,"CO3",$E$13:$N$13)+SUMPRODUCT(($O$14:$Z$14="CO3")*($O19:$Z19>0)*($O$13:$Z$13)))*100 -> 45
A20: 4 | B20: ='STUDENT NAMELIST'!B8 -> 211423243009 | C20: ='STUDENT NAMELIST'!C8 -> 2023PEC AI 104 | D20: ='STUDENT NAMELIST'!D8 -> ABITHA R D | E20: 2 | F20: 0 | G20: 0 | H20: 2 | I20: 0 | J20: 0 | K20: 2 | L20: 2 | M20: 1 | N20: 1 | O20: 0 | P20: 11 | Q20: 12 | R20: 0 | S20: 0 | T20: 16 | U20: 0 | V20: 12 | W20: 14 | X20: 0 | AA20: =SUM(E20,F20,G20,H20,I20,J20,K20,L20,M20,N20,O20,P20,Q20,R20,S20,T20,U20,V20,W20,X20,Y20,Z20) -> 75 | AB20: =SUMIF($E$14:$N$14,"CO1",E20:N20)+IF(O20>=0,SUMPRODUCT(($O$14:$Z$14="CO1")*(O20:Z20)*MOD(COLUMN($O$14:$Z$14)-COLUMN($O$14)+1,2))+SUMPRODUCT(($P$14:$Z$14="CO1")*(P20:Z20)*MOD(COLUMN($P$14:$Z$14)-COLUMN($P$14)+1,2))) -> 27 | AC20: =SUMIF($E$14:$N$14,"CO1",F20:O20)+IF(P20>=0,SUMPRODUCT(($O$14:$Z$14="CO1")*(P20:AA20)*MOD(COLUMN($O$14:$Z$14)-COLUMN($O$14)+1,2))+SUMPRODUCT(($P$14:$Z$14="CO1")*(Q20:AA20)*MOD(COLUMN($P$14:$Z$14)-COLUMN($P$14)+1,2))) -> 25 | AD20: =SUMIF($E$14:$N$14,"CO3",E20:N20)+IF(O20>=0, SUMPRODUCT(($O$14:$Z$14="CO3")*(O20:Z20)*MOD(COLUMN($O$14:$Z$14)-COLUMN($O$14)+1,2))+ SUMPRODUCT(($P$14:$Z$14="CO3")*(P20:Z20)*MOD(COLUMN($P$14:$Z$14)-COLUMN($P$14)+1,2))) -> 16 | AE20: =SUMIF($E$14:$N$14,"CO4",$E$17:$N$17) + IF(O20>=0, SUMPRODUCT(($O$14:$Z$14="CO4")*(O20:Z20)*MOD(COLUMN($O$14:$Z$14)-COLUMN($O$14)+1,2))+ SUMPRODUCT(($P$14:$Z$14="CO4")*(P20:Z20)*MOD(COLUMN($P$14:$Z$14)-COLUMN($P$14)+1,2))) -> 0 | AF20: =SUMIF($E$14:$N$14,"CO5",$E$17:$N$17) + IF(O20>=0, SUMPRODUCT(($O$14:$Z$14="CO5")*(O20:Z20)*MOD(COLUMN($O$14:$Z$14)-COLUMN($O$14)+1,2))+ SUMPRODUCT(($P$14:$Z$14="CO5")*(P20:Z20)*MOD(COLUMN($P$14:$Z$14)-COLUMN($P$14)+1,2)) ) -> 0 | AG20: =SUMIF($E$14:$N$14,"CO6",$E$17:$N$17) + IF(O20>0, SUMPRODUCT(($O$14:$Z$14="CO6")*($O$17:$Z$17)*MOD(COLUMN($O$14:$Z$14)-COLUMN($O$14)+1,2))+ SUMPRODUCT(($P$14:$Z$14="CO6")*($P$17:$Z$17)*MOD(COLUMN($P$14:$Z$14)-COLUMN($P$14)+1,2)) ) -> 0 | AH20: =SUM(AB20:AG20) -> 68 | AI20: =AB20/(SUMIF($E$14:$N$14,"CO1",$E$13:$N$13)+SUMPRODUCT(($O$14:$Z$14="CO1")*($O20:$Z20>0)*($O$13:$Z$13)))*100 -> 67.5 | AJ20: =AC20/(SUMIF($E$14:$N$14,"CO2",$E$13:$N$13)+SUMPRODUCT(($O$14:$Z$14="CO2")*($O20:$Z20>0)*($O$13:$Z$13)))*100 -> 62.5 | AK20: =AD20/(SUMIF($E$14:$N$14,"CO3",$E$13:$N$13)+SUMPRODUCT(($O$14:$Z$14="CO3")*($O20:$Z20>0)*($O$13:$Z$13)))*100 -> 80
A21: 5 | B21: ='STUDENT NAMELIST'!B9 -> 211423243011 | C21: ='STUDENT NAMELIST'!C9 -> 2023PEC AI 105 | D21: ='STUDENT NAMELIST'!D9 -> ADELINE JERUSHA AUGUSTINE | E21: 2 | F21: 2 | G21: 0 | H21: 1 | I21: 1 | J21: 2 | K21: 2 | L21: 1 | M21: 0 | N21: 1 | O21: 9 | P21: 0 | Q21: 0 | R21: 16 | S21: 14 | T21: 0 | U21: 16 | V21: 0 | W21: 0 | X21: 13 | AA21: =SUM(E21,F21,G21,H21,I21,J21,K21,L21,M21,N21,O21,P21,Q21,R21,S21,T21,U21,V21,W21,X21,Y21,Z21) -> 80 | AB21: =SUMIF($E$14:$N$14,"CO1",E21:N21)+IF(O21>=0,SUMPRODUCT(($O$14:$Z$14="CO1")*(O21:Z21)*MOD(COLUMN($O$14:$Z$14)-COLUMN($O$14)+1,2))+SUMPRODUCT(($P$14:$Z$14="CO1")*(P21:Z21)*MOD(COLUMN($P$14:$Z$14)-COLUMN($P$14)+1,2))) -> 30 | AC21: =SUMIF($E$14:$N$14,"CO1",F21:O21)+IF(P21>=0,SUMPRODUCT(($O$14:$Z$14="CO1")*(P21:AA21)*MOD(COLUMN($O$14:$Z$14)-COLUMN($O$14)+1,2))+SUMPRODUCT(($P$14:$Z$14="CO1")*(Q21:AA21)*MOD(COLUMN($P$14:$Z$14)-COLUMN($P$14)+1,2))) -> 34 | AD21: =SUMIF($E$14:$N$14,"CO3",E21:N21)+IF(O21>=0, SUMPRODUCT(($O$14:$Z$14="CO3")*(O21:Z21)*MOD(COLUMN($O$14:$Z$14)-COLUMN($O$14)+1,2))+ SUMPRODUCT(($P$14:$Z$14="CO3")*(P21:Z21)*MOD(COLUMN($P$14:$Z$14)-COLUMN($P$14)+1,2))) -> 14 | AE21: =SUMIF($E$14:$N$14,"CO4",$E$17:$N$17) + IF(O21>=0, SUMPRODUCT(($O$14:$Z$14="CO4")*(O21:Z21)*MOD(COLUMN($O$14:$Z$14)-COLUMN($O$14)+1,2))+ SUMPRODUCT(($P$14:$Z$14="CO4")*(P21:Z21)*MOD(COLUMN($P$14:$Z$14)-COLUMN($P$14)+1,2))) -> 0 | AF21: =SUMIF($E$14:$N$14,"CO5",$E$17:$N$17) + IF(O21>=0, SUMPRODUCT(($O$14:$Z$14="CO5")*(O21:Z21)*MOD(COLUMN($O$14:$Z$14)-COLUMN($O$14)+1,2))+ SUMPRODUCT(($P$14:$Z$14="CO5")*(P21:Z21)*MOD(COLUMN($P$14:$Z$14)-COLUMN($P$14)+1,2)) ) -> 0 | AG21: =SUMIF($E$14:$N$14,"CO6",$E$17:$N$17) + IF(O21>0, SUMPRODUCT(($O$14:$Z$14="CO6")*($O$17:$Z$17)*MOD(COLUMN($O$14:$Z$14)-COLUMN($O$14)+1,2))+ SUMPRODUCT(($P$14:$Z$14="CO6")*($P$17:$Z$17)*MOD(COLUMN($P$14:$Z$14)-COLUMN($P$14)+1,2)) ) -> 0 | AH21: =SUM(AB21:AG21) -> 78 | AI21: =AB21/(SUMIF($E$14:$N$14,"CO1",$E$13:$N$13)+SUMPRODUCT(($O$14:$Z$14="CO1")*($O21:$Z21>0)*($O$13:$Z$13)))*100 -> 75 | AJ21: =AC21/(SUMIF($E$14:$N$14,"CO2",$E$13:$N$13)+SUMPRODUCT(($O$14:$Z$14="CO2")*($O21:$Z21>0)*($O$13:$Z$13)))*100 -> 85 | AK21: =AD21/(SUMIF($E$14:$N$14,"CO3",$E$13:$N$13)+SUMPRODUCT(($O$14:$Z$14="CO3")*($O21:$Z21>0)*($O$13:$Z$13)))*100 -> 70
A22: 6 | B22: ='STUDENT NAMELIST'!B10 -> 211423243014 | C22: ='STUDENT NAMELIST'!C10 -> 2023PEC AI 106 | D22: ='STUDENT NAMELIST'!D10 -> AFIFA FATHIMA S | E22: 0 | F22: 1 | G22: 0 | H22: 0 | I22: 2 | J22: 1 | K22: 1 | L22: 1 | M22: 2 | N22: 2 | O22: 0 | P22: 10 | Q22: 16 | R22: 0 | S22: 0 | T22: 10 | U22: 0 | V22: 16 | W22: 15 | X22: 0 | AA22: =SUM(E22,F22,G22,H22,I22,J22,K22,L22,M22,N22,O22,P22,Q22,R22,S22,T22,U22,V22,W22,X22,Y22,Z22) -> 77 | AB22: =SUMIF($E$14:$N$14,"CO1",E22:N22)+IF(O22>=0,SUMPRODUCT(($O$14:$Z$14="CO1")*(O22:Z22)*MOD(COLUMN($O$14:$Z$14)-COLUMN($O$14)+1,2))+SUMPRODUCT(($P$14:$Z$14="CO1")*(P22:Z22)*MOD(COLUMN($P$14:$Z$14)-COLUMN($P$14)+1,2))) -> 27 | AC22: =SUMIF($E$14:$N$14,"CO1",F22:O22)+IF(P22>=0,SUMPRODUCT(($O$14:$Z$14="CO1")*(P22:AA22)*MOD(COLUMN($O$14:$Z$14)-COLUMN($O$14)+1,2))+SUMPRODUCT(($P$14:$Z$14="CO1")*(Q22:AA22)*MOD(COLUMN($P$14:$Z$14)-COLUMN($P$14)+1,2))) -> 29 | AD22: =SUMIF($E$14:$N$14,"CO3",E22:N22)+IF(O22>=0, SUMPRODUCT(($O$14:$Z$14="CO3")*(O22:Z22)*MOD(COLUMN($O$14:$Z$14)-COLUMN($O$14)+1,2))+ SUMPRODUCT(($P$14:$Z$14="CO3")*(P22:Z22)*MOD(COLUMN($P$14:$Z$14)-COLUMN($P$14)+1,2))) -> 19 | AE22: =SUMIF($E$14:$N$14,"CO4",$E$17:$N$17) + IF(O22>=0, SUMPRODUCT(($O$14:$Z$14="CO4")*(O22:Z22)*MOD(COLUMN($O$14:$Z$14)-COLUMN($O$14)+1,2))+ SUMPRODUCT(($P$14:$Z$14="CO4")*(P22:Z22)*MOD(COLUMN($P$14:$Z$14)-COLUMN($P$14)+1,2))) -> 0 | AF22: =SUMIF($E$14:$N$14,"CO5",$E$17:$N$17) + IF(O22>=0, SUMPRODUCT(($O$14:$Z$14="CO5")*(O22:Z22)*MOD(COLUMN($O$14:$Z$14)-COLUMN($O$14)+1,2))+ SUMPRODUCT(($P$14:$Z$14="CO5")*(P22:Z22)*MOD(COLUMN($P$14:$Z$14)-COLUMN($P$14)+1,2)) ) -> 0 | AG22: =SUMIF($E$14:$N$14,"CO6",$E$17:$N$17) + IF(O22>0, SUMPRODUCT(($O$14:$Z$14="CO6")*($O$17:$Z$17)*MOD(COLUMN($O$14:$Z$14)-COLUMN($O$14)+1,2))+ SUMPRODUCT(($P$14:$Z$14="CO6")*($P$17:$Z$17)*MOD(COLUMN($P$14:$Z$14)-COLUMN($P$14)+1,2)) ) -> 0 | AH22: =SUM(AB22:AG22) -> 75 | AI22: =AB22/(SUMIF($E$14:$N$14,"CO1",$E$13:$N$13)+SUMPRODUCT(($O$14:$Z$14="CO1")*($O22:$Z22>0)*($O$13:$Z$13)))*100 -> 67.5 | AJ22: =AC22/(SUMIF($E$14:$N$14,"CO2",$E$13:$N$13)+SUMPRODUCT(($O$14:$Z$14="CO2")*($O22:$Z22>0)*($O$13:$Z$13)))*100 -> 72.5 | AK22: =AD22/(SUMIF($E$14:$N$14,"CO3",$E$13:$N$13)+SUMPRODUCT(($O$14:$Z$14="CO3")*($O22:$Z22>0)*($O$13:$Z$13)))*100 -> 95
A23: 8 | B23: ='STUDENT NAMELIST'!B11 -> 211423243016 | C23: ='STUDENT NAMELIST'!C11 -> 2023PEC AI 107 | D23: ='STUDENT NAMELIST'!D11 -> AFSHAN TAJ F | E23: 1 | F23: 0 | G23: 1 | H23: 2 | I23: 1 | J23: 2 | K23: 1 | L23: 2 | M23: 0 | N23: 1 | O23: 12 | P23: 0 | Q23: 0 | R23: 16 | S23: 14 | T23: 0 | U23: 16 | V23: 0 | W23: 0 | X23: 13 | AA23: =SUM(E23,F23,G23,H23,I23,J23,K23,L23,M23,N23,O23,P23,Q23,R23,S23,T23,U23,V23,W23,X23,Y23,Z23) -> 82 | AB23: =SUMIF($E$14:$N$14,"CO1",E23:N23)+IF(O23>=0,SUMPRODUCT(($O$14:$Z$14="CO1")*(O23:Z23)*MOD(COLUMN($O$14:$Z$14)-COLUMN($O$14)+1,2))+SUMPRODUCT(($P$14:$Z$14="CO1")*(P23:Z23)*MOD(COLUMN($P$14:$Z$14)-COLUMN($P$14)+1,2))) -> 32 | AC23: =SUMIF($E$14:$N$14,"CO1",F23:O23)+IF(P23>=0,SUMPRODUCT(($O$14:$Z$14="CO1")*(P23:AA23)*MOD(COLUMN($O$14:$Z$14)-COLUMN($O$14)+1,2))+SUMPRODUCT(($P$14:$Z$14="CO1")*(Q23:AA23)*MOD(COLUMN($P$14:$Z$14)-COLUMN($P$14)+1,2))) -> 34 | AD23: =SUMIF($E$14:$N$14,"CO3",E23:N23)+IF(O23>=0, SUMPRODUCT(($O$14:$Z$14="CO3")*(O23:Z23)*MOD(COLUMN($O$14:$Z$14)-COLUMN($O$14)+1,2))+ SUMPRODUCT(($P$14:$Z$14="CO3")*(P23:Z23)*MOD(COLUMN($P$14:$Z$14)-COLUMN($P$14)+1,2))) -> 14 | AE23: =SUMIF($E$14:$N$14,"CO4",$E$17:$N$17) + IF(O23>=0, SUMPRODUCT(($O$14:$Z$14="CO4")*(O23:Z23)*MOD(COLUMN($O$14:$Z$14)-COLUMN($O$14)+1,2))+ SUMPRODUCT(($P$14:$Z$14="CO4")*(P23:Z23)*MOD(COLUMN($P$14:$Z$14)-COLUMN($P$14)+1,2))) -> 0 | AF23: =SUMIF($E$14:$N$14,"CO5",$E$17:$N$17) + IF(O23>=0, SUMPRODUCT(($O$14:$Z$14="CO5")*(O23:Z23)*MOD(COLUMN($O$14:$Z$14)-COLUMN($O$14)+1,2))+ SUMPRODUCT(($P$14:$Z$14="CO5")*(P23:Z23)*MOD(COLUMN($P$14:$Z$14)-COLUMN($P$14)+1,2)) ) -> 0 | AG23: =SUMIF($E$14:$N$14,"CO6",$E$17:$N$17) + IF(O23>0, SUMPRODUCT(($O$14:$Z$14="CO6")*($O$17:$Z$17)*MOD(COLUMN($O$14:$Z$14)-COLUMN($O$14)+1,2))+ SUMPRODUCT(($P$14:$Z$14="CO6")*($P$17:$Z$17)*MOD(COLUMN($P$14:$Z$14)-COLUMN($P$14)+1,2)) ) -> 0 | AH23: =SUM(AB23:AG23) -> 80 | AI23: =AB23/(SUMIF($E$14:$N$14,"CO1",$E$13:$N$13)+SUMPRODUCT(($O$14:$Z$14="CO1")*($O23:$Z23>0)*($O$13:$Z$13)))*100 -> 80 | AJ23: =AC23/(SUMIF($E$14:$N$14,"CO2",$E$13:$N$13)+SUMPRODUCT(($O$14:$Z$14="CO2")*($O23:$Z23>0)*($O$13:$Z$13)))*100 -> 85 | AK23: =AD23/(SUMIF($E$14:$N$14,"CO3",$E$13:$N$13)+SUMPRODUCT(($O$14:$Z$14="CO3")*($O23:$Z23>0)*($O$13:$Z$13)))*100 -> 70
A24: 8 | B24: ='STUDENT NAMELIST'!B12 -> 211423243017 | C24: ='STUDENT NAMELIST'!C12 -> 2023PEC AI 108 | D24: ='STUDENT NAMELIST'!D12 -> AISHWARYA P | E24: 2 | F24: 0 | G24: 2 | H24: 2 | I24: 1 | J24: 1 | K24: 2 | L24: 1 | M24: 0 | N24: 2 | O24: 0 | P24: 10 | Q24: 16 | R24: 0 | S24: 0 | T24: 10 | U24: 0 | V24: 16 | W24: 15 | X24: 0 | AA24: =SUM(E24,F24,G24,H24,I24,J24,K24,L24,M24,N24,O24,P24,Q24,R24,S24,T24,U24,V24,W24,X24,Y24,Z24) -> 80 | AB24: =SUMIF($E$14:$N$14,"CO1",E24:N24)+IF(O24>=0,SUMPRODUCT(($O$14:$Z$14="CO1")*(O24:Z24)*MOD(COLUMN($O$14:$Z$14)-COLUMN($O$14)+1,2))+SUMPRODUCT(($P$14:$Z$14="CO1")*(P24:Z24)*MOD(COLUMN($P$14:$Z$14)-COLUMN($P$14)+1,2))) -> 32 | AC24: =SUMIF($E$14:$N$14,"CO1",F24:O24)+IF(P24>=0,SUMPRODUCT(($O$14:$Z$14="CO1")*(P24:AA24)*MOD(COLUMN($O$14:$Z$14)-COLUMN($O$14)+1,2))+SUMPRODUCT(($P$14:$Z$14="CO1")*(Q24:AA24)*MOD(COLUMN($P$14:$Z$14)-COLUMN($P$14)+1,2))) -> 31 | AD24: =SUMIF($E$14:$N$14,"CO3",E24:N24)+IF(O24>=0, SUMPRODUCT(($O$14:$Z$14="CO3")*(O24:Z24)*MOD(COLUMN($O$14:$Z$14)-COLUMN($O$14)+1,2))+ SUMPRODUCT(($P$14:$Z$14="CO3")*(P24:Z24)*MOD(COLUMN($P$14:$Z$14)-COLUMN($P$14)+1,2))) -> 17 | AE24: =SUMIF($E$14:$N$14,"CO4",$E$17:$N$17) + IF(O24>=0, SUMPRODUCT(($O$14:$Z$14="CO4")*(O24:Z24)*MOD(COLUMN($O$14:$Z$14)-COLUMN($O$14)+1,2))+ SUMPRODUCT(($P$14:$Z$14="CO4")*(P24:Z24)*MOD(COLUMN($P$14:$Z$14)-COLUMN($P$14)+1,2))) -> 0 | AF24: 0 | AG24: =SUMIF($E$14:$N$14,"CO6",$E$17:$N$17) + IF(O24>0, SUMPRODUCT(($O$14:$Z$14="CO6")*($O$17:$Z$17)*MOD(COLUMN($O$14:$Z$14)-COLUMN($O$14)+1,2))+ SUMPRODUCT(($P$14:$Z$14="CO6")*($P$17:$Z$17)*MOD(COLUMN($P$14:$Z$14)-COLUMN($P$14)+1,2)) ) -> 0 | AH24: =SUM(AB24:AG24) -> 80 | AI24: =AB24/(SUMIF($E$14:$N$14,"CO1",$E$13:$N$13)+SUMPRODUCT(($O$14:$Z$14="CO1")*($O24:$Z24>0)*($O$13:$Z$13)))*100 -> 80 | AJ24: =AC24/(SUMIF($E$14:$N$14,"CO2",$E$13:$N$13)+SUMPRODUCT(($O$14:$Z$14="CO2")*($O24:$Z24>0)*($O$13:$Z$13)))*100 -> 77.5 | AK24: =AD24/(SUMIF($E$14:$N$14,"CO3",$E$13:$N$13)+SUMPRODUCT(($O$14:$Z$14="CO3")*($O24:$Z24>0)*($O$13:$Z$13)))*100 -> 85
A25: 9 | B25: ='STUDENT NAMELIST'!B13 -> 211423243022 | C25: ='STUDENT NAMELIST'!C13 -> 2023PEC AI 109 | D25: ='STUDENT NAMELIST'!D13 -> AKSHAYA SAKTHI G | E25: 1 | F25: 1 | G25: 1 | H25: 2 | I25: 0 | J25: 1 | K25: 1 | L25: 2 | M25: 0 | N25: 0 | O25: 13 | P25: 0 | Q25: 0 | R25: 16 | S25: 14 | T25: 0 | U25: 16 | V25: 0 | W25: 0 | X25: 13 | AA25: =SUM(E25,F25,G25,H25,I25,J25,K25,L25,M25,N25,O25,P25,Q25,R25,S25,T25,U25,V25,W25,X25,Y25,Z25) -> 81 | AB25: =SUMIF($E$14:$N$14,"CO1",E25:N25)+IF(O25>=0,SUMPRODUCT(($O$14:$Z$14="CO1")*(O25:Z25)*MOD(COLUMN($O$14:$Z$14)-COLUMN($O$14)+1,2))+SUMPRODUCT(($P$14:$Z$14="CO1")*(P25:Z25)*MOD(COLUMN($P$14:$Z$14)-COLUMN($P$14)+1,2))) -> 34 | AC25: =SUMIF($E$14:$N$14,"CO1",F25:O25)+IF(P25>=0,SUMPRODUCT(($O$14:$Z$14="CO1")*(P25:AA25)*MOD(COLUMN($O$14:$Z$14)-COLUMN($O$14)+1,2))+SUMPRODUCT(($P$14:$Z$14="CO1")*(Q25:AA25)*MOD(COLUMN($P$14:$Z$14)-COLUMN($P$14)+1,2))) -> 34 | AD25: =SUMIF($E$14:$N$14,"CO3",E25:N25)+IF(O25>=0, SUMPRODUCT(($O$14:$Z$14="CO3")*(O25:Z25)*MOD(COLUMN($O$14:$Z$14)-COLUMN($O$14)+1,2))+ SUMPRODUCT(($P$14:$Z$14="CO3")*(P25:Z25)*MOD(COLUMN($P$14:$Z$14)-COLUMN($P$14)+1,2))) -> 13 | AE25: =SUMIF($E$14:$N$14,"CO4",$E$17:$N$17) + IF(O25>=0, SUMPRODUCT(($O$14:$Z$14="CO4")*(O25:Z25)*MOD(COLUMN($O$14:$Z$14)-COLUMN($O$14)+1,2))+ SUMPRODUCT(($P$14:$Z$14="CO4")*(P25:Z25)*MOD(COLUMN($P$14:$Z$14)-COLUMN($P$14)+1,2))) -> 0 | AF25: =SUMIF($E$14:$N$14,"CO5",$E$17:$N$17) + IF(O25>=0, SUMPRODUCT(($O$14:$Z$14="CO5")*(O25:Z25)*MOD(COLUMN($O$14:$Z$14)-COLUMN($O$14)+1,2))+ SUMPRODUCT(($P$14:$Z$14="CO5")*(P25:Z25)*MOD(COLUMN($P$14:$Z$14)-COLUMN($P$14)+1,2)) ) -> 0 | AG25: =SUMIF($E$14:$N$14,"CO6",$E$17:$N$17) + IF(O25>0, SUMPRODUCT(($O$14:$Z$14="CO6")*($O$17:$Z$17)*MOD(COLUMN($O$14:$Z$14)-COLUMN($O$14)+1,2))+ SUMPRODUCT(($P$14:$Z$14="CO6")*($P$17:$Z$17)*MOD(COLUMN($P$14:$Z$14)-COLUMN($P$14)+1,2)) ) -> 0 | AH25: =SUM(AB25:AG25) -> 81 | AI25: =AB25/(SUMIF($E$14:$N$14,"CO1",$E$13:$N$13)+SUMPRODUCT(($O$14:$Z$14="CO1")*($O25:$Z25>0)*($O$13:$Z$13)))*100 -> 85 | AJ25: =AC25/(SUMIF($E$14:$N$14,"CO2",$E$13:$N$13)+SUMPRODUCT(($O$14:$Z$14="CO2")*($O25:$Z25>0)*($O$13:$Z$13)))*100 -> 85 | AK25: =AD25/(SUMIF($E$14:$N$14,"CO3",$E$13:$N$13)+SUMPRODUCT(($O$14:$Z$14="CO3")*($O25:$Z25>0)*($O$13:$Z$13)))*100 -> 65
A26: 10 | B26: ='STUDENT NAMELIST'!B14 -> 211423243025 | C26: ='STUDENT NAMELIST'!C14 -> 2023PEC AI 110 | D26: ='STUDENT NAMELIST'!D14 -> AMIRTHA A | E26: 0 | F26: 2 | G26: 0 | H26: 0 | I26: 2 | J26: 1 | K26: 1 | L26: 1 | M26: 1 | N26: 1 | P26: 11 | R26: 14 | T26: 14 | V26: 16 | W26: 14 | AA26: =SUM(E26,F26,G26,H26,I26,J26,K26,L26,M26,N26,O26,P26,Q26,R26,S26,T26,U26,V26,W26,X26,Y26,Z26) -> 78 | AB26: =SUMIF($E$14:$N$14,"CO1",E26:N26)+IF(O26>=0,SUMPRODUCT(($O$14:$Z$14="CO1")*(O26:Z26)*MOD(COLUMN($O$14:$Z$14)-COLUMN($O$14)+1,2))+SUMPRODUCT(($P$14:$Z$14="CO1")*(P26:Z26)*MOD(COLUMN($P$14:$Z$14)-COLUMN($P$14)+1,2))) -> 27 | AC26: =SUMIF($E$14:$N$14,"CO1",F26:O26)+IF(P26>=0,SUMPRODUCT(($O$14:$Z$14="CO1")*(P26:AA26)*MOD(COLUMN($O$14:$Z$14)-COLUMN($O$14)+1,2))+SUMPRODUCT(($P$14:$Z$14="CO1")*(Q26:AA26)*MOD(COLUMN($P$14:$Z$14)-COLUMN($P$14)+1,2))) -> 29 | AD26: =SUMIF($E$14:$N$14,"CO3",E26:N26)+IF(O26>=0, SUMPRODUCT(($O$14:$Z$14="CO3")*(O26:Z26)*MOD(COLUMN($O$14:$Z$14)-COLUMN($O$14)+1,2))+ SUMPRODUCT(($P$14:$Z$14="CO3")*(P26:Z26)*MOD(COLUMN($P$14:$Z$14)-COLUMN($P$14)+1,2))) -> 16 | AE26: =SUMIF($E$14:$N$14,"CO4",$E$17:$N$17) + IF(O26>=0, SUMPRODUCT(($O$14:$Z$14="CO4")*(O26:Z26)*MOD(COLUMN($O$14:$Z$14)-COLUMN($O$14)+1,2))+ SUMPRODUCT(($P$14:$Z$14="CO4")*(P26:Z26)*MOD(COLUMN($P$14:$Z$14)-COLUMN($P$14)+1,2))) -> 0 | AF26: =SUMIF($E$14:$N$14,"CO5",$E$17:$N$17) + IF(O26>=0, SUMPRODUCT(($O$14:$Z$14="CO5")*(O26:Z26)*MOD(COLUMN($O$14:$Z$14)-COLUMN($O$14)+1,2))+ SUMPRODUCT(($P$14:$Z$14="CO5")*(P26:Z26)*MOD(COLUMN($P$14:$Z$14)-COLUMN($P$14)+1,2)) ) -> 0 | AG26: =SUMIF($E$14:$N$14,"CO6",$E$17:$N$17) + IF(O26>0, SUMPRODUCT(($O$14:$Z$14="CO6")*($O$17:$Z$17)*MOD(COLUMN($O$14:$Z$14)-COLUMN($O$14)+1,2))+ SUMPRODUCT(($P$14:$Z$14="CO6")*($P$17:$Z$17)*MOD(COLUMN($P$14:$Z$14)-COLUMN($P$14)+1,2)) ) -> 0 | AH26: =SUM(AB26:AG26) -> 72 | AI26: =AB26/(SUMIF($E$14:$N$14,"CO1",$E$13:$N$13)+SUMPRODUCT(($O$14:$Z$14="CO1")*($O26:$Z26>0)*($O$13:$Z$13)))*100 -> 67.5 | AJ26: =AC26/(SUMIF($E$14:$N$14,"CO2",$E$13:$N$13)+SUMPRODUCT(($O$14:$Z$14="CO2")*($O26:$Z26>0)*($O$13:$Z$13)))*100 -> 72.5 | AK26: =AD26/(SUMIF($E$14:$N$14,"CO3",$E$13:$N$13)+SUMPRODUCT(($O$14:$Z$14="CO3")*($O26:$Z26>0)*($O$13:$Z$13)))*100 -> 80
A27: 13 | B27: ='STUDENT NAMELIST'!B15 -> 211423243033 | C27: ='STUDENT NAMELIST'!C15 -> 2023PEC AI 111 | D27: ='STUDENT NAMELIST'!D15 -> ANTONY AMALA TRINITA J | E27: 1 | F27: 1 | G27: 0 | H27: 1 | I27: 2 | J27: 0 | K27: 1 | L27: 2 | M27: 1 | N27: 2 | O27: 15 | Q27: 14 | T27: 16 | V27: 16 | X27: 16 | AA27: =SUM(E27,F27,G27,H27,I27,J27,K27,L27,M27,N27,O27,P27,Q27,R27,S27,T27,U27,V27,W27,X27,Y27,Z27) -> 88 | AB27: =SUMIF($E$14:$N$14,"CO1",E27:N27)+IF(O27>=0,SUMPRODUCT(($O$14:$Z$14="CO1")*(O27:Z27)*MOD(COLUMN($O$14:$Z$14)-COLUMN($O$14)+1,2))+SUMPRODUCT(($P$14:$Z$14="CO1")*(P27:Z27)*MOD(COLUMN($P$14:$Z$14)-COLUMN($P$14)+1,2))) -> 32 | AC27: =SUMIF($E$14:$N$14,"CO1",F27:O27)+IF(P27>=0,SUMPRODUCT(($O$14:$Z$14="CO1")*(P27:AA27)*MOD(COLUMN($O$14:$Z$14)-COLUMN($O$14)+1,2))+SUMPRODUCT(($P$14:$Z$14="CO1")*(Q27:AA27)*MOD(COLUMN($P$14:$Z$14)-COLUMN($P$14)+1,2))) -> 18 | AD27: =SUMIF($E$14:$N$14,"CO3",E27:N27)+IF(O27>=0, SUMPRODUCT(($O$14:$Z$14="CO3")*(O27:Z27)*MOD(COLUMN($O$14:$Z$14)-COLUMN($O$14)+1,2))+ SUMPRODUCT(($P$14:$Z$14="CO3")*(P27:Z27)*MOD(COLUMN($P$14:$Z$14)-COLUMN($P$14)+1,2))) -> 19 | AE27: =SUMIF($E$14:$N$14,"CO4",$E$17:$N$17) + IF(O27>=0, SUMPRODUCT(($O$14:$Z$14="CO4")*(O27:Z27)*MOD(COLUMN($O$14:$Z$14)-COLUMN($O$14)+1,2))+ SUMPRODUCT(($P$14:$Z$14="CO4")*(P27:Z27)*MOD(COLUMN($P$14:$Z$14)-COLUMN($P$14)+1,2))) -> 0 | AF27: =SUMIF($E$14:$N$14,"CO5",$E$17:$N$17) + IF(O27>=0, SUMPRODUCT(($O$14:$Z$14="CO5")*(O27:Z27)*MOD(COLUMN($O$14:$Z$14)-COLUMN($O$14)+1,2))+ SUMPRODUCT(($P$14:$Z$14="CO5")*(P27:Z27)*MOD(COLUMN($P$14:$Z$14)-COLUMN($P$14)+1,2)) ) -> 0 | AG27: =SUMIF($E$14:$N$14,"CO6",$E$17:$N$17) + IF(O27>0, SUMPRODUCT(($O$14:$Z$14="CO6")*($O$17:$Z$17)*MOD(COLUMN($O$14:$Z$14)-COLUMN($O$14)+1,2))+ SUMPRODUCT(($P$14:$Z$14="CO6")*($P$17:$Z$17)*MOD(COLUMN($P$14:$Z$14)-COLUMN($P$14)+1,2)) ) -> 0 | AH27: =SUM(AB27:AG27) -> 69 | AI27: =AB27/(SUMIF($E$14:$N$14,"CO1",$E$13:$N$13)+SUMPRODUCT(($O$14:$Z$14="CO1")*($O27:$Z27>0)*($O$13:$Z$13)))*100 -> 80 | AJ27: =AC27/(SUMIF($E$14:$N$14,"CO2",$E$13:$N$13)+SUMPRODUCT(($O$14:$Z$14="CO2")*($O27:$Z27>0)*($O$13:$Z$13)))*100 -> 45 | AK27: =AD27/(SUMIF($E$14:$N$14,"CO3",$E$13:$N$13)+SUMPRODUCT(($O$14:$Z$14="CO3")*($O27:$Z27>0)*($O$13:$Z$13)))*100 -> 95
A28: 14 | B28: ='STUDENT NAMELIST'!B16 -> 211423243041 | C28: ='STUDENT NAMELIST'!C16 -> 2023PEC AI 112 | D28: ='STUDENT NAMELIST'!D16 -> ARSHIYA ROSELINE P | E28: 0 | F28: 0 | G28: 2 | H28: 0 | I28: 2 | J28: 1 | K28: 2 | L28: 0 | M28: 0 | N28: 0 | P28: 15 | R28: 16 | T28: 12 | U28: 16 | W28: 16 | AA28: =SUM(E28,F28,G28,H28,I28,J28,K28,L28,M28,N28,O28,P28,Q28,R28,S28,T28,U28,V28,W28,X28,Y28,Z28) -> 82 | AB28: =SUMIF($E$14:$N$14,"CO1",E28:N28)+IF(O28>=0,SUMPRODUCT(($O$14:$Z$14="CO1")*(O28:Z28)*MOD(COLUMN($O$14:$Z$14)-COLUMN($O$14)+1,2))+SUMPRODUCT(($P$14:$Z$14="CO1")*(P28:Z28)*MOD(COLUMN($P$14:$Z$14)-COLUMN($P$14)+1,2))) -> 33 | AC28: =SUMIF($E$14:$N$14,"CO1",F28:O28)+IF(P28>=0,SUMPRODUCT(($O$14:$Z$14="CO1")*(P28:AA28)*MOD(COLUMN($O$14:$Z$14)-COLUMN($O$14)+1,2))+SUMPRODUCT(($P$14:$Z$14="CO1")*(Q28:AA28)*MOD(COLUMN($P$14:$Z$14)-COLUMN($P$14)+1,2))) -> 35 | AD28: =SUMIF($E$14:$N$14,"CO3",E28:N28)+IF(O28>=0, SUMPRODUCT(($O$14:$Z$14="CO3")*(O28:Z28)*MOD(COLUMN($O$14:$Z$14)-COLUMN($O$14)+1,2))+ SUMPRODUCT(($P$14:$Z$14="CO3")*(P28:Z28)*MOD(COLUMN($P$14:$Z$14)-COLUMN($P$14)+1,2))) -> 16 | AE28: =SUMIF($E$14:$N$14,"CO4",$E$17:$N$17) + IF(O28>=0, SUMPRODUCT(($O$14:$Z$14="CO4")*(O28:Z28)*MOD(COLUMN($O$14:$Z$14)-COLUMN($O$14)+1,2))+ SUMPRODUCT(($P$14:$Z$14="CO4")*(P28:Z28)*MOD(COLUMN($P$14:$Z$14)-COLUMN($P$14)+1,2))) -> 0 | AF28: =SUMIF($E$14:$N$14,"CO5",$E$17:$N$17) + IF(O28>=0, SUMPRODUCT(($O$14:$Z$14="CO5")*(O28:Z28)*MOD(COLUMN($O$14:$Z$14)-COLUMN($O$14)+1,2))+ SUMPRODUCT(($P$14:$Z$14="CO5")*(P28:Z28)*MOD(COLUMN($P$14:$Z$14)-COLUMN($P$14)+1,2)) ) -> 0 | AG28: =SUMIF($E$14:$N$14,"CO6",$E$17:$N$17) + IF(O28>0, SUMPRODUCT(($O$14:$Z$14="CO6")*($O$17:$Z$17)*MOD(COLUMN($O$14:$Z$14)-COLUMN($O$14)+1,2))+ SUMPRODUCT(($P$14:$Z$14="CO6")*($P$17:$Z$17)*MOD(COLUMN($P$14:$Z$14)-COLUMN($P$14)+1,2)) ) -> 0 | AH28: =SUM(AB28:AG28) -> 84 | AI28: =AB28/(SUMIF($E$14:$N$14,"CO1",$E$13:$N$13)+SUMPRODUCT(($O$14:$Z$14="CO1")*($O28:$Z28>0)*($O$13:$Z$13)))*100 -> 82.5 | AJ28: =AC28/(SUMIF($E$14:$N$14,"CO2",$E$13:$N$13)+SUMPRODUCT(($O$14:$Z$14="CO2")*($O28:$Z28>0)*($O$13:$Z$13)))*100 -> 87.5 | AK28: =AD28/(SUMIF($E$14:$N$14,"CO3",$E$13:$N$13)+SUMPRODUCT(($O$14:$Z$14="CO3")*($O28:$Z28>0)*($O$13:$Z$13)))*100 -> 80
A29: 16 | B29: ='STUDENT NAMELIST'!B17 -> 211423243042 | C29: ='STUDENT NAMELIST'!C17 -> 2023PEC AI 113 | D29: ='STUDENT NAMELIST'!D17 -> ARTHI B | E29: 2 | F29: 2 | G29: 0 | H29: 1 | I29: 0 | J29: 0 | K29: 1 | L29: 1 | M29: 2 | N29: 1 | O29: 16 | P29: 0 | Q29: 0 | R29: 16 | S29: 14 | T29: 0 | U29: 16 | V29: 0 | W29: 0 | X29: 13 | AA29: =SUM(E29,F29,G29,H29,I29,J29,K29,L29,M29,N29,O29,P29,Q29,R29,S29,T29,U29,V29,W29,X29,Y29,Z29) -> 85 | AB29: =SUMIF($E$14:$N$14,"CO1",E29:N29)+IF(O29>=0,SUMPRODUCT(($O$14:$Z$14="CO1")*(O29:Z29)*MOD(COLUMN($O$14:$Z$14)-COLUMN($O$14)+1,2))+SUMPRODUCT(($P$14:$Z$14="CO1")*(P29:Z29)*MOD(COLUMN($P$14:$Z$14)-COLUMN($P$14)+1,2))) -> 37 | AC29: =SUMIF($E$14:$N$14,"CO1",F29:O29)+IF(P29>=0,SUMPRODUCT(($O$14:$Z$14="CO1")*(P29:AA29)*MOD(COLUMN($O$14:$Z$14)-COLUMN($O$14)+1,2))+SUMPRODUCT(($P$14:$Z$14="CO1")*(Q29:AA29)*MOD(COLUMN($P$14:$Z$14)-COLUMN($P$14)+1,2))) -> 33 | AD29: =SUMIF($E$14:$N$14,"CO3",E29:N29)+IF(O29>=0, SUMPRODUCT(($O$14:$Z$14="CO3")*(O29:Z29)*MOD(COLUMN($O$14:$Z$14)-COLUMN($O$14)+1,2))+ SUMPRODUCT(($P$14:$Z$14="CO3")*(P29:Z29)*MOD(COLUMN($P$14:$Z$14)-COLUMN($P$14)+1,2))) -> 16 | AE29: =SUMIF($E$14:$N$14,"CO4",$E$17:$N$17) + IF(O29>=0, SUMPRODUCT(($O$14:$Z$14="CO4")*(O29:Z29)*MOD(COLUMN($O$14:$Z$14)-COLUMN($O$14)+1,2))+ SUMPRODUCT(($P$14:$Z$14="CO4")*(P29:Z29)*MOD(COLUMN($P$14:$Z$14)-COLUMN($P$14)+1,2))) -> 0 | AF29: =SUMIF($E$14:$N$14,"CO5",$E$17:$N$17) + IF(O29>=0, SUMPRODUCT(($O$14:$Z$14="CO5")*(O29:Z29)*MOD(COLUMN($O$14:$Z$14)-COLUMN($O$14)+1,2))+ SUMPRODUCT(($P$14:$Z$14="CO5")*(P29:Z29)*MOD(COLUMN($P$14:$Z$14)-COLUMN($P$14)+1,2)) ) -> 0 | AG29: =SUMIF($E$14:$N$14,"CO6",$E$17:$N$17) + IF(O29>0, SUMPRODUCT(($O$14:$Z$14="CO6")*($O$17:$Z$17)*MOD(COLUMN($O$14:$Z$14)-COLUMN($O$14)+1,2))+ SUMPRODUCT(($P$14:$Z$14="CO6")*($P$17:$Z$17)*MOD(COLUMN($P$14:$Z$14)-COLUMN($P$14)+1,2)) ) -> 0 | AH29: =SUM(AB29:AG29) -> 86 | AI29: =AB29/(SUMIF($E$14:$N$14,"CO1",$E$13:$N$13)+SUMPRODUCT(($O$14:$Z$14="CO1")*($O29:$Z29>0)*($O$13:$Z$13)))*100 -> 92.5 | AJ29: =AC29/(SUMIF($E$14:$N$14,"CO2",$E$13:$N$13)+SUMPRODUCT(($O$14:$Z$14="CO2")*($O29:$Z29>0)*($O$13:$Z$13)))*100 -> 82.5 | AK29: =AD29/(SUMIF($E$14:$N$14,"CO3",$E$13:$N$13)+SUMPRODUCT(($O$14:$Z$14="CO3")*($O29:$Z29>0)*($O$13:$Z$13)))*100 -> 80
A30: 14 | B30: ='STUDENT NAMELIST'!B18 -> 211423243044 | C30: ='STUDENT NAMELIST'!C18 -> 2023PEC AI 114 | D30: ='STUDENT NAMELIST'!D18 -> ARUNA S | E30: 1 | F30: 1 | G30: 0 | H30: 0 | I30: 0 | J30: 2 | K30: 0 | L30: 1 | M30: 2 | N30: 2 | O30: 16 | P30: 0 | Q30: 0 | R30: 16 | S30: 14 | T30: 0 | U30: 16 | V30: 0 | W30: 0 | X30: 13 | AA30: =SUM(E30,F30,G30,H30,I30,J30,K30,L30,M30,N30,O30,P30,Q30,R30,S30,T30,U30,V30,W30,X30,Y30,Z30) -> 84 | AB30: =SUMIF($E$14:$N$14,"CO1",E30:N30)+IF(O30>=0,SUMPRODUCT(($O$14:$Z$14="CO1")*(O30:Z30)*MOD(COLUMN($O$14:$Z$14)-COLUMN($O$14)+1,2))+SUMPRODUCT(($P$14:$Z$14="CO1")*(P30:Z30)*MOD(COLUMN($P$14:$Z$14)-COLUMN($P$14)+1,2))) -> 34 | AC30: =SUMIF($E$14:$N$14,"CO1",F30:O30)+IF(P30>=0,SUMPRODUCT(($O$14:$Z$14="CO1")*(P30:AA30)*MOD(COLUMN($O$14:$Z$14)-COLUMN($O$14)+1,2))+SUMPRODUCT(($P$14:$Z$14="CO1")*(Q30:AA30)*MOD(COLUMN($P$14:$Z$14)-COLUMN($P$14)+1,2))) -> 31 | AD30: =SUMIF($E$14:$N$14,"CO3",E30:N30)+IF(O30>=0, SUMPRODUCT(($O$14:$Z$14="CO3")*(O30:Z30)*MOD(COLUMN($O$14:$Z$14)-COLUMN($O$14)+1,2))+ SUMPRODUCT(($P$14:$Z$14="CO3")*(P30:Z30)*MOD(COLUMN($P$14:$Z$14)-COLUMN($P$14)+1,2))) -> 17 | AE30: =SUMIF($E$14:$N$14,"CO4",$E$17:$N$17) + IF(O30>=0, SUMPRODUCT(($O$14:$Z$14="CO4")*(O30:Z30)*MOD(COLUMN($O$14:$Z$14)-COLUMN($O$14)+1,2))+ SUMPRODUCT(($P$14:$Z$14="CO4")*(P30:Z30)*MOD(COLUMN($P$14:$Z$14)-COLUMN($P$14)+1,2))) -> 0 | AF30: =SUMIF($E$14:$N$14,"CO5",$E$17:$N$17) + IF(O30>=0, SUMPRODUCT(($O$14:$Z$14="CO5")*(O30:Z30)*MOD(COLUMN($O$14:$Z$14)-COLUMN($O$14)+1,2))+ SUMPRODUCT(($P$14:$Z$14="CO5")*(P30:Z30)*MOD(COLUMN($P$14:$Z$14)-COLUMN($P$14)+1,2)) ) -> 0 | AG30: =SUMIF($E$14:$N$14,"CO6",$E$17:$N$17) + IF(O30>0, SUMPRODUCT(($O$14:$Z$14="CO6")*($O$17:$Z$17)*MOD(COLUMN($O$14:$Z$14)-COLUMN($O$14)+1,2))+ SUMPRODUCT(($P$14:$Z$14="CO6")*($P$17:$Z$17)*MOD(COLUMN($P$14:$Z$14)-COLUMN($P$14)+1,2)) ) -> 0 | AH30: =SUM(AB30:AG30) -> 82 | AI30: =AB30/(SUMIF($E$14:$N$14,"CO1",$E$13:$N$13)+SUMPRODUCT(($O$14:$Z$14="CO1")*($O30:$Z30>0)*($O$13:$Z$13)))*100 -> 85 | AJ30: =AC30/(SUMIF($E$14:$N$14,"CO2",$E$13:$N$13)+SUMPRODUCT(($O$14:$Z$14="CO2")*($O30:$Z30>0)*($O$13:$Z$13)))*100 -> 77.5 | AK30: =AD30/(SUMIF($E$14:$N$14,"CO3",$E$13:$N$13)+SUMPRODUCT(($O$14:$Z$14="CO3")*($O30:$Z30>0)*($O$13:$Z$13)))*100 -> 85
A31: 15 | B31: ='STUDENT NAMELIST'!B19 -> 211423243047 | C31: ='STUDENT NAMELIST'!C19 -> 2023PEC AI 115 | D31: ='STUDENT NAMELIST'!D19 -> ASHIKA D | E31: 0 | F31: 0 | G31: 1 | H31: 0 | I31: 0 | J31: 0 | K31: 1 | L31: 0 | M31: 2 | N31: 1 | O31: 14 | Q31: 14 | S31: 14 | U31: 14 | W31: 14 | AA31: =SUM(E31,F31,G31,H31,I31,J31,K31,L31,M31,N31,O31,P31,Q31,R31,S31,T31,U31,V31,W31,X31,Y31,Z31) -> 75 | AB31: =SUMIF($E$14:$N$14,"CO1",E31:N31)+IF(O31>=0,SUMPRODUCT(($O$14:$Z$14="CO1")*(O31:Z31)*MOD(COLUMN($O$14:$Z$14)-COLUMN($O$14)+1,2))+SUMPRODUCT(($P$14:$Z$14="CO1")*(P31:Z31)*MOD(COLUMN($P$14:$Z$14)-COLUMN($P$14)+1,2))) -> 29 | AC31: =SUMIF($E$14:$N$14,"CO1",F31:O31)+IF(P31>=0,SUMPRODUCT(($O$14:$Z$14="CO1")*(P31:AA31)*MOD(COLUMN($O$14:$Z$14)-COLUMN($O$14)+1,2))+SUMPRODUCT(($P$14:$Z$14="CO1")*(Q31:AA31)*MOD(COLUMN($P$14:$Z$14)-COLUMN($P$14)+1,2))) -> 29 | AD31: =SUMIF($E$14:$N$14,"CO3",E31:N31)+IF(O31>=0, SUMPRODUCT(($O$14:$Z$14="CO3")*(O31:Z31)*MOD(COLUMN($O$14:$Z$14)-COLUMN($O$14)+1,2))+ SUMPRODUCT(($P$14:$Z$14="CO3")*(P31:Z31)*MOD(COLUMN($P$14:$Z$14)-COLUMN($P$14)+1,2))) -> 17 | AE31: =SUMIF($E$14:$N$14,"CO4",$E$17:$N$17) + IF(O31>=0, SUMPRODUCT(($O$14:$Z$14="CO4")*(O31:Z31)*MOD(COLUMN($O$14:$Z$14)-COLUMN($O$14)+1,2))+ SUMPRODUCT(($P$14:$Z$14="CO4")*(P31:Z31)*MOD(COLUMN($P$14:$Z$14)-COLUMN($P$14)+1,2))) -> 0 | AF31: =SUMIF($E$14:$N$14,"CO5",$E$17:$N$17) + IF(O31>=0, SUMPRODUCT(($O$14:$Z$14="CO5")*(O31:Z31)*MOD(COLUMN($O$14:$Z$14)-COLUMN($O$14)+1,2))+ SUMPRODUCT(($P$14:$Z$14="CO5")*(P31:Z31)*MOD(COLUMN($P$14:$Z$14)-COLUMN($P$14)+1,2)) ) -> 0 | AG31: =SUMIF($E$14:$N$14,"CO6",$E$17:$N$17) + IF(O31>0, SUMPRODUCT(($O$14:$Z$14="CO6")*($O$17:$Z$17)*MOD(COLUMN($O$14:$Z$14)-COLUMN($O$14)+1,2))+ SUMPRODUCT(($P$14:$Z$14="CO6")*($P$17:$Z$17)*MOD(COLUMN($P$14:$Z$14)-COLUMN($P$14)+1,2)) ) -> 0 | AH31: =SUM(AB31:AG31) -> 75 | AI31: =AB31/(SUMIF($E$14:$N$14,"CO1",$E$13:$N$13)+SUMPRODUCT(($O$14:$Z$14="CO1")*($O31:$Z31>0)*($O$13:$Z$13)))*100 -> 72.5 | AJ31: =AC31/(SUMIF($E$14:$N$14,"CO2",$E$13:$N$13)+SUMPRODUCT(($O$14:$Z$14="CO2")*($O31:$Z31>0)*($O$13:$Z$13)))*100 -> 72.5 | AK31: =AD31/(SUMIF($E$14:$N$14,"CO3",$E$13:$N$13)+SUMPRODUCT(($O$14:$Z$14="CO3")*($O31:$Z31>0)*($O$13:$Z$13)))*100 -> 85
A32: 16 | B32: ='STUDENT NAMELIST'!B20 -> 211423243048 | C32: ='STUDENT NAMELIST'!C20 -> 2023PEC AI 116 | D32: ='STUDENT NAMELIST'!D20 -> ASHIKHA P | E32: 1 | F32: 2 | G32: 2 | H32: 0 | I32: 2 | J32: 2 | K32: 0 | L32: 0 | M32: 1 | N32: 2 | O32: 16 | P32: 0 | Q32: 0 | R32: 16 | S32: 14 | T32: 0 | U32: 16 | V32: 0 | W32: 0 | X32: 13 | AA32: =SUM(E32,F32,G32,H32,I32,J32,K32,L32,M32,N32,O32,P32,Q32,R32,S32,T32,U32,V32,W32,X32,Y32,Z32) -> 87 | AB32: =SUMIF($E$14:$N$14,"CO1",E32:N32)+IF(O32>=0,SUMPRODUCT(($O$14:$Z$14="CO1")*(O32:Z32)*MOD(COLUMN($O$14:$Z$14)-COLUMN($O$14)+1,2))+SUMPRODUCT(($P$14:$Z$14="CO1")*(P32:Z32)*MOD(COLUMN($P$14:$Z$14)-COLUMN($P$14)+1,2))) -> 37 | AC32: =SUMIF($E$14:$N$14,"CO1",F32:O32)+IF(P32>=0,SUMPRODUCT(($O$14:$Z$14="CO1")*(P32:AA32)*MOD(COLUMN($O$14:$Z$14)-COLUMN($O$14)+1,2))+SUMPRODUCT(($P$14:$Z$14="CO1")*(Q32:AA32)*MOD(COLUMN($P$14:$Z$14)-COLUMN($P$14)+1,2))) -> 36 | AD32: =SUMIF($E$14:$N$14,"CO3",E32:N32)+IF(O32>=0, SUMPRODUCT(($O$14:$Z$14="CO3")*(O32:Z32)*MOD(COLUMN($O$14:$Z$14)-COLUMN($O$14)+1,2))+ SUMPRODUCT(($P$14:$Z$14="CO3")*(P32:Z32)*MOD(COLUMN($P$14:$Z$14)-COLUMN($P$14)+1,2))) -> 16 | AE32: =SUMIF($E$14:$N$14,"CO4",$E$17:$N$17) + IF(O32>=0, SUMPRODUCT(($O$14:$Z$14="CO4")*(O32:Z32)*MOD(COLUMN($O$14:$Z$14)-COLUMN($O$14)+1,2))+ SUMPRODUCT(($P$14:$Z$14="CO4")*(P32:Z32)*MOD(COLUMN($P$14:$Z$14)-COLUMN($P$14)+1,2))) -> 0 | AF32: =SUMIF($E$14:$N$14,"CO5",$E$17:$N$17) + IF(O32>=0, SUMPRODUCT(($O$14:$Z$14="CO5")*(O32:Z32)*MOD(COLUMN($O$14:$Z$14)-COLUMN($O$14)+1,2))+ SUMPRODUCT(($P$14:$Z$14="CO5")*(P32:Z32)*MOD(COLUMN($P$14:$Z$14)-COLUMN($P$14)+1,2)) ) -> 0 | AG32: =SUMIF($E$14:$N$14,"CO6",$E$17:$N$17) + IF(O32>0, SUMPRODUCT(($O$14:$Z$14="CO6")*($O$17:$Z$17)*MOD(COLUMN($O$14:$Z$14)-COLUMN($O$14)+1,2))+ SUMPRODUCT(($P$14:$Z$14="CO6")*($P$17:$Z$17)*MOD(COLUMN($P$14:$Z$14)-COLUMN($P$14)+1,2)) ) -> 0 | AH32: =SUM(AB32:AG32) -> 89 | AI32: =AB32/(SUMIF($E$14:$N$14,"CO1",$E$13:$N$13)+SUMPRODUCT(($O$14:$Z$14="CO1")*($O32:$Z32>0)*($O$13:$Z$13)))*100 -> 92.5 | AJ32: =AC32/(SUMIF($E$14:$N$14,"CO2",$E$13:$N$13)+SUMPRODUCT(($O$14:$Z$14="CO2")*($O32:$Z32>0)*($O$13:$Z$13)))*100 -> 90 | AK32: =AD32/(SUMIF($E$14:$N$14,"CO3",$E$13:$N$13)+SUMPRODUCT(($O$14:$Z$14="CO3")*($O32:$Z32>0)*($O$13:$Z$13)))*100 -> 80
A33: 18 | B33: ='STUDENT NAMELIST'!B21 -> 211423243049 | C33: ='STUDENT NAMELIST'!C21 -> 2023PEC AI 117 | D33: ='STUDENT NAMELIST'!D21 -> ASHIN LATHIKA E J | E33: 2 | F33: 1 | G33: 2 | H33: 0 | I33: 0 | J33: 2 | K33: 1 | L33: 2 | M33: 0 | N33: 0 | O33: 16 | P33: 0 | Q33: 0 | R33: 16 | S33: 14 | T33: 0 | U33: 16 | V33: 0 | W33: 0 | X33: 13 | AA33: =SUM(E33,F33,G33,H33,I33,J33,K33,L33,M33,N33,O33,P33,Q33,R33,S33,T33,U33,V33,W33,X33,Y33,Z33) -> 85 | AB33: =SUMIF($E$14:$N$14,"CO1",E33:N33)+IF(O33>=0,SUMPRODUCT(($O$14:$Z$14="CO1")*(O33:Z33)*MOD(COLUMN($O$14:$Z$14)-COLUMN($O$14)+1,2))+SUMPRODUCT(($P$14:$Z$14="CO1")*(P33:Z33)*MOD(COLUMN($P$14:$Z$14)-COLUMN($P$14)+1,2))) -> 37 | AC33: =SUMIF($E$14:$N$14,"CO1",F33:O33)+IF(P33>=0,SUMPRODUCT(($O$14:$Z$14="CO1")*(P33:AA33)*MOD(COLUMN($O$14:$Z$14)-COLUMN($O$14)+1,2))+SUMPRODUCT(($P$14:$Z$14="CO1")*(Q33:AA33)*MOD(COLUMN($P$14:$Z$14)-COLUMN($P$14)+1,2))) -> 33 | AD33: =SUMIF($E$14:$N$14,"CO3",E33:N33)+IF(O33>=0, SUMPRODUCT(($O$14:$Z$14="CO3")*(O33:Z33)*MOD(COLUMN($O$14:$Z$14)-COLUMN($O$14)+1,2))+ SUMPRODUCT(($P$14:$Z$14="CO3")*(P33:Z33)*MOD(COLUMN($P$14:$Z$14)-COLUMN($P$14)+1,2))) -> 13 | AE33: =SUMIF($E$14:$N$14,"CO4",$E$17:$N$17) + IF(O33>=0, SUMPRODUCT(($O$14:$Z$14="CO4")*(O33:Z33)*MOD(COLUMN($O$14:$Z$14)-COLUMN($O$14)+1,2))+ SUMPRODUCT(($P$14:$Z$14="CO4")*(P33:Z33)*MOD(COLUMN($P$14:$Z$14)-COLUMN($P$14)+1,2))) -> 0 | AF33: =SUMIF($E$14:$N$14,"CO5",$E$17:$N$17) + IF(O33>=0, SUMPRODUCT(($O$14:$Z$14="CO5")*(O33:Z33)*MOD(COLUMN($O$14:$Z$14)-COLUMN($O$14)+1,2))+ SUMPRODUCT(($P$14:$Z$14="CO5")*(P33:Z33)*MOD(COLUMN($P$14:$Z$14)-COLUMN($P$14)+1,2)) ) -> 0 | AG33: =SUMIF($E$14:$N$14,"CO6",$E$17:$N$17) + IF(O33>0, SUMPRODUCT(($O$14:$Z$14="CO6")*($O$17:$Z$17)*MOD(COLUMN($O$14:$Z$14)-COLUMN($O$14)+1,2))+ SUMPRODUCT(($P$14:$Z$14="CO6")*($P$17:$Z$17)*MOD(COLUMN($P$14:$Z$14)-COLUMN($P$14)+1,2)) ) -> 0 | AH33: =SUM(AB33:AG33) -> 83 | AI33: =AB33/(SUMIF($E$14:$N$14,"CO1",$E$13:$N$13)+SUMPRODUCT(($O$14:$Z$14="CO1")*($O33:$Z33>0)*($O$13:$Z$13)))*100 -> 92.5 | AJ33: =AC33/(SUMIF($E$14:$N$14,"CO2",$E$13:$N$13)+SUMPRODUCT(($O$14:$Z$14="CO2")*($O33:$Z33>0)*($O$13:$Z$13)))*100 -> 82.5 | AK33: =AD33/(SUMIF($E$14:$N$14,"CO3",$E$13:$N$13)+SUMPRODUCT(($O$14:$Z$14="CO3")*($O33:$Z33>0)*($O$13:$Z$13)))*100 -> 65
A34: 18 | B34: ='STUDENT NAMELIST'!B22 -> 211423243050 | C34: ='STUDENT NAMELIST'!C22 -> 2023PEC AI 118 | D34: ='STUDENT NAMELIST'!D22 -> ASHVITHA R | E34: 1 | F34: 2 | G34: 1 | H34: 0 | I34: 0 | J34: 0 | K34: 1 | L34: 1 | M34: 1 | N34: 1 | O34: 14 | Q34: 14 | S34: 14 | U34: 14 | W34: 14 | AA34: =SUM(E34,F34,G34,H34,I34,J34,K34,L34,M34,N34,O34,P34,Q34,R34,S34,T34,U34,V34,W34,X34,Y34,Z34) -> 78 | AB34: =SUMIF($E$14:$N$14,"CO1",E34:N34)+IF(O34>=0,SUMPRODUCT(($O$14:$Z$14="CO1")*(O34:Z34)*MOD(COLUMN($O$14:$Z$14)-COLUMN($O$14)+1,2))+SUMPRODUCT(($P$14:$Z$14="CO1")*(P34:Z34)*MOD(COLUMN($P$14:$Z$14)-COLUMN($P$14)+1,2))) -> 32 | AC34: =SUMIF($E$14:$N$14,"CO1",F34:O34)+IF(P34>=0,SUMPRODUCT(($O$14:$Z$14="CO1")*(P34:AA34)*MOD(COLUMN($O$14:$Z$14)-COLUMN($O$14)+1,2))+SUMPRODUCT(($P$14:$Z$14="CO1")*(Q34:AA34)*MOD(COLUMN($P$14:$Z$14)-COLUMN($P$14)+1,2))) -> 31 | AD34: =SUMIF($E$14:$N$14,"CO3",E34:N34)+IF(O34>=0, SUMPRODUCT(($O$14:$Z$14="CO3")*(O34:Z34)*MOD(COLUMN($O$14:$Z$14)-COLUMN($O$14)+1,2))+ SUMPRODUCT(($P$14:$Z$14="CO3")*(P34:Z34)*MOD(COLUMN($P$14:$Z$14)-COLUMN($P$14)+1,2))) -> 16 | AE34: =SUMIF($E$14:$N$14,"CO4",$E$17:$N$17) + IF(O34>=0, SUMPRODUCT(($O$14:$Z$14="CO4")*(O34:Z34)*MOD(COLUMN($O$14:$Z$14)-COLUMN($O$14)+1,2))+ SUMPRODUCT(($P$14:$Z$14="CO4")*(P34:Z34)*MOD(COLUMN($P$14:$Z$14)-COLUMN($P$14)+1,2))) -> 0 | AF34: =SUMIF($E$14:$N$14,"CO5",$E$17:$N$17) + IF(O34>=0, SUMPRODUCT(($O$14:$Z$14="CO5")*(O34:Z34)*MOD(COLUMN($O$14:$Z$14)-COLUMN($O$14)+1,2))+ SUMPRODUCT(($P$14:$Z$14="CO5")*(P34:Z34)*MOD(COLUMN($P$14:$Z$14)-COLUMN($P$14)+1,2)) ) -> 0 | AG34: =SUMIF($E$14:$N$14,"CO6",$E$17:$N$17) + IF(O34>0, SUMPRODUCT(($O$14:$Z$14="CO6")*($O$17:$Z$17)*MOD(COLUMN($O$14:$Z$14)-COLUMN($O$14)+1,2))+ SUMPRODUCT(($P$14:$Z$14="CO6")*($P$17:$Z$17)*MOD(COLUMN($P$14:$Z$14)-COLUMN($P$14)+1,2)) ) -> 0 | AH34: =SUM(AB34:AG34) -> 79 | AI34: =AB34/(SUMIF($E$14:$N$14,"CO1",$E$13:$N$13)+SUMPRODUCT(($O$14:$Z$14="CO1")*($O34:$Z34>0)*($O$13:$Z$13)))*100 -> 80 | AJ34: =AC34/(SUMIF($E$14:$N$14,"CO2",$E$13:$N$13)+SUMPRODUCT(($O$14:$Z$14="CO2")*($O34:$Z34>0)*($O$13:$Z$13)))*100 -> 77.5 | AK34: =AD34/(SUMIF($E$14:$N$14,"CO3",$E$13:$N$13)+SUMPRODUCT(($O$14:$Z$14="CO3")*($O34:$Z34>0)*($O$13:$Z$13)))*100 -> 80
A35: 19 | B35: ='STUDENT NAMELIST'!B23 -> 211423243053 | C35: ='STUDENT NAMELIST'!C23 -> 2023PEC AI 119 | D35: ='STUDENT NAMELIST'!D23 -> ATSHAYA S | E35: 1 | F35: 1 | G35: 1 | H35: 0 | I35: 1 | J35: 2 | K35: 1 | L35: 0 | M35: 1 | N35: 1 | O35: 16 | P35: 0 | Q35: 0 | R35: 16 | S35: 14 | T35: 0 | U35: 16 | V35: 0 | W35: 0 | X35: 13 | AA35: =SUM(E35,F35,G35,H35,I35,J35,K35,L35,M35,N35,O35,P35,Q35,R35,S35,T35,U35,V35,W35,X35,Y35,Z35) -> 84 | AB35: =SUMIF($E$14:$N$14,"CO1",E35:N35)+IF(O35>=0,SUMPRODUCT(($O$14:$Z$14="CO1")*(O35:Z35)*MOD(COLUMN($O$14:$Z$14)-COLUMN($O$14)+1,2))+SUMPRODUCT(($P$14:$Z$14="CO1")*(P35:Z35)*MOD(COLUMN($P$14:$Z$14)-COLUMN($P$14)+1,2))) -> 35 | AC35: =SUMIF($E$14:$N$14,"CO1",F35:O35)+IF(P35>=0,SUMPRODUCT(($O$14:$Z$14="CO1")*(P35:AA35)*MOD(COLUMN($O$14:$Z$14)-COLUMN($O$14)+1,2))+SUMPRODUCT(($P$14:$Z$14="CO1")*(Q35:AA35)*MOD(COLUMN($P$14:$Z$14)-COLUMN($P$14)+1,2))) -> 33 | AD35: =SUMIF($E$14:$N$14,"CO3",E35:N35)+IF(O35>=0, SUMPRODUCT(($O$14:$Z$14="CO3")*(O35:Z35)*MOD(COLUMN($O$14:$Z$14)-COLUMN($O$14)+1,2))+ SUMPRODUCT(($P$14:$Z$14="CO3")*(P35:Z35)*MOD(COLUMN($P$14:$Z$14)-COLUMN($P$14)+1,2))) -> 15 | AE35: =SUMIF($E$14:$N$14,"CO4",$E$17:$N$17) + IF(O35>=0, SUMPRODUCT(($O$14:$Z$14="CO4")*(O35:Z35)*MOD(COLUMN($O$14:$Z$14)-COLUMN($O$14)+1,2))+ SUMPRODUCT(($P$14:$Z$14="CO4")*(P35:Z35)*MOD(COLUMN($P$14:$Z$14)-COLUMN($P$14)+1,2))) -> 0 | AF35: =SUMIF($E$14:$N$14,"CO5",$E$17:$N$17) + IF(O35>=0, SUMPRODUCT(($O$14:$Z$14="CO5")*(O35:Z35)*MOD(COLUMN($O$14:$Z$14)-COLUMN($O$14)+1,2))+ SUMPRODUCT(($P$14:$Z$14="CO5")*(P35:Z35)*MOD(COLUMN($P$14:$Z$14)-COLUMN($P$14)+1,2)) ) -> 0 | AG35: =SUMIF($E$14:$N$14,"CO6",$E$17:$N$17) + IF(O35>0, SUMPRODUCT(($O$14:$Z$14="CO6")*($O$17:$Z$17)*MOD(COLUMN($O$14:$Z$14)-COLUMN($O$14)+1,2))+ SUMPRODUCT(($P$14:$Z$14="CO6")*($P$17:$Z$17)*MOD(COLUMN($P$14:$Z$14)-COLUMN($P$14)+1,2)) ) -> 0 | AH35: =SUM(AB35:AG35) -> 83 | AI35: =AB35/(SUMIF($E$14:$N$14,"CO1",$E$13:$N$13)+SUMPRODUCT(($O$14:$Z$14="CO1")*($O35:$Z35>0)*($O$13:$Z$13)))*100 -> 87.5 | AJ35: =AC35/(SUMIF($E$14:$N$14,"CO2",$E$13:$N$13)+SUMPRODUCT(($O$14:$Z$14="CO2")*($O35:$Z35>0)*($O$13:$Z$13)))*100 -> 82.5 | AK35: =AD35/(SUMIF($E$14:$N$14,"CO3",$E$13:$N$13)+SUMPRODUCT(($O$14:$Z$14="CO3")*($O35:$Z35>0)*($O$13:$Z$13)))*100 -> 75
A36: 20 | B36: ='STUDENT NAMELIST'!B24 -> 211423243054 | C36: ='STUDENT NAMELIST'!C24 -> 2023PEC AI 120 | D36: ='STUDENT NAMELIST'!D24 -> AYSHA KETHAR FATHIMA A S | E36: 2 | F36: 2 | G36: 1 | H36: 2 | I36: 2 | J36: 0 | K36: 1 | L36: 1 | M36: 0 | N36: 0 | O36: 14 | Q36: 14 | S36: 14 | U36: 14 | W36: 14 | AA36: =SUM(E36,F36,G36,H36,I36,J36,K36,L36,M36,N36,O36,P36,Q36,R36,S36,T36,U36,V36,W36,X36,Y36,Z36) -> 81 | AB36: =SUMIF($E$14:$N$14,"CO1",E36:N36)+IF(O36>=0,SUMPRODUCT(($O$14:$Z$14="CO1")*(O36:Z36)*MOD(COLUMN($O$14:$Z$14)-COLUMN($O$14)+1,2))+SUMPRODUCT(($P$14:$Z$14="CO1")*(P36:Z36)*MOD(COLUMN($P$14:$Z$14)-COLUMN($P$14)+1,2))) -> 35 | AC36: =SUMIF($E$14:$N$14,"CO1",F36:O36)+IF(P36>=0,SUMPRODUCT(($O$14:$Z$14="CO1")*(P36:AA36)*MOD(COLUMN($O$14:$Z$14)-COLUMN($O$14)+1,2))+SUMPRODUCT(($P$14:$Z$14="CO1")*(Q36:AA36)*MOD(COLUMN($P$14:$Z$14)-COLUMN($P$14)+1,2))) -> 35 | AD36: =SUMIF($E$14:$N$14,"CO3",E36:N36)+IF(O36>=0, SUMPRODUCT(($O$14:$Z$14="CO3")*(O36:Z36)*MOD(COLUMN($O$14:$Z$14)-COLUMN($O$14)+1,2))+ SUMPRODUCT(($P$14:$Z$14="CO3")*(P36:Z36)*MOD(COLUMN($P$14:$Z$14)-COLUMN($P$14)+1,2))) -> 14 | AE36: =SUMIF($E$14:$N$14,"CO4",$E$17:$N$17) + IF(O36>=0, SUMPRODUCT(($O$14:$Z$14="CO4")*(O36:Z36)*MOD(COLUMN($O$14:$Z$14)-COLUMN($O$14)+1,2))+ SUMPRODUCT(($P$14:$Z$14="CO4")*(P36:Z36)*MOD(COLUMN($P$14:$Z$14)-COLUMN($P$14)+1,2))) -> 0 | AF36: =SUMIF($E$14:$N$14,"CO5",$E$17:$N$17) + IF(O36>=0, SUMPRODUCT(($O$14:$Z$14="CO5")*(O36:Z36)*MOD(COLUMN($O$14:$Z$14)-COLUMN($O$14)+1,2))+ SUMPRODUCT(($P$14:$Z$14="CO5")*(P36:Z36)*MOD(COLUMN($P$14:$Z$14)-COLUMN($P$14)+1,2)) ) -> 0 | AG36: =SUMIF($E$14:$N$14,"CO6",$E$17:$N$17) + IF(O36>0, SUMPRODUCT(($O$14:$Z$14="CO6")*($O$17:$Z$17)*MOD(COLUMN($O$14:$Z$14)-COLUMN($O$14)+1,2))+ SUMPRODUCT(($P$14:$Z$14="CO6")*($P$17:$Z$17)*MOD(COLUMN($P$14:$Z$14)-COLUMN($P$14)+1,2)) ) -> 0 | AH36: =SUM(AB36:AG36) -> 84 | AI36: =AB36/(SUMIF($E$14:$N$14,"CO1",$E$13:$N$13)+SUMPRODUCT(($O$14:$Z$14="CO1")*($O36:$Z36>0)*($O$13:$Z$13)))*100 -> 87.5 | AJ36: =AC36/(SUMIF($E$14:$N$14,"CO2",$E$13:$N$13)+SUMPRODUCT(($O$14:$Z$14="CO2")*($O36:$Z36>0)*($O$13:$Z$13)))*100 -> 87.5 | AK36: =AD36/(SUMIF($E$14:$N$14,"CO3",$E$13:$N$13)+SUMPRODUCT(($O$14:$Z$14="CO3")*($O36:$Z36>0)*($O$13:$Z$13)))*100 -> 70
A37: 21 | B37: ='STUDENT NAMELIST'!B25 -> 211423243055 | C37: ='STUDENT NAMELIST'!C25 -> 2023PEC AI 121 | D37: ='STUDENT NAMELIST'!D25 -> AYSHVARYA P | E37: 0 | F37: 2 | G37: 2 | H37: 2 | I37: 1 | J37: 2 | K37: 1 | L37: 1 | M37: 1 | N37: 0 | O37: 16 | P37: 0 | Q37: 0 | R37: 16 | S37: 14 | T37: 0 | U37: 16 | V37: 0 | W37: 0 | X37: 13 | AA37: =SUM(E37,F37,G37,H37,I37,J37,K37,L37,M37,N37,O37,P37,Q37,R37,S37,T37,U37,V37,W37,X37,Y37,Z37) -> 87 | AB37: =SUMIF($E$14:$N$14,"CO1",E37:N37)+IF(O37>=0,SUMPRODUCT(($O$14:$Z$14="CO1")*(O37:Z37)*MOD(COLUMN($O$14:$Z$14)-COLUMN($O$14)+1,2))+SUMPRODUCT(($P$14:$Z$14="CO1")*(P37:Z37)*MOD(COLUMN($P$14:$Z$14)-COLUMN($P$14)+1,2))) -> 38 | AC37: =SUMIF($E$14:$N$14,"CO1",F37:O37)+IF(P37>=0,SUMPRODUCT(($O$14:$Z$14="CO1")*(P37:AA37)*MOD(COLUMN($O$14:$Z$14)-COLUMN($O$14)+1,2))+SUMPRODUCT(($P$14:$Z$14="CO1")*(Q37:AA37)*MOD(COLUMN($P$14:$Z$14)-COLUMN($P$14)+1,2))) -> 37 | AD37: =SUMIF($E$14:$N$14,"CO3",E37:N37)+IF(O37>=0, SUMPRODUCT(($O$14:$Z$14="CO3")*(O37:Z37)*MOD(COLUMN($O$14:$Z$14)-COLUMN($O$14)+1,2))+ SUMPRODUCT(($P$14:$Z$14="CO3")*(P37:Z37)*MOD(COLUMN($P$14:$Z$14)-COLUMN($P$14)+1,2))) -> 14 | AE37: =SUMIF($E$14:$N$14,"CO4",$E$17:$N$17) + IF(O37>=0, SUMPRODUCT(($O$14:$Z$14="CO4")*(O37:Z37)*MOD(COLUMN($O$14:$Z$14)-COLUMN($O$14)+1,2))+ SUMPRODUCT(($P$14:$Z$14="CO4")*(P37:Z37)*MOD(COLUMN($P$14:$Z$14)-COLUMN($P$14)+1,2))) -> 0 | AF37: =SUMIF($E$14:$N$14,"CO5",$E$17:$N$17) + IF(O37>=0, SUMPRODUCT(($O$14:$Z$14="CO5")*(O37:Z37)*MOD(COLUMN($O$14:$Z$14)-COLUMN($O$14)+1,2))+ SUMPRODUCT(($P$14:$Z$14="CO5")*(P37:Z37)*MOD(COLUMN($P$14:$Z$14)-COLUMN($P$14)+1,2)) ) -> 0 | AG37: =SUMIF($E$14:$N$14,"CO6",$E$17:$N$17) + IF(O37>0, SUMPRODUCT(($O$14:$Z$14="CO6")*($O$17:$Z$17)*MOD(COLUMN($O$14:$Z$14)-COLUMN($O$14)+1,2))+ SUMPRODUCT(($P$14:$Z$14="CO6")*($P$17:$Z$17)*MOD(COLUMN($P$14:$Z$14)-COLUMN($P$14)+1,2)) ) -> 0 | AH37: =SUM(AB37:AG37) -> 89 | AI37: =AB37/(SUMIF($E$14:$N$14,"CO1",$E$13:$N$13)+SUMPRODUCT(($O$14:$Z$14="CO1")*($O37:$Z37>0)*($O$13:$Z$13)))*100 -> 95 | AJ37: =AC37/(SUMIF($E$14:$N$14,"CO2",$E$13:$N$13)+SUMPRODUCT(($O$14:$Z$14="CO2")*($O37:$Z37>0)*($O$13:$Z$13)))*100 -> 92.5 | AK37: =AD37/(SUMIF($E$14:$N$14,"CO3",$E$13:$N$13)+SUMPRODUCT(($O$14:$Z$14="CO3")*($O37:$Z37>0)*($O$13:$Z$13)))*100 -> 70
A38: 22 | B38: ='STUDENT NAMELIST'!B26 -> 211423243065 | C38: ='STUDENT NAMELIST'!C26 -> 2023PEC AI 122 | D38: ='STUDENT NAMELIST'!D26 -> BINDU SAI A | E38: 1 | F38: 1 | G38: 2 | H38: 1 | I38: 1 | J38: 0 | K38: 0 | L38: 1 | M38: 1 | N38: 0 | O38: 14 | Q38: 14 | S38: 14 | U38: 14 | W38: 14 | AA38: =SUM(E38,F38,G38,H38,I38,J38,K38,L38,M38,N38,O38,P38,Q38,R38,S38,T38,U38,V38,W38,X38,Y38,Z38) -> 78 | AB38: =SUMIF($E$14:$N$14,"CO1",E38:N38)+IF(O38>=0,SUMPRODUCT(($O$14:$Z$14="CO1")*(O38:Z38)*MOD(COLUMN($O$14:$Z$14)-COLUMN($O$14)+1,2))+SUMPRODUCT(($P$14:$Z$14="CO1")*(P38:Z38)*MOD(COLUMN($P$14:$Z$14)-COLUMN($P$14)+1,2))) -> 33 | AC38: =SUMIF($E$14:$N$14,"CO1",F38:O38)+IF(P38>=0,SUMPRODUCT(($O$14:$Z$14="CO1")*(P38:AA38)*MOD(COLUMN($O$14:$Z$14)-COLUMN($O$14)+1,2))+SUMPRODUCT(($P$14:$Z$14="CO1")*(Q38:AA38)*MOD(COLUMN($P$14:$Z$14)-COLUMN($P$14)+1,2))) -> 33 | AD38: =SUMIF($E$14:$N$14,"CO3",E38:N38)+IF(O38>=0, SUMPRODUCT(($O$14:$Z$14="CO3")*(O38:Z38)*MOD(COLUMN($O$14:$Z$14)-COLUMN($O$14)+1,2))+ SUMPRODUCT(($P$14:$Z$14="CO3")*(P38:Z38)*MOD(COLUMN($P$14:$Z$14)-COLUMN($P$14)+1,2))) -> 15 | AE38: =SUMIF($E$14:$N$14,"CO4",$E$17:$N$17) + IF(O38>=0, SUMPRODUCT(($O$14:$Z$14="CO4")*(O38:Z38)*MOD(COLUMN($O$14:$Z$14)-COLUMN($O$14)+1,2))+ SUMPRODUCT(($P$14:$Z$14="CO4")*(P38:Z38)*MOD(COLUMN($P$14:$Z$14)-COLUMN($P$14)+1,2))) -> 0 | AF38: =SUMIF($E$14:$N$14,"CO5",$E$17:$N$17) + IF(O38>=0, SUMPRODUCT(($O$14:$Z$14="CO5")*(O38:Z38)*MOD(COLUMN($O$14:$Z$14)-COLUMN($O$14)+1,2))+ SUMPRODUCT(($P$14:$Z$14="CO5")*(P38:Z38)*MOD(COLUMN($P$14:$Z$14)-COLUMN($P$14)+1,2)) ) -> 0 | AG38: =SUMIF($E$14:$N$14,"CO6",$E$17:$N$17) + IF(O38>0, SUMPRODUCT(($O$14:$Z$14="CO6")*($O$17:$Z$17)*MOD(COLUMN($O$14:$Z$14)-COLUMN($O$14)+1,2))+ SUMPRODUCT(($P$14:$Z$14="CO6")*($P$17:$Z$17)*MOD(COLUMN($P$14:$Z$14)-COLUMN($P$14)+1,2)) ) -> 0 | AH38: =SUM(AB38:AG38) -> 81 | AI38: =AB38/(SUMIF($E$14:$N$14,"CO1",$E$13:$N$13)+SUMPRODUCT(($O$14:$Z$14="CO1")*($O38:$Z38>0)*($O$13:$Z$13)))*100 -> 82.5 | AJ38: =AC38/(SUMIF($E$14:$N$14,"CO2",$E$13:$N$13)+SUMPRODUCT(($O$14:$Z$14="CO2")*($O38:$Z38>0)*($O$13:$Z$13)))*100 -> 82.5 | AK38: =AD38/(SUMIF($E$14:$N$14,"CO3",$E$13:$N$13)+SUMPRODUCT(($O$14:$Z$14="CO3")*($O38:$Z38>0)*($O$13:$Z$13)))*100 -> 75
A39: 23 | B39: ='STUDENT NAMELIST'!B27 -> 211423243066 | C39: ='STUDENT NAMELIST'!C27 -> 2023PEC AI 123 | D39: ='STUDENT NAMELIST'!D27 -> BLESSY JOYCE MATHEW | E39: 0 | F39: 0 | G39: 0 | H39: 1 | I39: 0 | J39: 0 | K39: 0 | L39: 2 | M39: 0 | N39: 1 | O39: 12 | Q39: 12 | S39: 14 | U39: 15 | W39: 16 | AA39: =SUM(E39,F39,G39,H39,I39,J39,K39,L39,M39,N39,O39,P39,Q39,R39,S39,T39,U39,V39,W39,X39,Y39,Z39) -> 73 | AB39: =SUMIF($E$14:$N$14,"CO1",E39:N39)+IF(O39>=0,SUMPRODUCT(($O$14:$Z$14="CO1")*(O39:Z39)*MOD(COLUMN($O$14:$Z$14)-COLUMN($O$14)+1,2))+SUMPRODUCT(($P$14:$Z$14="CO1")*(P39:Z39)*MOD(COLUMN($P$14:$Z$14)-COLUMN($P$14)+1,2))) -> 25 | AC39: =SUMIF($E$14:$N$14,"CO1",F39:O39)+IF(P39>=0,SUMPRODUCT(($O$14:$Z$14="CO1")*(P39:AA39)*MOD(COLUMN($O$14:$Z$14)-COLUMN($O$14)+1,2))+SUMPRODUCT(($P$14:$Z$14="CO1")*(Q39:AA39)*MOD(COLUMN($P$14:$Z$14)-COLUMN($P$14)+1,2))) -> 27 | AD39: =SUMIF($E$14:$N$14,"CO3",E39:N39)+IF(O39>=0, SUMPRODUCT(($O$14:$Z$14="CO3")*(O39:Z39)*MOD(COLUMN($O$14:$Z$14)-COLUMN($O$14)+1,2))+ SUMPRODUCT(($P$14:$Z$14="CO3")*(P39:Z39)*MOD(COLUMN($P$14:$Z$14)-COLUMN($P$14)+1,2))) -> 17 | AE39: =SUMIF($E$14:$N$14,"CO4",$E$17:$N$17) + IF(O39>=0, SUMPRODUCT(($O$14:$Z$14="CO4")*(O39:Z39)*MOD(COLUMN($O$14:$Z$14)-COLUMN($O$14)+1,2))+ SUMPRODUCT(($P$14:$Z$14="CO4")*(P39:Z39)*MOD(COLUMN($P$14:$Z$14)-COLUMN($P$14)+1,2))) -> 0 | AF39: =SUMIF($E$14:$N$14,"CO5",$E$17:$N$17) + IF(O39>=0, SUMPRODUCT(($O$14:$Z$14="CO5")*(O39:Z39)*MOD(COLUMN($O$14:$Z$14)-COLUMN($O$14)+1,2))+ SUMPRODUCT(($P$14:$Z$14="CO5")*(P39:Z39)*MOD(COLUMN($P$14:$Z$14)-COLUMN($P$14)+1,2)) ) -> 0 | AG39: =SUMIF($E$14:$N$14,"CO6",$E$17:$N$17) + IF(O39>0, SUMPRODUCT(($O$14:$Z$14="CO6")*($O$17:$Z$17)*MOD(COLUMN($O$14:$Z$14)-COLUMN($O$14)+1,2))+ SUMPRODUCT(($P$14:$Z$14="CO6")*($P$17:$Z$17)*MOD(COLUMN($P$14:$Z$14)-COLUMN($P$14)+1,2)) ) -> 0 | AH39: =SUM(AB39:AG39) -> 69 | AI39: =AB39/(SUMIF($E$14:$N$14,"CO1",$E$13:$N$13)+SUMPRODUCT(($O$14:$Z$14="CO1")*($O39:$Z39>0)*($O$13:$Z$13)))*100 -> 62.5 | AJ39: =AC39/(SUMIF($E$14:$N$14,"CO2",$E$13:$N$13)+SUMPRODUCT(($O$14:$Z$14="CO2")*($O39:$Z39>0)*($O$13:$Z$13)))*100 -> 67.5 | AK39: =AD39/(SUMIF($E$14:$N$14,"CO3",$E$13:$N$13)+SUMPRODUCT(($O$14:$Z$14="CO3")*($O39:$Z39>0)*($O$13:$Z$13)))*100 -> 85
A40: 24 | B40: ='STUDENT NAMELIST'!B28 -> 211423243068 | C40: ='STUDENT NAMELIST'!C28 -> 2023PEC AI 124 | D40: ='STUDENT NAMELIST'!D28 -> BOOMIGA V | E40: 2 | F40: 1 | G40: 0 | H40: 0 | I40: 1 | J40: 2 | K40: 1 | L40: 2 | M40: 0 | N40: 0 | O40: 16 | P40: 0 | Q40: 0 | R40: 16 | S40: 14 | T40: 0 | U40: 16 | V40: 0 | W40: 0 | X40: 13 | AA40: =SUM(E40,F40,G40,H40,I40,J40,K40,L40,M40,N40,O40,P40,Q40,R40,S40,T40,U40,V40,W40,X40,Y40,Z40) -> 84 | AB40: =SUMIF($E$14:$N$14,"CO1",E40:N40)+IF(O40>=0,SUMPRODUCT(($O$14:$Z$14="CO1")*(O40:Z40)*MOD(COLUMN($O$14:$Z$14)-COLUMN($O$14)+1,2))+SUMPRODUCT(($P$14:$Z$14="CO1")*(P40:Z40)*MOD(COLUMN($P$14:$Z$14)-COLUMN($P$14)+1,2))) -> 35 | AC40: =SUMIF($E$14:$N$14,"CO1",F40:O40)+IF(P40>=0,SUMPRODUCT(($O$14:$Z$14="CO1")*(P40:AA40)*MOD(COLUMN($O$14:$Z$14)-COLUMN($O$14)+1,2))+SUMPRODUCT(($P$14:$Z$14="CO1")*(Q40:AA40)*MOD(COLUMN($P$14:$Z$14)-COLUMN($P$14)+1,2))) -> 32 | AD40: =SUMIF($E$14:$N$14,"CO3",E40:N40)+IF(O40>=0, SUMPRODUCT(($O$14:$Z$14="CO3")*(O40:Z40)*MOD(COLUMN($O$14:$Z$14)-COLUMN($O$14)+1,2))+ SUMPRODUCT(($P$14:$Z$14="CO3")*(P40:Z40)*MOD(COLUMN($P$14:$Z$14)-COLUMN($P$14)+1,2))) -> 13 | AE40: =SUMIF($E$14:$N$14,"CO4",$E$17:$N$17) + IF(O40>=0, SUMPRODUCT(($O$14:$Z$14="CO4")*(O40:Z40)*MOD(COLUMN($O$14:$Z$14)-COLUMN($O$14)+1,2))+ SUMPRODUCT(($P$14:$Z$14="CO4")*(P40:Z40)*MOD(COLUMN($P$14:$Z$14)-COLUMN($P$14)+1,2))) -> 0 | AF40: =SUMIF($E$14:$N$14,"CO5",$E$17:$N$17) + IF(O40>=0, SUMPRODUCT(($O$14:$Z$14="CO5")*(O40:Z40)*MOD(COLUMN($O$14:$Z$14)-COLUMN($O$14)+1,2))+ SUMPRODUCT(($P$14:$Z$14="CO5")*(P40:Z40)*MOD(COLUMN($P$14:$Z$14)-COLUMN($P$14)+1,2)) ) -> 0 | AG40: =SUMIF($E$14:$N$14,"CO6",$E$17:$N$17) + IF(O40>0, SUMPRODUCT(($O$14:$Z$14="CO6")*($O$17:$Z$17)*MOD(COLUMN($O$14:$Z$14)-COLUMN($O$14)+1,2))+ SUMPRODUCT(($P$14:$Z$14="CO6")*($P$17:$Z$17)*MOD(COLUMN($P$14:$Z$14)-COLUMN($P$14)+1,2)) ) -> 0 | AH40: =SUM(AB40:AG40) -> 80 | AI40: =AB40/(SUMIF($E$14:$N$14,"CO1",$E$13:$N$13)+SUMPRODUCT(($O$14:$Z$14="CO1")*($O40:$Z40>0)*($O$13:$Z$13)))*100 -> 87.5 | AJ40: =AC40/(SUMIF($E$14:$N$14,"CO2",$E$13:$N$13)+SUMPRODUCT(($O$14:$Z$14="CO2")*($O40:$Z40>0)*($O$13:$Z$13)))*100 -> 80 | AK40: =AD40/(SUMIF($E$14:$N$14,"CO3",$E$13:$N$13)+SUMPRODUCT(($O$14:$Z$14="CO3")*($O40:$Z40>0)*($O$13:$Z$13)))*100 -> 65
A41: 25 | B41: ='STUDENT NAMELIST'!B29 -> 211423243069 | C41: ='STUDENT NAMELIST'!C29 -> 2023PEC AI 125 | D41: ='STUDENT NAMELIST'!D29 -> BOOMIKA S | E41: 2 | F41: 0 | G41: 1 | H41: 1 | I41: 2 | J41: 2 | K41: 0 | L41: 1 | M41: 2 | N41: 0 | P41: 11 | R41: 14 | T41: 14 | V41: 16 | W41: 14 | AA41: =SUM(E41,F41,G41,H41,I41,J41,K41,L41,M41,N41,O41,P41,Q41,R41,S41,T41,U41,V41,W41,X41,Y41,Z41) -> 80 | AB41: =SUMIF($E$14:$N$14,"CO1",E41:N41)+IF(O41>=0,SUMPRODUCT(($O$14:$Z$14="CO1")*(O41:Z41)*MOD(COLUMN($O$14:$Z$14)-COLUMN($O$14)+1,2))+SUMPRODUCT(($P$14:$Z$14="CO1")*(P41:Z41)*MOD(COLUMN($P$14:$Z$14)-COLUMN($P$14)+1,2))) -> 29 | AC41: =SUMIF($E$14:$N$14,"CO1",F41:O41)+IF(P41>=0,SUMPRODUCT(($O$14:$Z$14="CO1")*(P41:AA41)*MOD(COLUMN($O$14:$Z$14)-COLUMN($O$14)+1,2))+SUMPRODUCT(($P$14:$Z$14="CO1")*(Q41:AA41)*MOD(COLUMN($P$14:$Z$14)-COLUMN($P$14)+1,2))) -> 29 | AD41: =SUMIF($E$14:$N$14,"CO3",E41:N41)+IF(O41>=0, SUMPRODUCT(($O$14:$Z$14="CO3")*(O41:Z41)*MOD(COLUMN($O$14:$Z$14)-COLUMN($O$14)+1,2))+ SUMPRODUCT(($P$14:$Z$14="CO3")*(P41:Z41)*MOD(COLUMN($P$14:$Z$14)-COLUMN($P$14)+1,2))) -> 16 | AE41: =SUMIF($E$14:$N$14,"CO4",$E$17:$N$17) + IF(O41>=0, SUMPRODUCT(($O$14:$Z$14="CO4")*(O41:Z41)*MOD(COLUMN($O$14:$Z$14)-COLUMN($O$14)+1,2))+ SUMPRODUCT(($P$14:$Z$14="CO4")*(P41:Z41)*MOD(COLUMN($P$14:$Z$14)-COLUMN($P$14)+1,2))) -> 0 | AF41: =SUMIF($E$14:$N$14,"CO5",$E$17:$N$17) + IF(O41>=0, SUMPRODUCT(($O$14:$Z$14="CO5")*(O41:Z41)*MOD(COLUMN($O$14:$Z$14)-COLUMN($O$14)+1,2))+ SUMPRODUCT(($P$14:$Z$14="CO5")*(P41:Z41)*MOD(COLUMN($P$14:$Z$14)-COLUMN($P$14)+1,2)) ) -> 0 | AG41: =SUMIF($E$14:$N$14,"CO6",$E$17:$N$17) + IF(O41>0, SUMPRODUCT(($O$14:$Z$14="CO6")*($O$17:$Z$17)*MOD(COLUMN($O$14:$Z$14)-COLUMN($O$14)+1,2))+ SUMPRODUCT(($P$14:$Z$14="CO6")*($P$17:$Z$17)*MOD(COLUMN($P$14:$Z$14)-COLUMN($P$14)+1,2)) ) -> 0 | AH41: =SUM(AB41:AG41) -> 74 | AI41: =AB41/(SUMIF($E$14:$N$14,"CO1",$E$13:$N$13)+SUMPRODUCT(($O$14:$Z$14="CO1")*($O41:$Z41>0)*($O$13:$Z$13)))*100 -> 72.5 | AJ41: =AC41/(SUMIF($E$14:$N$14,"CO2",$E$13:$N$13)+SUMPRODUCT(($O$14:$Z$14="CO2")*($O41:$Z41>0)*($O$13:$Z$13)))*100 -> 72.5 | AK41: =AD41/(SUMIF($E$14:$N$14,"CO3",$E$13:$N$13)+SUMPRODUCT(($O$14:$Z$14="CO3")*($O41:$Z41>0)*($O$13:$Z$13)))*100 -> 80
A42: 26 | B42: ='STUDENT NAMELIST'!B30 -> 211423243071 | C42: ='STUDENT NAMELIST'!C30 -> 2023PEC AI 126 | D42: ='STUDENT NAMELIST'!D30 -> CAROLIN P | E42: 1 | F42: 1 | G42: 2 | H42: 1 | I42: 0 | J42: 0 | K42: 2 | L42: 0 | M42: 0 | N42: 0 | O42: 15 | Q42: 14 | T42: 16 | V42: 16 | X42: 16 | AA42: =SUM(E42,F42,G42,H42,I42,J42,K42,L42,M42,N42,O42,P42,Q42,R42,S42,T42,U42,V42,W42,X42,Y42,Z42) -> 84 | AB42: =SUMIF($E$14:$N$14,"CO1",E42:N42)+IF(O42>=0,SUMPRODUCT(($O$14:$Z$14="CO1")*(O42:Z42)*MOD(COLUMN($O$14:$Z$14)-COLUMN($O$14)+1,2))+SUMPRODUCT(($P$14:$Z$14="CO1")*(P42:Z42)*MOD(COLUMN($P$14:$Z$14)-COLUMN($P$14)+1,2))) -> 34 | AC42: =SUMIF($E$14:$N$14,"CO1",F42:O42)+IF(P42>=0,SUMPRODUCT(($O$14:$Z$14="CO1")*(P42:AA42)*MOD(COLUMN($O$14:$Z$14)-COLUMN($O$14)+1,2))+SUMPRODUCT(($P$14:$Z$14="CO1")*(Q42:AA42)*MOD(COLUMN($P$14:$Z$14)-COLUMN($P$14)+1,2))) -> 18 | AD42: =SUMIF($E$14:$N$14,"CO3",E42:N42)+IF(O42>=0, SUMPRODUCT(($O$14:$Z$14="CO3")*(O42:Z42)*MOD(COLUMN($O$14:$Z$14)-COLUMN($O$14)+1,2))+ SUMPRODUCT(($P$14:$Z$14="CO3")*(P42:Z42)*MOD(COLUMN($P$14:$Z$14)-COLUMN($P$14)+1,2))) -> 16 | AE42: =SUMIF($E$14:$N$14,"CO4",$E$17:$N$17) + IF(O42>=0, SUMPRODUCT(($O$14:$Z$14="CO4")*(O42:Z42)*MOD(COLUMN($O$14:$Z$14)-COLUMN($O$14)+1,2))+ SUMPRODUCT(($P$14:$Z$14="CO4")*(P42:Z42)*MOD(COLUMN($P$14:$Z$14)-COLUMN($P$14)+1,2))) -> 0 | AF42: =SUMIF($E$14:$N$14,"CO5",$E$17:$N$17) + IF(O42>=0, SUMPRODUCT(($O$14:$Z$14="CO5")*(O42:Z42)*MOD(COLUMN($O$14:$Z$14)-COLUMN($O$14)+1,2))+ SUMPRODUCT(($P$14:$Z$14="CO5")*(P42:Z42)*MOD(COLUMN($P$14:$Z$14)-COLUMN($P$14)+1,2)) ) -> 0 | AG42: =SUMIF($E$14:$N$14,"CO6",$E$17:$N$17) + IF(O42>0, SUMPRODUCT(($O$14:$Z$14="CO6")*($O$17:$Z$17)*MOD(COLUMN($O$14:$Z$14)-COLUMN($O$14)+1,2))+ SUMPRODUCT(($P$14:$Z$14="CO6")*($P$17:$Z$17)*MOD(COLUMN($P$14:$Z$14)-COLUMN($P$14)+1,2)) ) -> 0 | AH42: =SUM(AB42:AG42) -> 68 | AI42: =AB42/(SUMIF($E$14:$N$14,"CO1",$E$13:$N$13)+SUMPRODUCT(($O$14:$Z$14="CO1")*($O42:$Z42>0)*($O$13:$Z$13)))*100 -> 85 | AJ42: =AC42/(SUMIF($E$14:$N$14,"CO2",$E$13:$N$13)+SUMPRODUCT(($O$14:$Z$14="CO2")*($O42:$Z42>0)*($O$13:$Z$13)))*100 -> 45 | AK42: =AD42/(SUMIF($E$14:$N$14,"CO3",$E$13:$N$13)+SUMPRODUCT(($O$14:$Z$14="CO3")*($O42:$Z42>0)*($O$13:$Z$13)))*100 -> 80
A43: 28 | B43: ='STUDENT NAMELIST'!B31 -> 211423243072 | C43: ='STUDENT NAMELIST'!C31 -> 2023PEC AI 127 | D43: ='STUDENT NAMELIST'!D31 -> CAROLINE SATHYA G | E43: 1 | F43: 0 | G43: 1 | H43: 0 | I43: 2 | J43: 2 | K43: 2 | L43: 1 | M43: 2 | N43: 1 | P43: 15 | R43: 16 | T43: 12 | U43: 16 | W43: 16 | AA43: =SUM(E43,F43,G43,H43,I43,J43,K43,L43,M43,N43,O43,P43,Q43,R43,S43,T43,U43,V43,W43,X43,Y43,Z43) -> 87 | AB43: =SUMIF($E$14:$N$14,"CO1",E43:N43)+IF(O43>=0,SUMPRODUCT(($O$14:$Z$14="CO1")*(O43:Z43)*MOD(COLUMN($O$14:$Z$14)-COLUMN($O$14)+1,2))+SUMPRODUCT(($P$14:$Z$14="CO1")*(P43:Z43)*MOD(COLUMN($P$14:$Z$14)-COLUMN($P$14)+1,2))) -> 33 | AC43: =SUMIF($E$14:$N$14,"CO1",F43:O43)+IF(P43>=0,SUMPRODUCT(($O$14:$Z$14="CO1")*(P43:AA43)*MOD(COLUMN($O$14:$Z$14)-COLUMN($O$14)+1,2))+SUMPRODUCT(($P$14:$Z$14="CO1")*(Q43:AA43)*MOD(COLUMN($P$14:$Z$14)-COLUMN($P$14)+1,2))) -> 34 | AD43: =SUMIF($E$14:$N$14,"CO3",E43:N43)+IF(O43>=0, SUMPRODUCT(($O$14:$Z$14="CO3")*(O43:Z43)*MOD(COLUMN($O$14:$Z$14)-COLUMN($O$14)+1,2))+ SUMPRODUCT(($P$14:$Z$14="CO3")*(P43:Z43)*MOD(COLUMN($P$14:$Z$14)-COLUMN($P$14)+1,2))) -> 19 | AE43: =SUMIF($E$14:$N$14,"CO4",$E$17:$N$17) + IF(O43>=0, SUMPRODUCT(($O$14:$Z$14="CO4")*(O43:Z43)*MOD(COLUMN($O$14:$Z$14)-COLUMN($O$14)+1,2))+ SUMPRODUCT(($P$14:$Z$14="CO4")*(P43:Z43)*MOD(COLUMN($P$14:$Z$14)-COLUMN($P$14)+1,2))) -> 0 | AF43: =SUMIF($E$14:$N$14,"CO5",$E$17:$N$17) + IF(O43>=0, SUMPRODUCT(($O$14:$Z$14="CO5")*(O43:Z43)*MOD(COLUMN($O$14:$Z$14)-COLUMN($O$14)+1,2))+ SUMPRODUCT(($P$14:$Z$14="CO5")*(P43:Z43)*MOD(COLUMN($P$14:$Z$14)-COLUMN($P$14)+1,2)) ) -> 0 | AG43: =SUMIF($E$14:$N$14,"CO6",$E$17:$N$17) + IF(O43>0, SUMPRODUCT(($O$14:$Z$14="CO6")*($O$17:$Z$17)*MOD(COLUMN($O$14:$Z$14)-COLUMN($O$14)+1,2))+ SUMPRODUCT(($P$14:$Z$14="CO6")*($P$17:$Z$17)*MOD(COLUMN($P$14:$Z$14)-COLUMN($P$14)+1,2)) ) -> 0 | AH43: =SUM(AB43:AG43) -> 86 | AI43: =AB43/(SUMIF($E$14:$N$14,"CO1",$E$13:$N$13)+SUMPRODUCT(($O$14:$Z$14="CO1")*($O43:$Z43>0)*($O$13:$Z$13)))*100 -> 82.5 | AJ43: =AC43/(SUMIF($E$14:$N$14,"CO2",$E$13:$N$13)+SUMPRODUCT(($O$14:$Z$14="CO2")*($O43:$Z43>0)*($O$13:$Z$13)))*100 -> 85 | AK43: =AD43/(SUMIF($E$14:$N$14,"CO3",$E$13:$N$13)+SUMPRODUCT(($O$14:$Z$14="CO3")*($O43:$Z43>0)*($O$13:$Z$13)))*100 -> 95
A44: 28 | B44: ='STUDENT NAMELIST'!B32 -> 211423243073 | C44: ='STUDENT NAMELIST'!C32 -> 2023PEC AI 128 | D44: ='STUDENT NAMELIST'!D32 -> CHAITRA V | E44: 1 | F44: 1 | G44: 2 | H44: 0 | I44: 2 | J44: 1 | K44: 0 | L44: 0 | M44: 0 | N44: 1 | O44: 16 | P44: 0 | Q44: 0 | R44: 16 | S44: 14 | T44: 0 | U44: 16 | V44: 0 | W44: 0 | X44: 13 | AA44: =SUM(E44,F44,G44,H44,I44,J44,K44,L44,M44,N44,O44,P44,Q44,R44,S44,T44,U44,V44,W44,X44,Y44,Z44) -> 83 | AB44: =SUMIF($E$14:$N$14,"CO1",E44:N44)+IF(O44>=0,SUMPRODUCT(($O$14:$Z$14="CO1")*(O44:Z44)*MOD(COLUMN($O$14:$Z$14)-COLUMN($O$14)+1,2))+SUMPRODUCT(($P$14:$Z$14="CO1")*(P44:Z44)*MOD(COLUMN($P$14:$Z$14)-COLUMN($P$14)+1,2))) -> 36 | AC44: =SUMIF($E$14:$N$14,"CO1",F44:O44)+IF(P44>=0,SUMPRODUCT(($O$14:$Z$14="CO1")*(P44:AA44)*MOD(COLUMN($O$14:$Z$14)-COLUMN($O$14)+1,2))+SUMPRODUCT(($P$14:$Z$14="CO1")*(Q44:AA44)*MOD(COLUMN($P$14:$Z$14)-COLUMN($P$14)+1,2))) -> 35 | AD44: =SUMIF($E$14:$N$14,"CO3",E44:N44)+IF(O44>=0, SUMPRODUCT(($O$14:$Z$14="CO3")*(O44:Z44)*MOD(COLUMN($O$14:$Z$14)-COLUMN($O$14)+1,2))+ SUMPRODUCT(($P$14:$Z$14="CO3")*(P44:Z44)*MOD(COLUMN($P$14:$Z$14)-COLUMN($P$14)+1,2))) -> 14 | AE44: =SUMIF($E$14:$N$14,"CO4",$E$17:$N$17) + IF(O44>=0, SUMPRODUCT(($O$14:$Z$14="CO4")*(O44:Z44)*MOD(COLUMN($O$14:$Z$14)-COLUMN($O$14)+1,2))+ SUMPRODUCT(($P$14:$Z$14="CO4")*(P44:Z44)*MOD(COLUMN($P$14:$Z$14)-COLUMN($P$14)+1,2))) -> 0 | AF44: =SUMIF($E$14:$N$14,"CO5",$E$17:$N$17) + IF(O44>=0, SUMPRODUCT(($O$14:$Z$14="CO5")*(O44:Z44)*MOD(COLUMN($O$14:$Z$14)-COLUMN($O$14)+1,2))+ SUMPRODUCT(($P$14:$Z$14="CO5")*(P44:Z44)*MOD(COLUMN($P$14:$Z$14)-COLUMN($P$14)+1,2)) ) -> 0 | AG44: =SUMIF($E$14:$N$14,"CO6",$E$17:$N$17) + IF(O44>0, SUMPRODUCT(($O$14:$Z$14="CO6")*($O$17:$Z$17)*MOD(COLUMN($O$14:$Z$14)-COLUMN($O$14)+1,2))+ SUMPRODUCT(($P$14:$Z$14="CO6")*($P$17:$Z$17)*MOD(COLUMN($P$14:$Z$14)-COLUMN($P$14)+1,2)) ) -> 0 | AH44: =SUM(AB44:AG44) -> 85 | AI44: =AB44/(SUMIF($E$14:$N$14,"CO1",$E$13:$N$13)+SUMPRODUCT(($O$14:$Z$14="CO1")*($O44:$Z44>0)*($O$13:$Z$13)))*100 -> 90 | AJ44: =AC44/(SUMIF($E$14:$N$14,"CO2",$E$13:$N$13)+SUMPRODUCT(($O$14:$Z$14="CO2")*($O44:$Z44>0)*($O$13:$Z$13)))*100 -> 87.5 | AK44: =AD44/(SUMIF($E$14:$N$14,"CO3",$E$13:$N$13)+SUMPRODUCT(($O$14:$Z$14="CO3")*($O44:$Z44>0)*($O$13:$Z$13)))*100 -> 70
A45: 29 | B45: ='STUDENT NAMELIST'!B33 -> 211423243075 | C45: ='STUDENT NAMELIST'!C33 -> 2023PEC AI 129 | D45: ='STUDENT NAMELIST'!D33 -> CHAVA SAHITHI | E45: 1 | F45: 2 | G45: 0 | H45: 2 | I45: 0 | J45: 1 | K45: 1 | L45: 1 | M45: 1 | N45: 1 | O45: 16 | P45: 0 | Q45: 0 | R45: 16 | S45: 14 | T45: 0 | U45: 16 | V45: 0 | W45: 0 | X45: 13 | AA45: =SUM(E45,F45,G45,H45,I45,J45,K45,L45,M45,N45,O45,P45,Q45,R45,S45,T45,U45,V45,W45,X45,Y45,Z45) -> 85 | AB45: =SUMIF($E$14:$N$14,"CO1",E45:N45)+IF(O45>=0,SUMPRODUCT(($O$14:$Z$14="CO1")*(O45:Z45)*MOD(COLUMN($O$14:$Z$14)-COLUMN($O$14)+1,2))+SUMPRODUCT(($P$14:$Z$14="CO1")*(P45:Z45)*MOD(COLUMN($P$14:$Z$14)-COLUMN($P$14)+1,2))) -> 37 | AC45: =SUMIF($E$14:$N$14,"CO1",F45:O45)+IF(P45>=0,SUMPRODUCT(($O$14:$Z$14="CO1")*(P45:AA45)*MOD(COLUMN($O$14:$Z$14)-COLUMN($O$14)+1,2))+SUMPRODUCT(($P$14:$Z$14="CO1")*(Q45:AA45)*MOD(COLUMN($P$14:$Z$14)-COLUMN($P$14)+1,2))) -> 34 | AD45: =SUMIF($E$14:$N$14,"CO3",E45:N45)+IF(O45>=0, SUMPRODUCT(($O$14:$Z$14="CO3")*(O45:Z45)*MOD(COLUMN($O$14:$Z$14)-COLUMN($O$14)+1,2))+ SUMPRODUCT(($P$14:$Z$14="CO3")*(P45:Z45)*MOD(COLUMN($P$14:$Z$14)-COLUMN($P$14)+1,2))) -> 15 | AE45: =SUMIF($E$14:$N$14,"CO4",$E$17:$N$17) + IF(O45>=0, SUMPRODUCT(($O$14:$Z$14="CO4")*(O45:Z45)*MOD(COLUMN($O$14:$Z$14)-COLUMN($O$14)+1,2))+ SUMPRODUCT(($P$14:$Z$14="CO4")*(P45:Z45)*MOD(COLUMN($P$14:$Z$14)-COLUMN($P$14)+1,2))) -> 0 | AF45: =SUMIF($E$14:$N$14,"CO5",$E$17:$N$17) + IF(O45>=0, SUMPRODUCT(($O$14:$Z$14="CO5")*(O45:Z45)*MOD(COLUMN($O$14:$Z$14)-COLUMN($O$14)+1,2))+ SUMPRODUCT(($P$14:$Z$14="CO5")*(P45:Z45)*MOD(COLUMN($P$14:$Z$14)-COLUMN($P$14)+1,2)) ) -> 0 | AG45: =SUMIF($E$14:$N$14,"CO6",$E$17:$N$17) + IF(O45>0, SUMPRODUCT(($O$14:$Z$14="CO6")*($O$17:$Z$17)*MOD(COLUMN($O$14:$Z$14)-COLUMN($O$14)+1,2))+ SUMPRODUCT(($P$14:$Z$14="CO6")*($P$17:$Z$17)*MOD(COLUMN($P$14:$Z$14)-COLUMN($P$14)+1,2)) ) -> 0 | AH45: =SUM(AB45:AG45) -> 86 | AI45: =AB45/(SUMIF($E$14:$N$14,"CO1",$E$13:$N$13)+SUMPRODUCT(($O$14:$Z$14="CO1")*($O45:$Z45>0)*($O$13:$Z$13)))*100 -> 92.5 | AJ45: =AC45/(SUMIF($E$14:$N$14,"CO2",$E$13:$N$13)+SUMPRODUCT(($O$14:$Z$14="CO2")*($O45:$Z45>0)*($O$13:$Z$13)))*100 -> 85 | AK45: =AD45/(SUMIF($E$14:$N$14,"CO3",$E$13:$N$13)+SUMPRODUCT(($O$14:$Z$14="CO3")*($O45:$Z45>0)*($O$13:$Z$13)))*100 -> 75
A46: 30 | B46: ='STUDENT NAMELIST'!B34 -> 211423243076 | C46: ='STUDENT NAMELIST'!C34 -> 2023PEC AI 130 | D46: ='STUDENT NAMELIST'!D34 -> CHINTAMANENI UMA SUMASWI | E46: 2 | F46: 1 | G46: 0 | H46: 0 | I46: 1 | J46: 2 | K46: 2 | L46: 1 | M46: 0 | N46: 1 | O46: 14 | Q46: 14 | S46: 14 | U46: 14 | W46: 14 | AA46: =SUM(E46,F46,G46,H46,I46,J46,K46,L46,M46,N46,O46,P46,Q46,R46,S46,T46,U46,V46,W46,X46,Y46,Z46) -> 80 | AB46: =SUMIF($E$14:$N$14,"CO1",E46:N46)+IF(O46>=0,SUMPRODUCT(($O$14:$Z$14="CO1")*(O46:Z46)*MOD(COLUMN($O$14:$Z$14)-COLUMN($O$14)+1,2))+SUMPRODUCT(($P$14:$Z$14="CO1")*(P46:Z46)*MOD(COLUMN($P$14:$Z$14)-COLUMN($P$14)+1,2))) -> 31 | AC46: =SUMIF($E$14:$N$14,"CO1",F46:O46)+IF(P46>=0,SUMPRODUCT(($O$14:$Z$14="CO1")*(P46:AA46)*MOD(COLUMN($O$14:$Z$14)-COLUMN($O$14)+1,2))+SUMPRODUCT(($P$14:$Z$14="CO1")*(Q46:AA46)*MOD(COLUMN($P$14:$Z$14)-COLUMN($P$14)+1,2))) -> 30 | AD46: =SUMIF($E$14:$N$14,"CO3",E46:N46)+IF(O46>=0, SUMPRODUCT(($O$14:$Z$14="CO3")*(O46:Z46)*MOD(COLUMN($O$14:$Z$14)-COLUMN($O$14)+1,2))+ SUMPRODUCT(($P$14:$Z$14="CO3")*(P46:Z46)*MOD(COLUMN($P$14:$Z$14)-COLUMN($P$14)+1,2))) -> 15 | AE46: =SUMIF($E$14:$N$14,"CO4",$E$17:$N$17) + IF(O46>=0, SUMPRODUCT(($O$14:$Z$14="CO4")*(O46:Z46)*MOD(COLUMN($O$14:$Z$14)-COLUMN($O$14)+1,2))+ SUMPRODUCT(($P$14:$Z$14="CO4")*(P46:Z46)*MOD(COLUMN($P$14:$Z$14)-COLUMN($P$14)+1,2))) -> 0 | AF46: =SUMIF($E$14:$N$14,"CO5",$E$17:$N$17) + IF(O46>=0, SUMPRODUCT(($O$14:$Z$14="CO5")*(O46:Z46)*MOD(COLUMN($O$14:$Z$14)-COLUMN($O$14)+1,2))+ SUMPRODUCT(($P$14:$Z$14="CO5")*(P46:Z46)*MOD(COLUMN($P$14:$Z$14)-COLUMN($P$14)+1,2)) ) -> 0 | AG46: =SUMIF($E$14:$N$14,"CO6",$E$17:$N$17) + IF(O46>0, SUMPRODUCT(($O$14:$Z$14="CO6")*($O$17:$Z$17)*MOD(COLUMN($O$14:$Z$14)-COLUMN($O$14)+1,2))+ SUMPRODUCT(($P$14:$Z$14="CO6")*($P$17:$Z$17)*MOD(COLUMN($P$14:$Z$14)-COLUMN($P$14)+1,2)) ) -> 0 | AH46: =SUM(AB46:AG46) -> 76 | AI46: =AB46/(SUMIF($E$14:$N$14,"CO1",$E$13:$N$13)+SUMPRODUCT(($O$14:$Z$14="CO1")*($O46:$Z46>0)*($O$13:$Z$13)))*100 -> 77.5 | AJ46: =AC46/(SUMIF($E$14:$N$14,"CO2",$E$13:$N$13)+SUMPRODUCT(($O$14:$Z$14="CO2")*($O46:$Z46>0)*($O$13:$Z$13)))*100 -> 75 | AK46: =AD46/(SUMIF($E$14:$N$14,"CO3",$E$13:$N$13)+SUMPRODUCT(($O$14:$Z$14="CO3")*($O46:$Z46>0)*($O$13:$Z$13)))*100 -> 75
A47: 31 | B47: ='STUDENT NAMELIST'!B35 -> 211423243078 | C47: ='STUDENT NAMELIST'!C35 -> 2023PEC AI 131 | D47: ='STUDENT NAMELIST'!D35 -> DARSHANA K P | E47: 0 | F47: 0 | G47: 0 | H47: 0 | I47: 1 | J47: 1 | K47: 2 | L47: 1 | M47: 1 | N47: 1 | O47: 16 | P47: 0 | Q47: 0 | R47: 16 | S47: 14 | T47: 0 | U47: 16 | V47: 0 | W47: 0 | X47: 13 | AA47: =SUM(E47,F47,G47,H47,I47,J47,K47,L47,M47,N47,O47,P47,Q47,R47,S47,T47,U47,V47,W47,X47,Y47,Z47) -> 82 | AB47: =SUMIF($E$14:$N$14,"CO1",E47:N47)+IF(O47>=0,SUMPRODUCT(($O$14:$Z$14="CO1")*(O47:Z47)*MOD(COLUMN($O$14:$Z$14)-COLUMN($O$14)+1,2))+SUMPRODUCT(($P$14:$Z$14="CO1")*(P47:Z47)*MOD(COLUMN($P$14:$Z$14)-COLUMN($P$14)+1,2))) -> 32 | AC47: =SUMIF($E$14:$N$14,"CO1",F47:O47)+IF(P47>=0,SUMPRODUCT(($O$14:$Z$14="CO1")*(P47:AA47)*MOD(COLUMN($O$14:$Z$14)-COLUMN($O$14)+1,2))+SUMPRODUCT(($P$14:$Z$14="CO1")*(Q47:AA47)*MOD(COLUMN($P$14:$Z$14)-COLUMN($P$14)+1,2))) -> 31 | AD47: =SUMIF($E$14:$N$14,"CO3",E47:N47)+IF(O47>=0, SUMPRODUCT(($O$14:$Z$14="CO3")*(O47:Z47)*MOD(COLUMN($O$14:$Z$14)-COLUMN($O$14)+1,2))+ SUMPRODUCT(($P$14:$Z$14="CO3")*(P47:Z47)*MOD(COLUMN($P$14:$Z$14)-COLUMN($P$14)+1,2))) -> 15 | AE47: =SUMIF($E$14:$N$14,"CO4",$E$17:$N$17) + IF(O47>=0, SUMPRODUCT(($O$14:$Z$14="CO4")*(O47:Z47)*MOD(COLUMN($O$14:$Z$14)-COLUMN($O$14)+1,2))+ SUMPRODUCT(($P$14:$Z$14="CO4")*(P47:Z47)*MOD(COLUMN($P$14:$Z$14)-COLUMN($P$14)+1,2))) -> 0 | AF47: =SUMIF($E$14:$N$14,"CO5",$E$17:$N$17) + IF(O47>=0, SUMPRODUCT(($O$14:$Z$14="CO5")*(O47:Z47)*MOD(COLUMN($O$14:$Z$14)-COLUMN($O$14)+1,2))+ SUMPRODUCT(($P$14:$Z$14="CO5")*(P47:Z47)*MOD(COLUMN($P$14:$Z$14)-COLUMN($P$14)+1,2)) ) -> 0 | AG47: =SUMIF($E$14:$N$14,"CO6",$E$17:$N$17) + IF(O47>0, SUMPRODUCT(($O$14:$Z$14="CO6")*($O$17:$Z$17)*MOD(COLUMN($O$14:$Z$14)-COLUMN($O$14)+1,2))+ SUMPRODUCT(($P$14:$Z$14="CO6")*($P$17:$Z$17)*MOD(COLUMN($P$14:$Z$14)-COLUMN($P$14)+1,2)) ) -> 0 | AH47: =SUM(AB47:AG47) -> 78 | AI47: =AB47/(SUMIF($E$14:$N$14,"CO1",$E$13:$N$13)+SUMPRODUCT(($O$14:$Z$14="CO1")*($O47:$Z47>0)*($O$13:$Z$13)))*100 -> 80 | AJ47: =AC47/(SUMIF($E$14:$N$14,"CO2",$E$13:$N$13)+SUMPRODUCT(($O$14:$Z$14="CO2")*($O47:$Z47>0)*($O$13:$Z$13)))*100 -> 77.5 | AK47: =AD47/(SUMIF($E$14:$N$14,"CO3",$E$13:$N$13)+SUMPRODUCT(($O$14:$Z$14="CO3")*($O47:$Z47>0)*($O$13:$Z$13)))*100 -> 75
A48: 32 | B48: ='STUDENT NAMELIST'!B36 -> 211423243079 | C48: ='STUDENT NAMELIST'!C36 -> 2023PEC AI 132 | D48: ='STUDENT NAMELIST'!D36 -> DARSHINI SIVA SRI M S | E48: 1 | F48: 2 | G48: 0 | H48: 1 | I48: 0 | J48: 1 | K48: 1 | L48: 0 | M48: 0 | N48: 2 | O48: 14 | Q48: 14 | S48: 14 | U48: 14 | W48: 14 | AA48: =SUM(E48,F48,G48,H48,I48,J48,K48,L48,M48,N48,O48,P48,Q48,R48,S48,T48,U48,V48,W48,X48,Y48,Z48) -> 78 | AB48: =SUMIF($E$14:$N$14,"CO1",E48:N48)+IF(O48>=0,SUMPRODUCT(($O$14:$Z$14="CO1")*(O48:Z48)*MOD(COLUMN($O$14:$Z$14)-COLUMN($O$14)+1,2))+SUMPRODUCT(($P$14:$Z$14="CO1")*(P48:Z48)*MOD(COLUMN($P$14:$Z$14)-COLUMN($P$14)+1,2))) -> 32 | AC48: =SUMIF($E$14:$N$14,"CO1",F48:O48)+IF(P48>=0,SUMPRODUCT(($O$14:$Z$14="CO1")*(P48:AA48)*MOD(COLUMN($O$14:$Z$14)-COLUMN($O$14)+1,2))+SUMPRODUCT(($P$14:$Z$14="CO1")*(Q48:AA48)*MOD(COLUMN($P$14:$Z$14)-COLUMN($P$14)+1,2))) -> 31 | AD48: =SUMIF($E$14:$N$14,"CO3",E48:N48)+IF(O48>=0, SUMPRODUCT(($O$14:$Z$14="CO3")*(O48:Z48)*MOD(COLUMN($O$14:$Z$14)-COLUMN($O$14)+1,2))+ SUMPRODUCT(($P$14:$Z$14="CO3")*(P48:Z48)*MOD(COLUMN($P$14:$Z$14)-COLUMN($P$14)+1,2))) -> 16 | AE48: =SUMIF($E$14:$N$14,"CO4",$E$17:$N$17) + IF(O48>=0, SUMPRODUCT(($O$14:$Z$14="CO4")*(O48:Z48)*MOD(COLUMN($O$14:$Z$14)-COLUMN($O$14)+1,2))+ SUMPRODUCT(($P$14:$Z$14="CO4")*(P48:Z48)*MOD(COLUMN($P$14:$Z$14)-COLUMN($P$14)+1,2))) -> 0 | AF48: =SUMIF($E$14:$N$14,"CO5",$E$17:$N$17) + IF(O48>=0, SUMPRODUCT(($O$14:$Z$14="CO5")*(O48:Z48)*MOD(COLUMN($O$14:$Z$14)-COLUMN($O$14)+1,2))+ SUMPRODUCT(($P$14:$Z$14="CO5")*(P48:Z48)*MOD(COLUMN($P$14:$Z$14)-COLUMN($P$14)+1,2)) ) -> 0 | AG48: =SUMIF($E$14:$N$14,"CO6",$E$17:$N$17) + IF(O48>0, SUMPRODUCT(($O$14:$Z$14="CO6")*($O$17:$Z$17)*MOD(COLUMN($O$14:$Z$14)-COLUMN($O$14)+1,2))+ SUMPRODUCT(($P$14:$Z$14="CO6")*($P$17:$Z$17)*MOD(COLUMN($P$14:$Z$14)-COLUMN($P$14)+1,2)) ) -> 0 | AH48: =SUM(AB48:AG48) -> 79 | AI48: =AB48/(SUMIF($E$14:$N$14,"CO1",$E$13:$N$13)+SUMPRODUCT(($O$14:$Z$14="CO1")*($O48:$Z48>0)*($O$13:$Z$13)))*100 -> 80 | AJ48: =AC48/(SUMIF($E$14:$N$14,"CO2",$E$13:$N$13)+SUMPRODUCT(($O$14:$Z$14="CO2")*($O48:$Z48>0)*($O$13:$Z$13)))*100 -> 77.5 | AK48: =AD48/(SUMIF($E$14:$N$14,"CO3",$E$13:$N$13)+SUMPRODUCT(($O$14:$Z$14="CO3")*($O48:$Z48>0)*($O$13:$Z$13)))*100 -> 80
A49: 33 | B49: ='STUDENT NAMELIST'!B37 -> 211423243080 | C49: ='STUDENT NAMELIST'!C37 -> 2023PEC AI 133 | D49: ='STUDENT NAMELIST'!D37 -> DEEKSHITHA SELVAM | E49: 2 | F49: 2 | G49: 2 | H49: 2 | I49: 1 | J49: 0 | K49: 0 | L49: 0 | M49: 2 | N49: 0 | O49: 14 | Q49: 14 | S49: 14 | U49: 14 | W49: 14 | AA49: =SUM(E49,F49,G49,H49,I49,J49,K49,L49,M49,N49,O49,P49,Q49,R49,S49,T49,U49,V49,W49,X49,Y49,Z49) -> 81 | AB49: =SUMIF($E$14:$N$14,"CO1",E49:N49)+IF(O49>=0,SUMPRODUCT(($O$14:$Z$14="CO1")*(O49:Z49)*MOD(COLUMN($O$14:$Z$14)-COLUMN($O$14)+1,2))+SUMPRODUCT(($P$14:$Z$14="CO1")*(P49:Z49)*MOD(COLUMN($P$14:$Z$14)-COLUMN($P$14)+1,2))) -> 36 | AC49: =SUMIF($E$14:$N$14,"CO1",F49:O49)+IF(P49>=0,SUMPRODUCT(($O$14:$Z$14="CO1")*(P49:AA49)*MOD(COLUMN($O$14:$Z$14)-COLUMN($O$14)+1,2))+SUMPRODUCT(($P$14:$Z$14="CO1")*(Q49:AA49)*MOD(COLUMN($P$14:$Z$14)-COLUMN($P$14)+1,2))) -> 35 | AD49: =SUMIF($E$14:$N$14,"CO3",E49:N49)+IF(O49>=0, SUMPRODUCT(($O$14:$Z$14="CO3")*(O49:Z49)*MOD(COLUMN($O$14:$Z$14)-COLUMN($O$14)+1,2))+ SUMPRODUCT(($P$14:$Z$14="CO3")*(P49:Z49)*MOD(COLUMN($P$14:$Z$14)-COLUMN($P$14)+1,2))) -> 16 | AE49: =SUMIF($E$14:$N$14,"CO4",$E$17:$N$17) + IF(O49>=0, SUMPRODUCT(($O$14:$Z$14="CO4")*(O49:Z49)*MOD(COLUMN($O$14:$Z$14)-COLUMN($O$14)+1,2))+ SUMPRODUCT(($P$14:$Z$14="CO4")*(P49:Z49)*MOD(COLUMN($P$14:$Z$14)-COLUMN($P$14)+1,2))) -> 0 | AF49: =SUMIF($E$14:$N$14,"CO5",$E$17:$N$17) + IF(O49>=0, SUMPRODUCT(($O$14:$Z$14="CO5")*(O49:Z49)*MOD(COLUMN($O$14:$Z$14)-COLUMN($O$14)+1,2))+ SUMPRODUCT(($P$14:$Z$14="CO5")*(P49:Z49)*MOD(COLUMN($P$14:$Z$14)-COLUMN($P$14)+1,2)) ) -> 0 | AG49: =SUMIF($E$14:$N$14,"CO6",$E$17:$N$17) + IF(O49>0, SUMPRODUCT(($O$14:$Z$14="CO6")*($O$17:$Z$17)*MOD(COLUMN($O$14:$Z$14)-COLUMN($O$14)+1,2))+ SUMPRODUCT(($P$14:$Z$14="CO6")*($P$17:$Z$17)*MOD(COLUMN($P$14:$Z$14)-COLUMN($P$14)+1,2)) ) -> 0 | AH49: =SUM(AB49:AG49) -> 87 | AI49: =AB49/(SUMIF($E$14:$N$14,"CO1",$E$13:$N$13)+SUMPRODUCT(($O$14:$Z$14="CO1")*($O49:$Z49>0)*($O$13:$Z$13)))*100 -> 90 | AJ49: =AC49/(SUMIF($E$14:$N$14,"CO2",$E$13:$N$13)+SUMPRODUCT(($O$14:$Z$14="CO2")*($O49:$Z49>0)*($O$13:$Z$13)))*100 -> 87.5 | AK49: =AD49/(SUMIF($E$14:$N$14,"CO3",$E$13:$N$13)+SUMPRODUCT(($O$14:$Z$14="CO3")*($O49:$Z49>0)*($O$13:$Z$13)))*100 -> 80
A50: 34 | B50: ='STUDENT NAMELIST'!B38 -> 211423243083 | C50: ='STUDENT NAMELIST'!C38 -> 2023PEC AI 134 | D50: ='STUDENT NAMELIST'!D38 -> DEEPAMANASHA M | E50: 2 | F50: 0 | G50: 1 | H50: 2 | I50: 2 | J50: 0 | K50: 0 | L50: 2 | M50: 2 | N50: 1 | O50: 14 | Q50: 14 | S50: 14 | U50: 14 | W50: 14 | AA50: =SUM(E50,F50,G50,H50,I50,J50,K50,L50,M50,N50,O50,P50,Q50,R50,S50,T50,U50,V50,W50,X50,Y50,Z50) -> 82 | AB50: =SUMIF($E$14:$N$14,"CO1",E50:N50)+IF(O50>=0,SUMPRODUCT(($O$14:$Z$14="CO1")*(O50:Z50)*MOD(COLUMN($O$14:$Z$14)-COLUMN($O$14)+1,2))+SUMPRODUCT(($P$14:$Z$14="CO1")*(P50:Z50)*MOD(COLUMN($P$14:$Z$14)-COLUMN($P$14)+1,2))) -> 33 | AC50: =SUMIF($E$14:$N$14,"CO1",F50:O50)+IF(P50>=0,SUMPRODUCT(($O$14:$Z$14="CO1")*(P50:AA50)*MOD(COLUMN($O$14:$Z$14)-COLUMN($O$14)+1,2))+SUMPRODUCT(($P$14:$Z$14="CO1")*(Q50:AA50)*MOD(COLUMN($P$14:$Z$14)-COLUMN($P$14)+1,2))) -> 33 | AD50: =SUMIF($E$14:$N$14,"CO3",E50:N50)+IF(O50>=0, SUMPRODUCT(($O$14:$Z$14="CO3")*(O50:Z50)*MOD(COLUMN($O$14:$Z$14)-COLUMN($O$14)+1,2))+ SUMPRODUCT(($P$14:$Z$14="CO3")*(P50:Z50)*MOD(COLUMN($P$14:$Z$14)-COLUMN($P$14)+1,2))) -> 17 | AE50: =SUMIF($E$14:$N$14,"CO4",$E$17:$N$17) + IF(O50>=0, SUMPRODUCT(($O$14:$Z$14="CO4")*(O50:Z50)*MOD(COLUMN($O$14:$Z$14)-COLUMN($O$14)+1,2))+ SUMPRODUCT(($P$14:$Z$14="CO4")*(P50:Z50)*MOD(COLUMN($P$14:$Z$14)-COLUMN($P$14)+1,2))) -> 0 | AF50: =SUMIF($E$14:$N$14,"CO5",$E$17:$N$17) + IF(O50>=0, SUMPRODUCT(($O$14:$Z$14="CO5")*(O50:Z50)*MOD(COLUMN($O$14:$Z$14)-COLUMN($O$14)+1,2))+ SUMPRODUCT(($P$14:$Z$14="CO5")*(P50:Z50)*MOD(COLUMN($P$14:$Z$14)-COLUMN($P$14)+1,2)) ) -> 0 | AG50: =SUMIF($E$14:$N$14,"CO6",$E$17:$N$17) + IF(O50>0, SUMPRODUCT(($O$14:$Z$14="CO6")*($O$17:$Z$17)*MOD(COLUMN($O$14:$Z$14)-COLUMN($O$14)+1,2))+ SUMPRODUCT(($P$14:$Z$14="CO6")*($P$17:$Z$17)*MOD(COLUMN($P$14:$Z$14)-COLUMN($P$14)+1,2)) ) -> 0 | AH50: =SUM(AB50:AG50) -> 83 | AI50: =AB50/(SUMIF($E$14:$N$14,"CO1",$E$13:$N$13)+SUMPRODUCT(($O$14:$Z$14="CO1")*($O50:$Z50>0)*($O$13:$Z$13)))*100 -> 82.5 | AJ50: =AC50/(SUMIF($E$14:$N$14,"CO2",$E$13:$N$13)+SUMPRODUCT(($O$14:$Z$14="CO2")*($O50:$Z50>0)*($O$13:$Z$13)))*100 -> 82.5 | AK50: =AD50/(SUMIF($E$14:$N$14,"CO3",$E$13:$N$13)+SUMPRODUCT(($O$14:$Z$14="CO3")*($O50:$Z50>0)*($O$13:$Z$13)))*100 -> 85
A51: 35 | B51: ='STUDENT NAMELIST'!B39 -> 211423243085 | C51: ='STUDENT NAMELIST'!C39 -> 2023PEC AI 135 | D51: ='STUDENT NAMELIST'!D39 -> DEEPTHIKA S | E51: 2 | F51: 1 | G51: 2 | H51: 2 | I51: 2 | J51: 0 | K51: 0 | L51: 2 | M51: 1 | N51: 0 | O51: 12 | Q51: 12 | S51: 14 | U51: 15 | W51: 16 | AA51: =SUM(E51,F51,G51,H51,I51,J51,K51,L51,M51,N51,O51,P51,Q51,R51,S51,T51,U51,V51,W51,X51,Y51,Z51) -> 81 | AB51: =SUMIF($E$14:$N$14,"CO1",E51:N51)+IF(O51>=0,SUMPRODUCT(($O$14:$Z$14="CO1")*(O51:Z51)*MOD(COLUMN($O$14:$Z$14)-COLUMN($O$14)+1,2))+SUMPRODUCT(($P$14:$Z$14="CO1")*(P51:Z51)*MOD(COLUMN($P$14:$Z$14)-COLUMN($P$14)+1,2))) -> 31 | AC51: =SUMIF($E$14:$N$14,"CO1",F51:O51)+IF(P51>=0,SUMPRODUCT(($O$14:$Z$14="CO1")*(P51:AA51)*MOD(COLUMN($O$14:$Z$14)-COLUMN($O$14)+1,2))+SUMPRODUCT(($P$14:$Z$14="CO1")*(Q51:AA51)*MOD(COLUMN($P$14:$Z$14)-COLUMN($P$14)+1,2))) -> 33 | AD51: =SUMIF($E$14:$N$14,"CO3",E51:N51)+IF(O51>=0, SUMPRODUCT(($O$14:$Z$14="CO3")*(O51:Z51)*MOD(COLUMN($O$14:$Z$14)-COLUMN($O$14)+1,2))+ SUMPRODUCT(($P$14:$Z$14="CO3")*(P51:Z51)*MOD(COLUMN($P$14:$Z$14)-COLUMN($P$14)+1,2))) -> 17 | AE51: =SUMIF($E$14:$N$14,"CO4",$E$17:$N$17) + IF(O51>=0, SUMPRODUCT(($O$14:$Z$14="CO4")*(O51:Z51)*MOD(COLUMN($O$14:$Z$14)-COLUMN($O$14)+1,2))+ SUMPRODUCT(($P$14:$Z$14="CO4")*(P51:Z51)*MOD(COLUMN($P$14:$Z$14)-COLUMN($P$14)+1,2))) -> 0 | AF51: =SUMIF($E$14:$N$14,"CO5",$E$17:$N$17) + IF(O51>=0, SUMPRODUCT(($O$14:$Z$14="CO5")*(O51:Z51)*MOD(COLUMN($O$14:$Z$14)-COLUMN($O$14)+1,2))+ SUMPRODUCT(($P$14:$Z$14="CO5")*(P51:Z51)*MOD(COLUMN($P$14:$Z$14)-COLUMN($P$14)+1,2)) ) -> 0 | AG51: =SUMIF($E$14:$N$14,"CO6",$E$17:$N$17) + IF(O51>0, SUMPRODUCT(($O$14:$Z$14="CO6")*($O$17:$Z$17)*MOD(COLUMN($O$14:$Z$14)-COLUMN($O$14)+1,2))+ SUMPRODUCT(($P$14:$Z$14="CO6")*($P$17:$Z$17)*MOD(COLUMN($P$14:$Z$14)-COLUMN($P$14)+1,2)) ) -> 0 | AH51: =SUM(AB51:AG51) -> 81 | AI51: =AB51/(SUMIF($E$14:$N$14,"CO1",$E$13:$N$13)+SUMPRODUCT(($O$14:$Z$14="CO1")*($O51:$Z51>0)*($O$13:$Z$13)))*100 -> 77.5 | AJ51: =AC51/(SUMIF($E$14:$N$14,"CO2",$E$13:$N$13)+SUMPRODUCT(($O$14:$Z$14="CO2")*($O51:$Z51>0)*($O$13:$Z$13)))*100 -> 82.5 | AK51: =AD51/(SUMIF($E$14:$N$14,"CO3",$E$13:$N$13)+SUMPRODUCT(($O$14:$Z$14="CO3")*($O51:$Z51>0)*($O$13:$Z$13)))*100 -> 85
A52: 36 | B52: ='STUDENT NAMELIST'!B40 -> 211423243086 | C52: ='STUDENT NAMELIST'!C40 -> 2023PEC AI 136 | D52: ='STUDENT NAMELIST'!D40 -> DENISHA S | E52: 0 | F52: 0 | G52: 0 | H52: 0 | I52: 2 | J52: 2 | K52: 0 | L52: 0 | M52: 1 | N52: 0 | O52: 16 | P52: 0 | Q52: 0 | R52: 16 | S52: 14 | T52: 0 | U52: 16 | V52: 0 | W52: 0 | X52: 13 | AA52: =SUM(E52,F52,G52,H52,I52,J52,K52,L52,M52,N52,O52,P52,Q52,R52,S52,T52,U52,V52,W52,X52,Y52,Z52) -> 80 | AB52: =SUMIF($E$14:$N$14,"CO1",E52:N52)+IF(O52>=0,SUMPRODUCT(($O$14:$Z$14="CO1")*(O52:Z52)*MOD(COLUMN($O$14:$Z$14)-COLUMN($O$14)+1,2))+SUMPRODUCT(($P$14:$Z$14="CO1")*(P52:Z52)*MOD(COLUMN($P$14:$Z$14)-COLUMN($P$14)+1,2))) -> 32 | AC52: =SUMIF($E$14:$N$14,"CO1",F52:O52)+IF(P52>=0,SUMPRODUCT(($O$14:$Z$14="CO1")*(P52:AA52)*MOD(COLUMN($O$14:$Z$14)-COLUMN($O$14)+1,2))+SUMPRODUCT(($P$14:$Z$14="CO1")*(Q52:AA52)*MOD(COLUMN($P$14:$Z$14)-COLUMN($P$14)+1,2))) -> 32 | AD52: =SUMIF($E$14:$N$14,"CO3",E52:N52)+IF(O52>=0, SUMPRODUCT(($O$14:$Z$14="CO3")*(O52:Z52)*MOD(COLUMN($O$14:$Z$14)-COLUMN($O$14)+1,2))+ SUMPRODUCT(($P$14:$Z$14="CO3")*(P52:Z52)*MOD(COLUMN($P$14:$Z$14)-COLUMN($P$14)+1,2))) -> 14 | AE52: =SUMIF($E$14:$N$14,"CO4",$E$17:$N$17) + IF(O52>=0, SUMPRODUCT(($O$14:$Z$14="CO4")*(O52:Z52)*MOD(COLUMN($O$14:$Z$14)-COLUMN($O$14)+1,2))+ SUMPRODUCT(($P$14:$Z$14="CO4")*(P52:Z52)*MOD(COLUMN($P$14:$Z$14)-COLUMN($P$14)+1,2))) -> 0 | AF52: =SUMIF($E$14:$N$14,"CO5",$E$17:$N$17) + IF(O52>=0, SUMPRODUCT(($O$14:$Z$14="CO5")*(O52:Z52)*MOD(COLUMN($O$14:$Z$14)-COLUMN($O$14)+1,2))+ SUMPRODUCT(($P$14:$Z$14="CO5")*(P52:Z52)*MOD(COLUMN($P$14:$Z$14)-COLUMN($P$14)+1,2)) ) -> 0 | AG52: =SUMIF($E$14:$N$14,"CO6",$E$17:$N$17) + IF(O52>0, SUMPRODUCT(($O$14:$Z$14="CO6")*($O$17:$Z$17)*MOD(COLUMN($O$14:$Z$14)-COLUMN($O$14)+1,2))+ SUMPRODUCT(($P$14:$Z$14="CO6")*($P$17:$Z$17)*MOD(COLUMN($P$14:$Z$14)-COLUMN($P$14)+1,2)) ) -> 0 | AH52: =SUM(AB52:AG52) -> 78 | AI52: =AB52/(SUMIF($E$14:$N$14,"CO1",$E$13:$N$13)+SUMPRODUCT(($O$14:$Z$14="CO1")*($O52:$Z52>0)*($O$13:$Z$13)))*100 -> 80 | AJ52: =AC52/(SUMIF($E$14:$N$14,"CO2",$E$13:$N$13)+SUMPRODUCT(($O$14:$Z$14="CO2")*($O52:$Z52>0)*($O$13:$Z$13)))*100 -> 80 | AK52: =AD52/(SUMIF($E$14:$N$14,"CO3",$E$13:$N$13)+SUMPRODUCT(($O$14:$Z$14="CO3")*($O52:$Z52>0)*($O$13:$Z$13)))*100 -> 70
A53: 38 | B53: ='STUDENT NAMELIST'!B41 -> 211423243087 | C53: ='STUDENT NAMELIST'!C41 -> 2023PEC AI 137 | D53: ='STUDENT NAMELIST'!D41 -> DEVADHARSHINI G | E53: 0 | F53: 0 | G53: 0 | H53: 1 | I53: 0 | J53: 1 | K53: 0 | L53: 0 | M53: 0 | N53: 1 | P53: 11 | R53: 14 | T53: 14 | V53: 16 | W53: 14 | AA53: =SUM(E53,F53,G53,H53,I53,J53,K53,L53,M53,N53,O53,P53,Q53,R53,S53,T53,U53,V53,W53,X53,Y53,Z53) -> 72 | AB53: =SUMIF($E$14:$N$14,"CO1",E53:N53)+IF(O53>=0,SUMPRODUCT(($O$14:$Z$14="CO1")*(O53:Z53)*MOD(COLUMN($O$14:$Z$14)-COLUMN($O$14)+1,2))+SUMPRODUCT(($P$14:$Z$14="CO1")*(P53:Z53)*MOD(COLUMN($P$14:$Z$14)-COLUMN($P$14)+1,2))) -> 26 | AC53: =SUMIF($E$14:$N$14,"CO1",F53:O53)+IF(P53>=0,SUMPRODUCT(($O$14:$Z$14="CO1")*(P53:AA53)*MOD(COLUMN($O$14:$Z$14)-COLUMN($O$14)+1,2))+SUMPRODUCT(($P$14:$Z$14="CO1")*(Q53:AA53)*MOD(COLUMN($P$14:$Z$14)-COLUMN($P$14)+1,2))) -> 26 | AD53: =SUMIF($E$14:$N$14,"CO3",E53:N53)+IF(O53>=0, SUMPRODUCT(($O$14:$Z$14="CO3")*(O53:Z53)*MOD(COLUMN($O$14:$Z$14)-COLUMN($O$14)+1,2))+ SUMPRODUCT(($P$14:$Z$14="CO3")*(P53:Z53)*MOD(COLUMN($P$14:$Z$14)-COLUMN($P$14)+1,2))) -> 15 | AE53: =SUMIF($E$14:$N$14,"CO4",$E$17:$N$17) + IF(O53>=0, SUMPRODUCT(($O$14:$Z$14="CO4")*(O53:Z53)*MOD(COLUMN($O$14:$Z$14)-COLUMN($O$14)+1,2))+ SUMPRODUCT(($P$14:$Z$14="CO4")*(P53:Z53)*MOD(COLUMN($P$14:$Z$14)-COLUMN($P$14)+1,2))) -> 0 | AF53: =SUMIF($E$14:$N$14,"CO5",$E$17:$N$17) + IF(O53>=0, SUMPRODUCT(($O$14:$Z$14="CO5")*(O53:Z53)*MOD(COLUMN($O$14:$Z$14)-COLUMN($O$14)+1,2))+ SUMPRODUCT(($P$14:$Z$14="CO5")*(P53:Z53)*MOD(COLUMN($P$14:$Z$14)-COLUMN($P$14)+1,2)) ) -> 0 | AG53: =SUMIF($E$14:$N$14,"CO6",$E$17:$N$17) + IF(O53>0, SUMPRODUCT(($O$14:$Z$14="CO6")*($O$17:$Z$17)*MOD(COLUMN($O$14:$Z$14)-COLUMN($O$14)+1,2))+ SUMPRODUCT(($P$14:$Z$14="CO6")*($P$17:$Z$17)*MOD(COLUMN($P$14:$Z$14)-COLUMN($P$14)+1,2)) ) -> 0 | AH53: =SUM(AB53:AG53) -> 67 | AI53: =AB53/(SUMIF($E$14:$N$14,"CO1",$E$13:$N$13)+SUMPRODUCT(($O$14:$Z$14="CO1")*($O53:$Z53>0)*($O$13:$Z$13)))*100 -> 65 | AJ53: =AC53/(SUMIF($E$14:$N$14,"CO2",$E$13:$N$13)+SUMPRODUCT(($O$14:$Z$14="CO2")*($O53:$Z53>0)*($O$13:$Z$13)))*100 -> 65 | AK53: =AD53/(SUMIF($E$14:$N$14,"CO3",$E$13:$N$13)+SUMPRODUCT(($O$14:$Z$14="CO3")*($O53:$Z53>0)*($O$13:$Z$13)))*100 -> 75
A54: 38 | B54: ='STUDENT NAMELIST'!B42 -> 211423243088 | C54: ='STUDENT NAMELIST'!C42 -> 2023PEC AI 138 | D54: ='STUDENT NAMELIST'!D42 -> DEVADHARSHINI M A | E54: 2 | F54: 2 | G54: 0 | H54: 1 | I54: 1 | J54: 1 | K54: 0 | L54: 1 | M54: 2 | N54: 2 | O54: 15 | Q54: 14 | T54: 16 | V54: 16 | X54: 16 | AA54: =SUM(E54,F54,G54,H54,I54,J54,K54,L54,M54,N54,O54,P54,Q54,R54,S54,T54,U54,V54,W54,X54,Y54,Z54) -> 89 | AB54: =SUMIF($E$14:$N$14,"CO1",E54:N54)+IF(O54>=0,SUMPRODUCT(($O$14:$Z$14="CO1")*(O54:Z54)*MOD(COLUMN($O$14:$Z$14)-COLUMN($O$14)+1,2))+SUMPRODUCT(($P$14:$Z$14="CO1")*(P54:Z54)*MOD(COLUMN($P$14:$Z$14)-COLUMN($P$14)+1,2))) -> 34 | AC54: =SUMIF($E$14:$N$14,"CO1",F54:O54)+IF(P54>=0,SUMPRODUCT(($O$14:$Z$14="CO1")*(P54:AA54)*MOD(COLUMN($O$14:$Z$14)-COLUMN($O$14)+1,2))+SUMPRODUCT(($P$14:$Z$14="CO1")*(Q54:AA54)*MOD(COLUMN($P$14:$Z$14)-COLUMN($P$14)+1,2))) -> 18 | AD54: =SUMIF($E$14:$N$14,"CO3",E54:N54)+IF(O54>=0, SUMPRODUCT(($O$14:$Z$14="CO3")*(O54:Z54)*MOD(COLUMN($O$14:$Z$14)-COLUMN($O$14)+1,2))+ SUMPRODUCT(($P$14:$Z$14="CO3")*(P54:Z54)*MOD(COLUMN($P$14:$Z$14)-COLUMN($P$14)+1,2))) -> 20 | AE54: =SUMIF($E$14:$N$14,"CO4",$E$17:$N$17) + IF(O54>=0, SUMPRODUCT(($O$14:$Z$14="CO4")*(O54:Z54)*MOD(COLUMN($O$14:$Z$14)-COLUMN($O$14)+1,2))+ SUMPRODUCT(($P$14:$Z$14="CO4")*(P54:Z54)*MOD(COLUMN($P$14:$Z$14)-COLUMN($P$14)+1,2))) -> 0 | AF54: =SUMIF($E$14:$N$14,"CO5",$E$17:$N$17) + IF(O54>=0, SUMPRODUCT(($O$14:$Z$14="CO5")*(O54:Z54)*MOD(COLUMN($O$14:$Z$14)-COLUMN($O$14)+1,2))+ SUMPRODUCT(($P$14:$Z$14="CO5")*(P54:Z54)*MOD(COLUMN($P$14:$Z$14)-COLUMN($P$14)+1,2)) ) -> 0 | AG54: =SUMIF($E$14:$N$14,"CO6",$E$17:$N$17) + IF(O54>0, SUMPRODUCT(($O$14:$Z$14="CO6")*($O$17:$Z$17)*MOD(COLUMN($O$14:$Z$14)-COLUMN($O$14)+1,2))+ SUMPRODUCT(($P$14:$Z$14="CO6")*($P$17:$Z$17)*MOD(COLUMN($P$14:$Z$14)-COLUMN($P$14)+1,2)) ) -> 0 | AH54: =SUM(AB54:AG54) -> 72 | AI54: =AB54/(SUMIF($E$14:$N$14,"CO1",$E$13:$N$13)+SUMPRODUCT(($O$14:$Z$14="CO1")*($O54:$Z54>0)*($O$13:$Z$13)))*100 -> 85 | AJ54: =AC54/(SUMIF($E$14:$N$14,"CO2",$E$13:$N$13)+SUMPRODUCT(($O$14:$Z$14="CO2")*($O54:$Z54>0)*($O$13:$Z$13)))*100 -> 45 | AK54: =AD54/(SUMIF($E$14:$N$14,"CO3",$E$13:$N$13)+SUMPRODUCT(($O$14:$Z$14="CO3")*($O54:$Z54>0)*($O$13:$Z$13)))*100 -> 100
A55: 39 | B55: ='STUDENT NAMELIST'!B43 -> 211423243089 | C55: ='STUDENT NAMELIST'!C43 -> 2023PEC AI 139 | D55: ='STUDENT NAMELIST'!D43 -> DEVIPRIYA M S | E55: 0 | F55: 0 | G55: 1 | H55: 1 | I55: 1 | J55: 1 | K55: 1 | L55: 0 | M55: 1 | N55: 0 | P55: 15 | R55: 16 | T55: 12 | U55: 16 | W55: 16 | AA55: =SUM(E55,F55,G55,H55,I55,J55,K55,L55,M55,N55,O55,P55,Q55,R55,S55,T55,U55,V55,W55,X55,Y55,Z55) -> 81 | AB55: =SUMIF($E$14:$N$14,"CO1",E55:N55)+IF(O55>=0,SUMPRODUCT(($O$14:$Z$14="CO1")*(O55:Z55)*MOD(COLUMN($O$14:$Z$14)-COLUMN($O$14)+1,2))+SUMPRODUCT(($P$14:$Z$14="CO1")*(P55:Z55)*MOD(COLUMN($P$14:$Z$14)-COLUMN($P$14)+1,2))) -> 33 | AC55: =SUMIF($E$14:$N$14,"CO1",F55:O55)+IF(P55>=0,SUMPRODUCT(($O$14:$Z$14="CO1")*(P55:AA55)*MOD(COLUMN($O$14:$Z$14)-COLUMN($O$14)+1,2))+SUMPRODUCT(($P$14:$Z$14="CO1")*(Q55:AA55)*MOD(COLUMN($P$14:$Z$14)-COLUMN($P$14)+1,2))) -> 34 | AD55: =SUMIF($E$14:$N$14,"CO3",E55:N55)+IF(O55>=0, SUMPRODUCT(($O$14:$Z$14="CO3")*(O55:Z55)*MOD(COLUMN($O$14:$Z$14)-COLUMN($O$14)+1,2))+ SUMPRODUCT(($P$14:$Z$14="CO3")*(P55:Z55)*MOD(COLUMN($P$14:$Z$14)-COLUMN($P$14)+1,2))) -> 17 | AE55: =SUMIF($E$14:$N$14,"CO4",$E$17:$N$17) + IF(O55>=0, SUMPRODUCT(($O$14:$Z$14="CO4")*(O55:Z55)*MOD(COLUMN($O$14:$Z$14)-COLUMN($O$14)+1,2))+ SUMPRODUCT(($P$14:$Z$14="CO4")*(P55:Z55)*MOD(COLUMN($P$14:$Z$14)-COLUMN($P$14)+1,2))) -> 0 | AF55: =SUMIF($E$14:$N$14,"CO5",$E$17:$N$17) + IF(O55>=0, SUMPRODUCT(($O$14:$Z$14="CO5")*(O55:Z55)*MOD(COLUMN($O$14:$Z$14)-COLUMN($O$14)+1,2))+ SUMPRODUCT(($P$14:$Z$14="CO5")*(P55:Z55)*MOD(COLUMN($P$14:$Z$14)-COLUMN($P$14)+1,2)) ) -> 0 | AG55: =SUMIF($E$14:$N$14,"CO6",$E$17:$N$17) + IF(O55>0, SUMPRODUCT(($O$14:$Z$14="CO6")*($O$17:$Z$17)*MOD(COLUMN($O$14:$Z$14)-COLUMN($O$14)+1,2))+ SUMPRODUCT(($P$14:$Z$14="CO6")*($P$17:$Z$17)*MOD(COLUMN($P$14:$Z$14)-COLUMN($P$14)+1,2)) ) -> 0 | AH55: =SUM(AB55:AG55) -> 84 | AI55: =AB55/(SUMIF($E$14:$N$14,"CO1",$E$13:$N$13)+SUMPRODUCT(($O$14:$Z$14="CO1")*($O55:$Z55>0)*($O$13:$Z$13)))*100 -> 82.5 | AJ55: =AC55/(SUMIF($E$14:$N$14,"CO2",$E$13:$N$13)+SUMPRODUCT(($O$14:$Z$14="CO2")*($O55:$Z55>0)*($O$13:$Z$13)))*100 -> 85 | AK55: =AD55/(SUMIF($E$14:$N$14,"CO3",$E$13:$N$13)+SUMPRODUCT(($O$14:$Z$14="CO3")*($O55:$Z55>0)*($O$13:$Z$13)))*100 -> 85
A56: 40 | B56: ='STUDENT NAMELIST'!B44 -> 211423243090 | C56: ='STUDENT NAMELIST'!C44 -> 2023PEC AI 140 | D56: ='STUDENT NAMELIST'!D44 -> DEVSRI R | E56: 1 | F56: 2 | G56: 1 | H56: 1 | I56: 1 | J56: 0 | K56: 1 | L56: 0 | M56: 0 | N56: 1 | O56: 16 | P56: 0 | Q56: 0 | R56: 16 | S56: 14 | T56: 0 | U56: 16 | V56: 0 | W56: 0 | X56: 13 | AA56: =SUM(E56,F56,G56,H56,I56,J56,K56,L56,M56,N56,O56,P56,Q56,R56,S56,T56,U56,V56,W56,X56,Y56,Z56) -> 83 | AB56: =SUMIF($E$14:$N$14,"CO1",E56:N56)+IF(O56>=0,SUMPRODUCT(($O$14:$Z$14="CO1")*(O56:Z56)*MOD(COLUMN($O$14:$Z$14)-COLUMN($O$14)+1,2))+SUMPRODUCT(($P$14:$Z$14="CO1")*(P56:Z56)*MOD(COLUMN($P$14:$Z$14)-COLUMN($P$14)+1,2))) -> 37 | AC56: =SUMIF($E$14:$N$14,"CO1",F56:O56)+IF(P56>=0,SUMPRODUCT(($O$14:$Z$14="CO1")*(P56:AA56)*MOD(COLUMN($O$14:$Z$14)-COLUMN($O$14)+1,2))+SUMPRODUCT(($P$14:$Z$14="CO1")*(Q56:AA56)*MOD(COLUMN($P$14:$Z$14)-COLUMN($P$14)+1,2))) -> 35 | AD56: =SUMIF($E$14:$N$14,"CO3",E56:N56)+IF(O56>=0, SUMPRODUCT(($O$14:$Z$14="CO3")*(O56:Z56)*MOD(COLUMN($O$14:$Z$14)-COLUMN($O$14)+1,2))+ SUMPRODUCT(($P$14:$Z$14="CO3")*(P56:Z56)*MOD(COLUMN($P$14:$Z$14)-COLUMN($P$14)+1,2))) -> 14 | AE56: =SUMIF($E$14:$N$14,"CO4",$E$17:$N$17) + IF(O56>=0, SUMPRODUCT(($O$14:$Z$14="CO4")*(O56:Z56)*MOD(COLUMN($O$14:$Z$14)-COLUMN($O$14)+1,2))+ SUMPRODUCT(($P$14:$Z$14="CO4")*(P56:Z56)*MOD(COLUMN($P$14:$Z$14)-COLUMN($P$14)+1,2))) -> 0 | AF56: =SUMIF($E$14:$N$14,"CO5",$E$17:$N$17) + IF(O56>=0, SUMPRODUCT(($O$14:$Z$14="CO5")*(O56:Z56)*MOD(COLUMN($O$14:$Z$14)-COLUMN($O$14)+1,2))+ SUMPRODUCT(($P$14:$Z$14="CO5")*(P56:Z56)*MOD(COLUMN($P$14:$Z$14)-COLUMN($P$14)+1,2)) ) -> 0 | AG56: =SUMIF($E$14:$N$14,"CO6",$E$17:$N$17) + IF(O56>0, SUMPRODUCT(($O$14:$Z$14="CO6")*($O$17:$Z$17)*MOD(COLUMN($O$14:$Z$14)-COLUMN($O$14)+1,2))+ SUMPRODUCT(($P$14:$Z$14="CO6")*($P$17:$Z$17)*MOD(COLUMN($P$14:$Z$14)-COLUMN($P$14)+1,2)) ) -> 0 | AH56: =SUM(AB56:AG56) -> 86 | AI56: =AB56/(SUMIF($E$14:$N$14,"CO1",$E$13:$N$13)+SUMPRODUCT(($O$14:$Z$14="CO1")*($O56:$Z56>0)*($O$13:$Z$13)))*100 -> 92.5 | AJ56: =AC56/(SUMIF($E$14:$N$14,"CO2",$E$13:$N$13)+SUMPRODUCT(($O$14:$Z$14="CO2")*($O56:$Z56>0)*($O$13:$Z$13)))*100 -> 87.5 | AK56: =AD56/(SUMIF($E$14:$N$14,"CO3",$E$13:$N$13)+SUMPRODUCT(($O$14:$Z$14="CO3")*($O56:$Z56>0)*($O$13:$Z$13)))*100 -> 70
A57: 41 | B57: ='STUDENT NAMELIST'!B45 -> 211423243091 | C57: ='STUDENT NAMELIST'!C45 -> 2023PEC AI 141 | D57: ='STUDENT NAMELIST'!D45 -> DHANALAKSHMI P | E57: 1 | F57: 2 | G57: 0 | H57: 0 | I57: 1 | J57: 1 | K57: 0 | L57: 1 | M57: 2 | N57: 0 | O57: 16 | P57: 0 | Q57: 0 | R57: 16 | S57: 14 | T57: 0 | U57: 16 | V57: 0 | W57: 0 | X57: 13 | AA57: =SUM(E57,F57,G57,H57,I57,J57,K57,L57,M57,N57,O57,P57,Q57,R57,S57,T57,U57,V57,W57,X57,Y57,Z57) -> 83 | AB57: =SUMIF($E$14:$N$14,"CO1",E57:N57)+IF(O57>=0,SUMPRODUCT(($O$14:$Z$14="CO1")*(O57:Z57)*MOD(COLUMN($O$14:$Z$14)-COLUMN($O$14)+1,2))+SUMPRODUCT(($P$14:$Z$14="CO1")*(P57:Z57)*MOD(COLUMN($P$14:$Z$14)-COLUMN($P$14)+1,2))) -> 35 | AC57: =SUMIF($E$14:$N$14,"CO1",F57:O57)+IF(P57>=0,SUMPRODUCT(($O$14:$Z$14="CO1")*(P57:AA57)*MOD(COLUMN($O$14:$Z$14)-COLUMN($O$14)+1,2))+SUMPRODUCT(($P$14:$Z$14="CO1")*(Q57:AA57)*MOD(COLUMN($P$14:$Z$14)-COLUMN($P$14)+1,2))) -> 33 | AD57: =SUMIF($E$14:$N$14,"CO3",E57:N57)+IF(O57>=0, SUMPRODUCT(($O$14:$Z$14="CO3")*(O57:Z57)*MOD(COLUMN($O$14:$Z$14)-COLUMN($O$14)+1,2))+ SUMPRODUCT(($P$14:$Z$14="CO3")*(P57:Z57)*MOD(COLUMN($P$14:$Z$14)-COLUMN($P$14)+1,2))) -> 15 | AE57: =SUMIF($E$14:$N$14,"CO4",$E$17:$N$17) + IF(O57>=0, SUMPRODUCT(($O$14:$Z$14="CO4")*(O57:Z57)*MOD(COLUMN($O$14:$Z$14)-COLUMN($O$14)+1,2))+ SUMPRODUCT(($P$14:$Z$14="CO4")*(P57:Z57)*MOD(COLUMN($P$14:$Z$14)-COLUMN($P$14)+1,2))) -> 0 | AF57: =SUMIF($E$14:$N$14,"CO5",$E$17:$N$17) + IF(O57>=0, SUMPRODUCT(($O$14:$Z$14="CO5")*(O57:Z57)*MOD(COLUMN($O$14:$Z$14)-COLUMN($O$14)+1,2))+ SUMPRODUCT(($P$14:$Z$14="CO5")*(P57:Z57)*MOD(COLUMN($P$14:$Z$14)-COLUMN($P$14)+1,2)) ) -> 0 | AG57: =SUMIF($E$14:$N$14,"CO6",$E$17:$N$17) + IF(O57>0, SUMPRODUCT(($O$14:$Z$14="CO6")*($O$17:$Z$17)*MOD(COLUMN($O$14:$Z$14)-COLUMN($O$14)+1,2))+ SUMPRODUCT(($P$14:$Z$14="CO6")*($P$17:$Z$17)*MOD(COLUMN($P$14:$Z$14)-COLUMN($P$14)+1,2)) ) -> 0 | AH57: =SUM(AB57:AG57) -> 83 | AI57: =AB57/(SUMIF($E$14:$N$14,"CO1",$E$13:$N$13)+SUMPRODUCT(($O$14:$Z$14="CO1")*($O57:$Z57>0)*($O$13:$Z$13)))*100 -> 87.5 | AJ57: =AC57/(SUMIF($E$14:$N$14,"CO2",$E$13:$N$13)+SUMPRODUCT(($O$14:$Z$14="CO2")*($O57:$Z57>0)*($O$13:$Z$13)))*100 -> 82.5 | AK57: =AD57/(SUMIF($E$14:$N$14,"CO3",$E$13:$N$13)+SUMPRODUCT(($O$14:$Z$14="CO3")*($O57:$Z57>0)*($O$13:$Z$13)))*100 -> 75
A58: 42 | B58: ='STUDENT NAMELIST'!B46 -> 211423243093 | C58: ='STUDENT NAMELIST'!C46 -> 2023PEC AI 142 | D58: ='STUDENT NAMELIST'!D46 -> DHANU SREE V | E58: 2 | F58: 2 | G58: 2 | H58: 0 | I58: 2 | J58: 1 | K58: 2 | L58: 0 | M58: 1 | N58: 1 | O58: 14 | Q58: 14 | S58: 14 | U58: 14 | W58: 14 | AA58: =SUM(E58,F58,G58,H58,I58,J58,K58,L58,M58,N58,O58,P58,Q58,R58,S58,T58,U58,V58,W58,X58,Y58,Z58) -> 83 | AB58: =SUMIF($E$14:$N$14,"CO1",E58:N58)+IF(O58>=0,SUMPRODUCT(($O$14:$Z$14="CO1")*(O58:Z58)*MOD(COLUMN($O$14:$Z$14)-COLUMN($O$14)+1,2))+SUMPRODUCT(($P$14:$Z$14="CO1")*(P58:Z58)*MOD(COLUMN($P$14:$Z$14)-COLUMN($P$14)+1,2))) -> 34 | AC58: =SUMIF($E$14:$N$14,"CO1",F58:O58)+IF(P58>=0,SUMPRODUCT(($O$14:$Z$14="CO1")*(P58:AA58)*MOD(COLUMN($O$14:$Z$14)-COLUMN($O$14)+1,2))+SUMPRODUCT(($P$14:$Z$14="CO1")*(Q58:AA58)*MOD(COLUMN($P$14:$Z$14)-COLUMN($P$14)+1,2))) -> 34 | AD58: =SUMIF($E$14:$N$14,"CO3",E58:N58)+IF(O58>=0, SUMPRODUCT(($O$14:$Z$14="CO3")*(O58:Z58)*MOD(COLUMN($O$14:$Z$14)-COLUMN($O$14)+1,2))+ SUMPRODUCT(($P$14:$Z$14="CO3")*(P58:Z58)*MOD(COLUMN($P$14:$Z$14)-COLUMN($P$14)+1,2))) -> 16 | AE58: =SUMIF($E$14:$N$14,"CO4",$E$17:$N$17) + IF(O58>=0, SUMPRODUCT(($O$14:$Z$14="CO4")*(O58:Z58)*MOD(COLUMN($O$14:$Z$14)-COLUMN($O$14)+1,2))+ SUMPRODUCT(($P$14:$Z$14="CO4")*(P58:Z58)*MOD(COLUMN($P$14:$Z$14)-COLUMN($P$14)+1,2))) -> 0 | AF58: =SUMIF($E$14:$N$14,"CO5",$E$17:$N$17) + IF(O58>=0, SUMPRODUCT(($O$14:$Z$14="CO5")*(O58:Z58)*MOD(COLUMN($O$14:$Z$14)-COLUMN($O$14)+1,2))+ SUMPRODUCT(($P$14:$Z$14="CO5")*(P58:Z58)*MOD(COLUMN($P$14:$Z$14)-COLUMN($P$14)+1,2)) ) -> 0 | AG58: =SUMIF($E$14:$N$14,"CO6",$E$17:$N$17) + IF(O58>0, SUMPRODUCT(($O$14:$Z$14="CO6")*($O$17:$Z$17)*MOD(COLUMN($O$14:$Z$14)-COLUMN($O$14)+1,2))+ SUMPRODUCT(($P$14:$Z$14="CO6")*($P$17:$Z$17)*MOD(COLUMN($P$14:$Z$14)-COLUMN($P$14)+1,2)) ) -> 0 | AH58: =SUM(AB58:AG58) -> 84 | AI58: =AB58/(SUMIF($E$14:$N$14,"CO1",$E$13:$N$13)+SUMPRODUCT(($O$14:$Z$14="CO1")*($O58:$Z58>0)*($O$13:$Z$13)))*100 -> 85 | AJ58: =AC58/(SUMIF($E$14:$N$14,"CO2",$E$13:$N$13)+SUMPRODUCT(($O$14:$Z$14="CO2")*($O58:$Z58>0)*($O$13:$Z$13)))*100 -> 85 | AK58: =AD58/(SUMIF($E$14:$N$14,"CO3",$E$13:$N$13)+SUMPRODUCT(($O$14:$Z$14="CO3")*($O58:$Z58>0)*($O$13:$Z$13)))*100 -> 80
A59: 43 | B59: ='STUDENT NAMELIST'!B47 -> 211423243097 | C59: ='STUDENT NAMELIST'!C47 -> 2023PEC AI 143 | D59: ='STUDENT NAMELIST'!D47 -> DHARANI S H | E59: 0 | F59: 1 | G59: 1 | H59: 1 | I59: 0 | J59: 1 | K59: 1 | L59: 2 | M59: 2 | N59: 1 | O59: 16 | P59: 0 | Q59: 0 | R59: 16 | S59: 14 | T59: 0 | U59: 16 | V59: 0 | W59: 0 | X59: 13 | AA59: =SUM(E59,F59,G59,H59,I59,J59,K59,L59,M59,N59,O59,P59,Q59,R59,S59,T59,U59,V59,W59,X59,Y59,Z59) -> 85 | AB59: =SUMIF($E$14:$N$14,"CO1",E59:N59)+IF(O59>=0,SUMPRODUCT(($O$14:$Z$14="CO1")*(O59:Z59)*MOD(COLUMN($O$14:$Z$14)-COLUMN($O$14)+1,2))+SUMPRODUCT(($P$14:$Z$14="CO1")*(P59:Z59)*MOD(COLUMN($P$14:$Z$14)-COLUMN($P$14)+1,2))) -> 35 | AC59: =SUMIF($E$14:$N$14,"CO1",F59:O59)+IF(P59>=0,SUMPRODUCT(($O$14:$Z$14="CO1")*(P59:AA59)*MOD(COLUMN($O$14:$Z$14)-COLUMN($O$14)+1,2))+SUMPRODUCT(($P$14:$Z$14="CO1")*(Q59:AA59)*MOD(COLUMN($P$14:$Z$14)-COLUMN($P$14)+1,2))) -> 33 | AD59: =SUMIF($E$14:$N$14,"CO3",E59:N59)+IF(O59>=0, SUMPRODUCT(($O$14:$Z$14="CO3")*(O59:Z59)*MOD(COLUMN($O$14:$Z$14)-COLUMN($O$14)+1,2))+ SUMPRODUCT(($P$14:$Z$14="CO3")*(P59:Z59)*MOD(COLUMN($P$14:$Z$14)-COLUMN($P$14)+1,2))) -> 16 | AE59: =SUMIF($E$14:$N$14,"CO4",$E$17:$N$17) + IF(O59>=0, SUMPRODUCT(($O$14:$Z$14="CO4")*(O59:Z59)*MOD(COLUMN($O$14:$Z$14)-COLUMN($O$14)+1,2))+ SUMPRODUCT(($P$14:$Z$14="CO4")*(P59:Z59)*MOD(COLUMN($P$14:$Z$14)-COLUMN($P$14)+1,2))) -> 0 | AF59: =SUMIF($E$14:$N$14,"CO5",$E$17:$N$17) + IF(O59>=0, SUMPRODUCT(($O$14:$Z$14="CO5")*(O59:Z59)*MOD(COLUMN($O$14:$Z$14)-COLUMN($O$14)+1,2))+ SUMPRODUCT(($P$14:$Z$14="CO5")*(P59:Z59)*MOD(COLUMN($P$14:$Z$14)-COLUMN($P$14)+1,2)) ) -> 0 | AG59: =SUMIF($E$14:$N$14,"CO6",$E$17:$N$17) + IF(O59>0, SUMPRODUCT(($O$14:$Z$14="CO6")*($O$17:$Z$17)*MOD(COLUMN($O$14:$Z$14)-COLUMN($O$14)+1,2))+ SUMPRODUCT(($P$14:$Z$14="CO6")*($P$17:$Z$17)*MOD(COLUMN($P$14:$Z$14)-COLUMN($P$14)+1,2)) ) -> 0 | AH59: =SUM(AB59:AG59) -> 84 | AI59: =AB59/(SUMIF($E$14:$N$14,"CO1",$E$13:$N$13)+SUMPRODUCT(($O$14:$Z$14="CO1")*($O59:$Z59>0)*($O$13:$Z$13)))*100 -> 87.5 | AJ59: =AC59/(SUMIF($E$14:$N$14,"CO2",$E$13:$N$13)+SUMPRODUCT(($O$14:$Z$14="CO2")*($O59:$Z59>0)*($O$13:$Z$13)))*100 -> 82.5 | AK59: =AD59/(SUMIF($E$14:$N$14,"CO3",$E$13:$N$13)+SUMPRODUCT(($O$14:$Z$14="CO3")*($O59:$Z59>0)*($O$13:$Z$13)))*100 -> 80
A60: 44 | B60: ='STUDENT NAMELIST'!B48 -> 211423243100 | C60: ='STUDENT NAMELIST'!C48 -> 2023PEC AI 144 | D60: ='STUDENT NAMELIST'!D48 -> DHARSHINI K | E60: 1 | F60: 2 | G60: 0 | H60: 2 | I60: 2 | J60: 1 | K60: 2 | L60: 1 | M60: 0 | N60: 2 | O60: 14 | Q60: 14 | S60: 14 | U60: 14 | W60: 14 | AA60: =SUM(E60,F60,G60,H60,I60,J60,K60,L60,M60,N60,O60,P60,Q60,R60,S60,T60,U60,V60,W60,X60,Y60,Z60) -> 83 | AB60: =SUMIF($E$14:$N$14,"CO1",E60:N60)+IF(O60>=0,SUMPRODUCT(($O$14:$Z$14="CO1")*(O60:Z60)*MOD(COLUMN($O$14:$Z$14)-COLUMN($O$14)+1,2))+SUMPRODUCT(($P$14:$Z$14="CO1")*(P60:Z60)*MOD(COLUMN($P$14:$Z$14)-COLUMN($P$14)+1,2))) -> 33 | AC60: =SUMIF($E$14:$N$14,"CO1",F60:O60)+IF(P60>=0,SUMPRODUCT(($O$14:$Z$14="CO1")*(P60:AA60)*MOD(COLUMN($O$14:$Z$14)-COLUMN($O$14)+1,2))+SUMPRODUCT(($P$14:$Z$14="CO1")*(Q60:AA60)*MOD(COLUMN($P$14:$Z$14)-COLUMN($P$14)+1,2))) -> 34 | AD60: =SUMIF($E$14:$N$14,"CO3",E60:N60)+IF(O60>=0, SUMPRODUCT(($O$14:$Z$14="CO3")*(O60:Z60)*MOD(COLUMN($O$14:$Z$14)-COLUMN($O$14)+1,2))+ SUMPRODUCT(($P$14:$Z$14="CO3")*(P60:Z60)*MOD(COLUMN($P$14:$Z$14)-COLUMN($P$14)+1,2))) -> 16 | AE60: =SUMIF($E$14:$N$14,"CO4",$E$17:$N$17) + IF(O60>=0, SUMPRODUCT(($O$14:$Z$14="CO4")*(O60:Z60)*MOD(COLUMN($O$14:$Z$14)-COLUMN($O$14)+1,2))+ SUMPRODUCT(($P$14:$Z$14="CO4")*(P60:Z60)*MOD(COLUMN($P$14:$Z$14)-COLUMN($P$14)+1,2))) -> 0 | AF60: =SUMIF($E$14:$N$14,"CO5",$E$17:$N$17) + IF(O60>=0, SUMPRODUCT(($O$14:$Z$14="CO5")*(O60:Z60)*MOD(COLUMN($O$14:$Z$14)-COLUMN($O$14)+1,2))+ SUMPRODUCT(($P$14:$Z$14="CO5")*(P60:Z60)*MOD(COLUMN($P$14:$Z$14)-COLUMN($P$14)+1,2)) ) -> 0 | AG60: =SUMIF($E$14:$N$14,"CO6",$E$17:$N$17) + IF(O60>0, SUMPRODUCT(($O$14:$Z$14="CO6")*($O$17:$Z$17)*MOD(COLUMN($O$14:$Z$14)-COLUMN($O$14)+1,2))+ SUMPRODUCT(($P$14:$Z$14="CO6")*($P$17:$Z$17)*MOD(COLUMN($P$14:$Z$14)-COLUMN($P$14)+1,2)) ) -> 0 | AH60: =SUM(AB60:AG60) -> 83 | AI60: =AB60/(SUMIF($E$14:$N$14,"CO1",$E$13:$N$13)+SUMPRODUCT(($O$14:$Z$14="CO1")*($O60:$Z60>0)*($O$13:$Z$13)))*100 -> 82.5 | AJ60: =AC60/(SUMIF($E$14:$N$14,"CO2",$E$13:$N$13)+SUMPRODUCT(($O$14:$Z$14="CO2")*($O60:$Z60>0)*($O$13:$Z$13)))*100 -> 85 | AK60: =AD60/(SUMIF($E$14:$N$14,"CO3",$E$13:$N$13)+SUMPRODUCT(($O$14:$Z$14="CO3")*($O60:$Z60>0)*($O$13:$Z$13)))*100 -> 80
A61: 45 | B61: ='STUDENT NAMELIST'!B49 -> 211423243101 | C61: ='STUDENT NAMELIST'!C49 -> 2023PEC AI 145 | D61: ='STUDENT NAMELIST'!D49 -> DHARSHINI S | E61: 2 | F61: 1 | G61: 2 | H61: 0 | I61: 2 | J61: 0 | K61: 1 | L61: 2 | M61: 0 | N61: 0 | O61: 16 | P61: 0 | Q61: 0 | R61: 16 | S61: 14 | T61: 0 | U61: 16 | V61: 0 | W61: 0 | X61: 13 | AA61: =SUM(E61,F61,G61,H61,I61,J61,K61,L61,M61,N61,O61,P61,Q61,R61,S61,T61,U61,V61,W61,X61,Y61,Z61) -> 85 | AB61: =SUMIF($E$14:$N$14,"CO1",E61:N61)+IF(O61>=0,SUMPRODUCT(($O$14:$Z$14="CO1")*(O61:Z61)*MOD(COLUMN($O$14:$Z$14)-COLUMN($O$14)+1,2))+SUMPRODUCT(($P$14:$Z$14="CO1")*(P61:Z61)*MOD(COLUMN($P$14:$Z$14)-COLUMN($P$14)+1,2))) -> 37 | AC61: =SUMIF($E$14:$N$14,"CO1",F61:O61)+IF(P61>=0,SUMPRODUCT(($O$14:$Z$14="CO1")*(P61:AA61)*MOD(COLUMN($O$14:$Z$14)-COLUMN($O$14)+1,2))+SUMPRODUCT(($P$14:$Z$14="CO1")*(Q61:AA61)*MOD(COLUMN($P$14:$Z$14)-COLUMN($P$14)+1,2))) -> 35 | AD61: =SUMIF($E$14:$N$14,"CO3",E61:N61)+IF(O61>=0, SUMPRODUCT(($O$14:$Z$14="CO3")*(O61:Z61)*MOD(COLUMN($O$14:$Z$14)-COLUMN($O$14)+1,2))+ SUMPRODUCT(($P$14:$Z$14="CO3")*(P61:Z61)*MOD(COLUMN($P$14:$Z$14)-COLUMN($P$14)+1,2))) -> 13 | AE61: =SUMIF($E$14:$N$14,"CO4",$E$17:$N$17) + IF(O61>=0, SUMPRODUCT(($O$14:$Z$14="CO4")*(O61:Z61)*MOD(COLUMN($O$14:$Z$14)-COLUMN($O$14)+1,2))+ SUMPRODUCT(($P$14:$Z$14="CO4")*(P61:Z61)*MOD(COLUMN($P$14:$Z$14)-COLUMN($P$14)+1,2))) -> 0 | AF61: =SUMIF($E$14:$N$14,"CO5",$E$17:$N$17) + IF(O61>=0, SUMPRODUCT(($O$14:$Z$14="CO5")*(O61:Z61)*MOD(COLUMN($O$14:$Z$14)-COLUMN($O$14)+1,2))+ SUMPRODUCT(($P$14:$Z$14="CO5")*(P61:Z61)*MOD(COLUMN($P$14:$Z$14)-COLUMN($P$14)+1,2)) ) -> 0 | AG61: =SUMIF($E$14:$N$14,"CO6",$E$17:$N$17) + IF(O61>0, SUMPRODUCT(($O$14:$Z$14="CO6")*($O$17:$Z$17)*MOD(COLUMN($O$14:$Z$14)-COLUMN($O$14)+1,2))+ SUMPRODUCT(($P$14:$Z$14="CO6")*($P$17:$Z$17)*MOD(COLUMN($P$14:$Z$14)-COLUMN($P$14)+1,2)) ) -> 0 | AH61: =SUM(AB61:AG61) -> 85 | AI61: =AB61/(SUMIF($E$14:$N$14,"CO1",$E$13:$N$13)+SUMPRODUCT(($O$14:$Z$14="CO1")*($O61:$Z61>0)*($O$13:$Z$13)))*100 -> 92.5 | AJ61: =AC61/(SUMIF($E$14:$N$14,"CO2",$E$13:$N$13)+SUMPRODUCT(($O$14:$Z$14="CO2")*($O61:$Z61>0)*($O$13:$Z$13)))*100 -> 87.5 | AK61: =AD61/(SUMIF($E$14:$N$14,"CO3",$E$13:$N$13)+SUMPRODUCT(($O$14:$Z$14="CO3")*($O61:$Z61>0)*($O$13:$Z$13)))*100 -> 65
A62: 46 | B62: ='STUDENT NAMELIST'!B50 -> 211423243102 | C62: ='STUDENT NAMELIST'!C50 -> 2023PEC AI 146 | D62: ='STUDENT NAMELIST'!D50 -> DHARSHINI S | E62: 2 | F62: 2 | G62: 0 | H62: 2 | I62: 2 | J62: 0 | K62: 0 | L62: 2 | M62: 0 | N62: 2 | O62: 14 | Q62: 14 | S62: 14 | U62: 14 | W62: 14 | AA62: =SUM(E62,F62,G62,H62,I62,J62,K62,L62,M62,N62,O62,P62,Q62,R62,S62,T62,U62,V62,W62,X62,Y62,Z62) -> 82 | AB62: =SUMIF($E$14:$N$14,"CO1",E62:N62)+IF(O62>=0,SUMPRODUCT(($O$14:$Z$14="CO1")*(O62:Z62)*MOD(COLUMN($O$14:$Z$14)-COLUMN($O$14)+1,2))+SUMPRODUCT(($P$14:$Z$14="CO1")*(P62:Z62)*MOD(COLUMN($P$14:$Z$14)-COLUMN($P$14)+1,2))) -> 34 | AC62: =SUMIF($E$14:$N$14,"CO1",F62:O62)+IF(P62>=0,SUMPRODUCT(($O$14:$Z$14="CO1")*(P62:AA62)*MOD(COLUMN($O$14:$Z$14)-COLUMN($O$14)+1,2))+SUMPRODUCT(($P$14:$Z$14="CO1")*(Q62:AA62)*MOD(COLUMN($P$14:$Z$14)-COLUMN($P$14)+1,2))) -> 34 | AD62: =SUMIF($E$14:$N$14,"CO3",E62:N62)+IF(O62>=0, SUMPRODUCT(($O$14:$Z$14="CO3")*(O62:Z62)*MOD(COLUMN($O$14:$Z$14)-COLUMN($O$14)+1,2))+ SUMPRODUCT(($P$14:$Z$14="CO3")*(P62:Z62)*MOD(COLUMN($P$14:$Z$14)-COLUMN($P$14)+1,2))) -> 16 | AE62: =SUMIF($E$14:$N$14,"CO4",$E$17:$N$17) + IF(O62>=0, SUMPRODUCT(($O$14:$Z$14="CO4")*(O62:Z62)*MOD(COLUMN($O$14:$Z$14)-COLUMN($O$14)+1,2))+ SUMPRODUCT(($P$14:$Z$14="CO4")*(P62:Z62)*MOD(COLUMN($P$14:$Z$14)-COLUMN($P$14)+1,2))) -> 0 | AF62: =SUMIF($E$14:$N$14,"CO5",$E$17:$N$17) + IF(O62>=0, SUMPRODUCT(($O$14:$Z$14="CO5")*(O62:Z62)*MOD(COLUMN($O$14:$Z$14)-COLUMN($O$14)+1,2))+ SUMPRODUCT(($P$14:$Z$14="CO5")*(P62:Z62)*MOD(COLUMN($P$14:$Z$14)-COLUMN($P$14)+1,2)) ) -> 0 | AG62: =SUMIF($E$14:$N$14,"CO6",$E$17:$N$17) + IF(O62>0, SUMPRODUCT(($O$14:$Z$14="CO6")*($O$17:$Z$17)*MOD(COLUMN($O$14:$Z$14)-COLUMN($O$14)+1,2))+ SUMPRODUCT(($P$14:$Z$14="CO6")*($P$17:$Z$17)*MOD(COLUMN($P$14:$Z$14)-COLUMN($P$14)+1,2)) ) -> 0 | AH62: =SUM(AB62:AG62) -> 84 | AI62: =AB62/(SUMIF($E$14:$N$14,"CO1",$E$13:$N$13)+SUMPRODUCT(($O$14:$Z$14="CO1")*($O62:$Z62>0)*($O$13:$Z$13)))*100 -> 85 | AJ62: =AC62/(SUMIF($E$14:$N$14,"CO2",$E$13:$N$13)+SUMPRODUCT(($O$14:$Z$14="CO2")*($O62:$Z62>0)*($O$13:$Z$13)))*100 -> 85 | AK62: =AD62/(SUMIF($E$14:$N$14,"CO3",$E$13:$N$13)+SUMPRODUCT(($O$14:$Z$14="CO3")*($O62:$Z62>0)*($O$13:$Z$13)))*100 -> 80
A63: 48 | B63: ='STUDENT NAMELIST'!B51 -> 211423243111 | C63: ='STUDENT NAMELIST'!C51 -> 2023PEC AI 147 | D63: ='STUDENT NAMELIST'!D51 -> DIVYADHARSHINI A | E63: 2 | F63: 0 | G63: 2 | H63: 2 | I63: 0 | J63: 2 | K63: 0 | L63: 2 | M63: 0 | N63: 2 | O63: 14 | Q63: 14 | S63: 14 | U63: 14 | W63: 14 | AA63: =SUM(E63,F63,G63,H63,I63,J63,K63,L63,M63,N63,O63,P63,Q63,R63,S63,T63,U63,V63,W63,X63,Y63,Z63) -> 82 | AB63: =SUMIF($E$14:$N$14,"CO1",E63:N63)+IF(O63>=0,SUMPRODUCT(($O$14:$Z$14="CO1")*(O63:Z63)*MOD(COLUMN($O$14:$Z$14)-COLUMN($O$14)+1,2))+SUMPRODUCT(($P$14:$Z$14="CO1")*(P63:Z63)*MOD(COLUMN($P$14:$Z$14)-COLUMN($P$14)+1,2))) -> 34 | AC63: =SUMIF($E$14:$N$14,"CO1",F63:O63)+IF(P63>=0,SUMPRODUCT(($O$14:$Z$14="CO1")*(P63:AA63)*MOD(COLUMN($O$14:$Z$14)-COLUMN($O$14)+1,2))+SUMPRODUCT(($P$14:$Z$14="CO1")*(Q63:AA63)*MOD(COLUMN($P$14:$Z$14)-COLUMN($P$14)+1,2))) -> 32 | AD63: =SUMIF($E$14:$N$14,"CO3",E63:N63)+IF(O63>=0, SUMPRODUCT(($O$14:$Z$14="CO3")*(O63:Z63)*MOD(COLUMN($O$14:$Z$14)-COLUMN($O$14)+1,2))+ SUMPRODUCT(($P$14:$Z$14="CO3")*(P63:Z63)*MOD(COLUMN($P$14:$Z$14)-COLUMN($P$14)+1,2))) -> 16 | AE63: =SUMIF($E$14:$N$14,"CO4",$E$17:$N$17) + IF(O63>=0, SUMPRODUCT(($O$14:$Z$14="CO4")*(O63:Z63)*MOD(COLUMN($O$14:$Z$14)-COLUMN($O$14)+1,2))+ SUMPRODUCT(($P$14:$Z$14="CO4")*(P63:Z63)*MOD(COLUMN($P$14:$Z$14)-COLUMN($P$14)+1,2))) -> 0 | AF63: =SUMIF($E$14:$N$14,"CO5",$E$17:$N$17) + IF(O63>=0, SUMPRODUCT(($O$14:$Z$14="CO5")*(O63:Z63)*MOD(COLUMN($O$14:$Z$14)-COLUMN($O$14)+1,2))+ SUMPRODUCT(($P$14:$Z$14="CO5")*(P63:Z63)*MOD(COLUMN($P$14:$Z$14)-COLUMN($P$14)+1,2)) ) -> 0 | AG63: =SUMIF($E$14:$N$14,"CO6",$E$17:$N$17) + IF(O63>0, SUMPRODUCT(($O$14:$Z$14="CO6")*($O$17:$Z$17)*MOD(COLUMN($O$14:$Z$14)-COLUMN($O$14)+1,2))+ SUMPRODUCT(($P$14:$Z$14="CO6")*($P$17:$Z$17)*MOD(COLUMN($P$14:$Z$14)-COLUMN($P$14)+1,2)) ) -> 0 | AH63: =SUM(AB63:AG63) -> 82 | AI63: =AB63/(SUMIF($E$14:$N$14,"CO1",$E$13:$N$13)+SUMPRODUCT(($O$14:$Z$14="CO1")*($O63:$Z63>0)*($O$13:$Z$13)))*100 -> 85 | AJ63: =AC63/(SUMIF($E$14:$N$14,"CO2",$E$13:$N$13)+SUMPRODUCT(($O$14:$Z$14="CO2")*($O63:$Z63>0)*($O$13:$Z$13)))*100 -> 80 | AK63: =AD63/(SUMIF($E$14:$N$14,"CO3",$E$13:$N$13)+SUMPRODUCT(($O$14:$Z$14="CO3")*($O63:$Z63>0)*($O$13:$Z$13)))*100 -> 80
A64: 48 | B64: ='STUDENT NAMELIST'!B52 -> 211423243108 | C64: ='STUDENT NAMELIST'!C52 -> 2023PEC AI 148 | D64: ='STUDENT NAMELIST'!D52 -> DIVYA LAKSHMI S | E64: 0 | F64: 1 | G64: 0 | H64: 2 | I64: 0 | J64: 2 | K64: 0 | L64: 1 | M64: 2 | N64: 0 | O64: 12 | Q64: 12 | S64: 14 | U64: 15 | W64: 16 | AA64: =SUM(E64,F64,G64,H64,I64,J64,K64,L64,M64,N64,O64,P64,Q64,R64,S64,T64,U64,V64,W64,X64,Y64,Z64) -> 77 | AB64: =SUMIF($E$14:$N$14,"CO1",E64:N64)+IF(O64>=0,SUMPRODUCT(($O$14:$Z$14="CO1")*(O64:Z64)*MOD(COLUMN($O$14:$Z$14)-COLUMN($O$14)+1,2))+SUMPRODUCT(($P$14:$Z$14="CO1")*(P64:Z64)*MOD(COLUMN($P$14:$Z$14)-COLUMN($P$14)+1,2))) -> 27 | AC64: =SUMIF($E$14:$N$14,"CO1",F64:O64)+IF(P64>=0,SUMPRODUCT(($O$14:$Z$14="CO1")*(P64:AA64)*MOD(COLUMN($O$14:$Z$14)-COLUMN($O$14)+1,2))+SUMPRODUCT(($P$14:$Z$14="CO1")*(Q64:AA64)*MOD(COLUMN($P$14:$Z$14)-COLUMN($P$14)+1,2))) -> 29 | AD64: =SUMIF($E$14:$N$14,"CO3",E64:N64)+IF(O64>=0, SUMPRODUCT(($O$14:$Z$14="CO3")*(O64:Z64)*MOD(COLUMN($O$14:$Z$14)-COLUMN($O$14)+1,2))+ SUMPRODUCT(($P$14:$Z$14="CO3")*(P64:Z64)*MOD(COLUMN($P$14:$Z$14)-COLUMN($P$14)+1,2))) -> 18 | AE64: =SUMIF($E$14:$N$14,"CO4",$E$17:$N$17) + IF(O64>=0, SUMPRODUCT(($O$14:$Z$14="CO4")*(O64:Z64)*MOD(COLUMN($O$14:$Z$14)-COLUMN($O$14)+1,2))+ SUMPRODUCT(($P$14:$Z$14="CO4")*(P64:Z64)*MOD(COLUMN($P$14:$Z$14)-COLUMN($P$14)+1,2))) -> 0 | AF64: =SUMIF($E$14:$N$14,"CO5",$E$17:$N$17) + IF(O64>=0, SUMPRODUCT(($O$14:$Z$14="CO5")*(O64:Z64)*MOD(COLUMN($O$14:$Z$14)-COLUMN($O$14)+1,2))+ SUMPRODUCT(($P$14:$Z$14="CO5")*(P64:Z64)*MOD(COLUMN($P$14:$Z$14)-COLUMN($P$14)+1,2)) ) -> 0 | AG64: =SUMIF($E$14:$N$14,"CO6",$E$17:$N$17) + IF(O64>0, SUMPRODUCT(($O$14:$Z$14="CO6")*($O$17:$Z$17)*MOD(COLUMN($O$14:$Z$14)-COLUMN($O$14)+1,2))+ SUMPRODUCT(($P$14:$Z$14="CO6")*($P$17:$Z$17)*MOD(COLUMN($P$14:$Z$14)-COLUMN($P$14)+1,2)) ) -> 0 | AH64: =SUM(AB64:AG64) -> 74 | AI64: =AB64/(SUMIF($E$14:$N$14,"CO1",$E$13:$N$13)+SUMPRODUCT(($O$14:$Z$14="CO1")*($O64:$Z64>0)*($O$13:$Z$13)))*100 -> 67.5 | AJ64: =AC64/(SUMIF($E$14:$N$14,"CO2",$E$13:$N$13)+SUMPRODUCT(($O$14:$Z$14="CO2")*($O64:$Z64>0)*($O$13:$Z$13)))*100 -> 72.5 | AK64: =AD64/(SUMIF($E$14:$N$14,"CO3",$E$13:$N$13)+SUMPRODUCT(($O$14:$Z$14="CO3")*($O64:$Z64>0)*($O$13:$Z$13)))*100 -> 90
A65: 49 | B65: ='STUDENT NAMELIST'!B53 -> 211423243109 | C65: ='STUDENT NAMELIST'!C53 -> 2023PEC AI 149 | D65: ='STUDENT NAMELIST'!D53 -> DIVYA S | E65: 1 | F65: 0 | G65: 2 | H65: 1 | I65: 2 | J65: 1 | K65: 2 | L65: 2 | M65: 0 | N65: 2 | O65: 16 | P65: 0 | Q65: 0 | R65: 16 | S65: 14 | T65: 0 | U65: 16 | V65: 0 | W65: 0 | X65: 13 | AA65: =SUM(E65,F65,G65,H65,I65,J65,K65,L65,M65,N65,O65,P65,Q65,R65,S65,T65,U65,V65,W65,X65,Y65,Z65) -> 88 | AB65: =SUMIF($E$14:$N$14,"CO1",E65:N65)+IF(O65>=0,SUMPRODUCT(($O$14:$Z$14="CO1")*(O65:Z65)*MOD(COLUMN($O$14:$Z$14)-COLUMN($O$14)+1,2))+SUMPRODUCT(($P$14:$Z$14="CO1")*(P65:Z65)*MOD(COLUMN($P$14:$Z$14)-COLUMN($P$14)+1,2))) -> 36 | AC65: =SUMIF($E$14:$N$14,"CO1",F65:O65)+IF(P65>=0,SUMPRODUCT(($O$14:$Z$14="CO1")*(P65:AA65)*MOD(COLUMN($O$14:$Z$14)-COLUMN($O$14)+1,2))+SUMPRODUCT(($P$14:$Z$14="CO1")*(Q65:AA65)*MOD(COLUMN($P$14:$Z$14)-COLUMN($P$14)+1,2))) -> 35 | AD65: =SUMIF($E$14:$N$14,"CO3",E65:N65)+IF(O65>=0, SUMPRODUCT(($O$14:$Z$14="CO3")*(O65:Z65)*MOD(COLUMN($O$14:$Z$14)-COLUMN($O$14)+1,2))+ SUMPRODUCT(($P$14:$Z$14="CO3")*(P65:Z65)*MOD(COLUMN($P$14:$Z$14)-COLUMN($P$14)+1,2))) -> 15 | AE65: =SUMIF($E$14:$N$14,"CO4",$E$17:$N$17) + IF(O65>=0, SUMPRODUCT(($O$14:$Z$14="CO4")*(O65:Z65)*MOD(COLUMN($O$14:$Z$14)-COLUMN($O$14)+1,2))+ SUMPRODUCT(($P$14:$Z$14="CO4")*(P65:Z65)*MOD(COLUMN($P$14:$Z$14)-COLUMN($P$14)+1,2))) -> 0 | AF65: =SUMIF($E$14:$N$14,"CO5",$E$17:$N$17) + IF(O65>=0, SUMPRODUCT(($O$14:$Z$14="CO5")*(O65:Z65)*MOD(COLUMN($O$14:$Z$14)-COLUMN($O$14)+1,2))+ SUMPRODUCT(($P$14:$Z$14="CO5")*(P65:Z65)*MOD(COLUMN($P$14:$Z$14)-COLUMN($P$14)+1,2)) ) -> 0 | AG65: =SUMIF($E$14:$N$14,"CO6",$E$17:$N$17) + IF(O65>0, SUMPRODUCT(($O$14:$Z$14="CO6")*($O$17:$Z$17)*MOD(COLUMN($O$14:$Z$14)-COLUMN($O$14)+1,2))+ SUMPRODUCT(($P$14:$Z$14="CO6")*($P$17:$Z$17)*MOD(COLUMN($P$14:$Z$14)-COLUMN($P$14)+1,2)) ) -> 0 | AH65: =SUM(AB65:AG65) -> 86 | AI65: =AB65/(SUMIF($E$14:$N$14,"CO1",$E$13:$N$13)+SUMPRODUCT(($O$14:$Z$14="CO1")*($O65:$Z65>0)*($O$13:$Z$13)))*100 -> 90 | AJ65: =AC65/(SUMIF($E$14:$N$14,"CO2",$E$13:$N$13)+SUMPRODUCT(($O$14:$Z$14="CO2")*($O65:$Z65>0)*($O$13:$Z$13)))*100 -> 87.5 | AK65: =AD65/(SUMIF($E$14:$N$14,"CO3",$E$13:$N$13)+SUMPRODUCT(($O$14:$Z$14="CO3")*($O65:$Z65>0)*($O$13:$Z$13)))*100 -> 75
A66: 50 | B66: ='STUDENT NAMELIST'!B54 -> 211423243110 | C66: ='STUDENT NAMELIST'!C54 -> 2023PEC AI 150 | D66: ='STUDENT NAMELIST'!D54 -> DIVYA SHREE V | E66: 1 | F66: 0 | G66: 1 | H66: 0 | I66: 2 | J66: 0 | K66: 1 | L66: 2 | M66: 1 | N66: 0 | P66: 11 | R66: 14 | T66: 14 | V66: 16 | W66: 14 | AA66: =SUM(E66,F66,G66,H66,I66,J66,K66,L66,M66,N66,O66,P66,Q66,R66,S66,T66,U66,V66,W66,X66,Y66,Z66) -> 77 | AB66: =SUMIF($E$14:$N$14,"CO1",E66:N66)+IF(O66>=0,SUMPRODUCT(($O$14:$Z$14="CO1")*(O66:Z66)*MOD(COLUMN($O$14:$Z$14)-COLUMN($O$14)+1,2))+SUMPRODUCT(($P$14:$Z$14="CO1")*(P66:Z66)*MOD(COLUMN($P$14:$Z$14)-COLUMN($P$14)+1,2))) -> 27 | AC66: =SUMIF($E$14:$N$14,"CO1",F66:O66)+IF(P66>=0,SUMPRODUCT(($O$14:$Z$14="CO1")*(P66:AA66)*MOD(COLUMN($O$14:$Z$14)-COLUMN($O$14)+1,2))+SUMPRODUCT(($P$14:$Z$14="CO1")*(Q66:AA66)*MOD(COLUMN($P$14:$Z$14)-COLUMN($P$14)+1,2))) -> 28 | AD66: =SUMIF($E$14:$N$14,"CO3",E66:N66)+IF(O66>=0, SUMPRODUCT(($O$14:$Z$14="CO3")*(O66:Z66)*MOD(COLUMN($O$14:$Z$14)-COLUMN($O$14)+1,2))+ SUMPRODUCT(($P$14:$Z$14="CO3")*(P66:Z66)*MOD(COLUMN($P$14:$Z$14)-COLUMN($P$14)+1,2))) -> 15 | AE66: =SUMIF($E$14:$N$14,"CO4",$E$17:$N$17) + IF(O66>=0, SUMPRODUCT(($O$14:$Z$14="CO4")*(O66:Z66)*MOD(COLUMN($O$14:$Z$14)-COLUMN($O$14)+1,2))+ SUMPRODUCT(($P$14:$Z$14="CO4")*(P66:Z66)*MOD(COLUMN($P$14:$Z$14)-COLUMN($P$14)+1,2))) -> 0 | AF66: =SUMIF($E$14:$N$14,"CO5",$E$17:$N$17) + IF(O66>=0, SUMPRODUCT(($O$14:$Z$14="CO5")*(O66:Z66)*MOD(COLUMN($O$14:$Z$14)-COLUMN($O$14)+1,2))+ SUMPRODUCT(($P$14:$Z$14="CO5")*(P66:Z66)*MOD(COLUMN($P$14:$Z$14)-COLUMN($P$14)+1,2)) ) -> 0 | AG66: =SUMIF($E$14:$N$14,"CO6",$E$17:$N$17) + IF(O66>0, SUMPRODUCT(($O$14:$Z$14="CO6")*($O$17:$Z$17)*MOD(COLUMN($O$14:$Z$14)-COLUMN($O$14)+1,2))+ SUMPRODUCT(($P$14:$Z$14="CO6")*($P$17:$Z$17)*MOD(COLUMN($P$14:$Z$14)-COLUMN($P$14)+1,2)) ) -> 0 | AH66: =SUM(AB66:AG66) -> 70 | AI66: =AB66/(SUMIF($E$14:$N$14,"CO1",$E$13:$N$13)+SUMPRODUCT(($O$14:$Z$14="CO1")*($O66:$Z66>0)*($O$13:$Z$13)))*100 -> 67.5 | AJ66: =AC66/(SUMIF($E$14:$N$14,"CO2",$E$13:$N$13)+SUMPRODUCT(($O$14:$Z$14="CO2")*($O66:$Z66>0)*($O$13:$Z$13)))*100 -> 70 | AK66: =AD66/(SUMIF($E$14:$N$14,"CO3",$E$13:$N$13)+SUMPRODUCT(($O$14:$Z$14="CO3")*($O66:$Z66>0)*($O$13:$Z$13)))*100 -> 75
A67: 51 | B67: ='STUDENT NAMELIST'!B55 -> 211423243115 | C67: ='STUDENT NAMELIST'!C55 -> 2023PEC AI 151 | D67: ='STUDENT NAMELIST'!D55 -> ELIZA ADELINE S | E67: 2 | F67: 1 | G67: 0 | H67: 0 | I67: 1 | J67: 2 | K67: 1 | L67: 0 | M67: 2 | N67: 1 | O67: 15 | Q67: 14 | T67: 16 | V67: 16 | X67: 16 | AA67: =SUM(E67,F67,G67,H67,I67,J67,K67,L67,M67,N67,O67,P67,Q67,R67,S67,T67,U67,V67,W67,X67,Y67,Z67) -> 87 | AB67: =SUMIF($E$14:$N$14,"CO1",E67:N67)+IF(O67>=0,SUMPRODUCT(($O$14:$Z$14="CO1")*(O67:Z67)*MOD(COLUMN($O$14:$Z$14)-COLUMN($O$14)+1,2))+SUMPRODUCT(($P$14:$Z$14="CO1")*(P67:Z67)*MOD(COLUMN($P$14:$Z$14)-COLUMN($P$14)+1,2))) -> 32 | AC67: =SUMIF($E$14:$N$14,"CO1",F67:O67)+IF(P67>=0,SUMPRODUCT(($O$14:$Z$14="CO1")*(P67:AA67)*MOD(COLUMN($O$14:$Z$14)-COLUMN($O$14)+1,2))+SUMPRODUCT(($P$14:$Z$14="CO1")*(Q67:AA67)*MOD(COLUMN($P$14:$Z$14)-COLUMN($P$14)+1,2))) -> 16 | AD67: =SUMIF($E$14:$N$14,"CO3",E67:N67)+IF(O67>=0, SUMPRODUCT(($O$14:$Z$14="CO3")*(O67:Z67)*MOD(COLUMN($O$14:$Z$14)-COLUMN($O$14)+1,2))+ SUMPRODUCT(($P$14:$Z$14="CO3")*(P67:Z67)*MOD(COLUMN($P$14:$Z$14)-COLUMN($P$14)+1,2))) -> 19 | AE67: =SUMIF($E$14:$N$14,"CO4",$E$17:$N$17) + IF(O67>=0, SUMPRODUCT(($O$14:$Z$14="CO4")*(O67:Z67)*MOD(COLUMN($O$14:$Z$14)-COLUMN($O$14)+1,2))+ SUMPRODUCT(($P$14:$Z$14="CO4")*(P67:Z67)*MOD(COLUMN($P$14:$Z$14)-COLUMN($P$14)+1,2))) -> 0 | AF67: =SUMIF($E$14:$N$14,"CO5",$E$17:$N$17) + IF(O67>=0, SUMPRODUCT(($O$14:$Z$14="CO5")*(O67:Z67)*MOD(COLUMN($O$14:$Z$14)-COLUMN($O$14)+1,2))+ SUMPRODUCT(($P$14:$Z$14="CO5")*(P67:Z67)*MOD(COLUMN($P$14:$Z$14)-COLUMN($P$14)+1,2)) ) -> 0 | AG67: =SUMIF($E$14:$N$14,"CO6",$E$17:$N$17) + IF(O67>0, SUMPRODUCT(($O$14:$Z$14="CO6")*($O$17:$Z$17)*MOD(COLUMN($O$14:$Z$14)-COLUMN($O$14)+1,2))+ SUMPRODUCT(($P$14:$Z$14="CO6")*($P$17:$Z$17)*MOD(COLUMN($P$14:$Z$14)-COLUMN($P$14)+1,2)) ) -> 0 | AH67: =SUM(AB67:AG67) -> 67 | AI67: =AB67/(SUMIF($E$14:$N$14,"CO1",$E$13:$N$13)+SUMPRODUCT(($O$14:$Z$14="CO1")*($O67:$Z67>0)*($O$13:$Z$13)))*100 -> 80 | AJ67: =AC67/(SUMIF($E$14:$N$14,"CO2",$E$13:$N$13)+SUMPRODUCT(($O$14:$Z$14="CO2")*($O67:$Z67>0)*($O$13:$Z$13)))*100 -> 40 | AK67: =AD67/(SUMIF($E$14:$N$14,"CO3",$E$13:$N$13)+SUMPRODUCT(($O$14:$Z$14="CO3")*($O67:$Z67>0)*($O$13:$Z$13)))*100 -> 95
A68: 52 | B68: ='STUDENT NAMELIST'!B56 -> 211423243117 | C68: ='STUDENT NAMELIST'!C56 -> 2023PEC AI 152 | D68: ='STUDENT NAMELIST'!D56 -> ESAKKI SANDHYA M | E68: 1 | F68: 1 | G68: 1 | H68: 1 | I68: 0 | J68: 0 | K68: 1 | L68: 0 | M68: 1 | N68: 2 | P68: 15 | R68: 16 | T68: 12 | U68: 16 | W68: 16 | AA68: =SUM(E68,F68,G68,H68,I68,J68,K68,L68,M68,N68,O68,P68,Q68,R68,S68,T68,U68,V68,W68,X68,Y68,Z68) -> 83 | AB68: =SUMIF($E$14:$N$14,"CO1",E68:N68)+IF(O68>=0,SUMPRODUCT(($O$14:$Z$14="CO1")*(O68:Z68)*MOD(COLUMN($O$14:$Z$14)-COLUMN($O$14)+1,2))+SUMPRODUCT(($P$14:$Z$14="CO1")*(P68:Z68)*MOD(COLUMN($P$14:$Z$14)-COLUMN($P$14)+1,2))) -> 35 | AC68: =SUMIF($E$14:$N$14,"CO1",F68:O68)+IF(P68>=0,SUMPRODUCT(($O$14:$Z$14="CO1")*(P68:AA68)*MOD(COLUMN($O$14:$Z$14)-COLUMN($O$14)+1,2))+SUMPRODUCT(($P$14:$Z$14="CO1")*(Q68:AA68)*MOD(COLUMN($P$14:$Z$14)-COLUMN($P$14)+1,2))) -> 34 | AD68: =SUMIF($E$14:$N$14,"CO3",E68:N68)+IF(O68>=0, SUMPRODUCT(($O$14:$Z$14="CO3")*(O68:Z68)*MOD(COLUMN($O$14:$Z$14)-COLUMN($O$14)+1,2))+ SUMPRODUCT(($P$14:$Z$14="CO3")*(P68:Z68)*MOD(COLUMN($P$14:$Z$14)-COLUMN($P$14)+1,2))) -> 19 | AE68: =SUMIF($E$14:$N$14,"CO4",$E$17:$N$17) + IF(O68>=0, SUMPRODUCT(($O$14:$Z$14="CO4")*(O68:Z68)*MOD(COLUMN($O$14:$Z$14)-COLUMN($O$14)+1,2))+ SUMPRODUCT(($P$14:$Z$14="CO4")*(P68:Z68)*MOD(COLUMN($P$14:$Z$14)-COLUMN($P$14)+1,2))) -> 0 | AF68: =SUMIF($E$14:$N$14,"CO5",$E$17:$N$17) + IF(O68>=0, SUMPRODUCT(($O$14:$Z$14="CO5")*(O68:Z68)*MOD(COLUMN($O$14:$Z$14)-COLUMN($O$14)+1,2))+ SUMPRODUCT(($P$14:$Z$14="CO5")*(P68:Z68)*MOD(COLUMN($P$14:$Z$14)-COLUMN($P$14)+1,2)) ) -> 0 | AG68: =SUMIF($E$14:$N$14,"CO6",$E$17:$N$17) + IF(O68>0, SUMPRODUCT(($O$14:$Z$14="CO6")*($O$17:$Z$17)*MOD(COLUMN($O$14:$Z$14)-COLUMN($O$14)+1,2))+ SUMPRODUCT(($P$14:$Z$14="CO6")*($P$17:$Z$17)*MOD(COLUMN($P$14:$Z$14)-COLUMN($P$14)+1,2)) ) -> 0 | AH68: =SUM(AB68:AG68) -> 88 | AI68: =AB68/(SUMIF($E$14:$N$14,"CO1",$E$13:$N$13)+SUMPRODUCT(($O$14:$Z$14="CO1")*($O68:$Z68>0)*($O$13:$Z$13)))*100 -> 87.5 | AJ68: =AC68/(SUMIF($E$14:$N$14,"CO2",$E$13:$N$13)+SUMPRODUCT(($O$14:$Z$14="CO2")*($O68:$Z68>0)*($O$13:$Z$13)))*100 -> 85 | AK68: =AD68/(SUMIF($E$14:$N$14,"CO3",$E$13:$N$13)+SUMPRODUCT(($O$14:$Z$14="CO3")*($O68:$Z68>0)*($O$13:$Z$13)))*100 -> 95
A69: 53 | B69: ='STUDENT NAMELIST'!B57 -> 211423243121 | C69: ='STUDENT NAMELIST'!C57 -> 2023PEC AI 153 | D69: ='STUDENT NAMELIST'!D57 -> FATHIMA SAFANA A | E69: 0 | F69: 0 | G69: 1 | H69: 1 | I69: 0 | J69: 1 | K69: 1 | L69: 1 | M69: 0 | N69: 0 | O69: 16 | P69: 0 | Q69: 0 | R69: 16 | S69: 14 | T69: 0 | U69: 16 | V69: 0 | W69: 0 | X69: 13 | AA69: =SUM(E69,F69,G69,H69,I69,J69,K69,L69,M69,N69,O69,P69,Q69,R69,S69,T69,U69,V69,W69,X69,Y69,Z69) -> 80 | AB69: =SUMIF($E$14:$N$14,"CO1",E69:N69)+IF(O69>=0,SUMPRODUCT(($O$14:$Z$14="CO1")*(O69:Z69)*MOD(COLUMN($O$14:$Z$14)-COLUMN($O$14)+1,2))+SUMPRODUCT(($P$14:$Z$14="CO1")*(P69:Z69)*MOD(COLUMN($P$14:$Z$14)-COLUMN($P$14)+1,2))) -> 34 | AC69: =SUMIF($E$14:$N$14,"CO1",F69:O69)+IF(P69>=0,SUMPRODUCT(($O$14:$Z$14="CO1")*(P69:AA69)*MOD(COLUMN($O$14:$Z$14)-COLUMN($O$14)+1,2))+SUMPRODUCT(($P$14:$Z$14="CO1")*(Q69:AA69)*MOD(COLUMN($P$14:$Z$14)-COLUMN($P$14)+1,2))) -> 32 | AD69: =SUMIF($E$14:$N$14,"CO3",E69:N69)+IF(O69>=0, SUMPRODUCT(($O$14:$Z$14="CO3")*(O69:Z69)*MOD(COLUMN($O$14:$Z$14)-COLUMN($O$14)+1,2))+ SUMPRODUCT(($P$14:$Z$14="CO3")*(P69:Z69)*MOD(COLUMN($P$14:$Z$14)-COLUMN($P$14)+1,2))) -> 13 | AE69: =SUMIF($E$14:$N$14,"CO4",$E$17:$N$17) + IF(O69>=0, SUMPRODUCT(($O$14:$Z$14="CO4")*(O69:Z69)*MOD(COLUMN($O$14:$Z$14)-COLUMN($O$14)+1,2))+ SUMPRODUCT(($P$14:$Z$14="CO4")*(P69:Z69)*MOD(COLUMN($P$14:$Z$14)-COLUMN($P$14)+1,2))) -> 0 | AF69: =SUMIF($E$14:$N$14,"CO5",$E$17:$N$17) + IF(O69>=0, SUMPRODUCT(($O$14:$Z$14="CO5")*(O69:Z69)*MOD(COLUMN($O$14:$Z$14)-COLUMN($O$14)+1,2))+ SUMPRODUCT(($P$14:$Z$14="CO5")*(P69:Z69)*MOD(COLUMN($P$14:$Z$14)-COLUMN($P$14)+1,2)) ) -> 0 | AG69: =SUMIF($E$14:$N$14,"CO6",$E$17:$N$17) + IF(O69>0, SUMPRODUCT(($O$14:$Z$14="CO6")*($O$17:$Z$17)*MOD(COLUMN($O$14:$Z$14)-COLUMN($O$14)+1,2))+ SUMPRODUCT(($P$14:$Z$14="CO6")*($P$17:$Z$17)*MOD(COLUMN($P$14:$Z$14)-COLUMN($P$14)+1,2)) ) -> 0 | AH69: =SUM(AB69:AG69) -> 79 | AI69: =AB69/(SUMIF($E$14:$N$14,"CO1",$E$13:$N$13)+SUMPRODUCT(($O$14:$Z$14="CO1")*($O69:$Z69>0)*($O$13:$Z$13)))*100 -> 85 | AJ69: =AC69/(SUMIF($E$14:$N$14,"CO2",$E$13:$N$13)+SUMPRODUCT(($O$14:$Z$14="CO2")*($O69:$Z69>0)*($O$13:$Z$13)))*100 -> 80 | AK69: =AD69/(SUMIF($E$14:$N$14,"CO3",$E$13:$N$13)+SUMPRODUCT(($O$14:$Z$14="CO3")*($O69:$Z69>0)*($O$13:$Z$13)))*100 -> 65
A70: 54 | B70: ='STUDENT NAMELIST'!B58 -> 211423243122 | C70: ='STUDENT NAMELIST'!C58 -> 2023PEC AI 154 | D70: ='STUDENT NAMELIST'!D58 -> GADDAM SUPRIYA | E70: 2 | F70: 2 | G70: 2 | H70: 0 | I70: 2 | J70: 1 | K70: 2 | L70: 1 | M70: 1 | N70: 0 | O70: 16 | P70: 0 | Q70: 0 | R70: 16 | S70: 14 | T70: 0 | U70: 16 | V70: 0 | W70: 0 | X70: 13 | AA70: =SUM(E70,F70,G70,H70,I70,J70,K70,L70,M70,N70,O70,P70,Q70,R70,S70,T70,U70,V70,W70,X70,Y70,Z70) -> 88 | AB70: =SUMIF($E$14:$N$14,"CO1",E70:N70)+IF(O70>=0,SUMPRODUCT(($O$14:$Z$14="CO1")*(O70:Z70)*MOD(COLUMN($O$14:$Z$14)-COLUMN($O$14)+1,2))+SUMPRODUCT(($P$14:$Z$14="CO1")*(P70:Z70)*MOD(COLUMN($P$14:$Z$14)-COLUMN($P$14)+1,2))) -> 38 | AC70: =SUMIF($E$14:$N$14,"CO1",F70:O70)+IF(P70>=0,SUMPRODUCT(($O$14:$Z$14="CO1")*(P70:AA70)*MOD(COLUMN($O$14:$Z$14)-COLUMN($O$14)+1,2))+SUMPRODUCT(($P$14:$Z$14="CO1")*(Q70:AA70)*MOD(COLUMN($P$14:$Z$14)-COLUMN($P$14)+1,2))) -> 36 | AD70: =SUMIF($E$14:$N$14,"CO3",E70:N70)+IF(O70>=0, SUMPRODUCT(($O$14:$Z$14="CO3")*(O70:Z70)*MOD(COLUMN($O$14:$Z$14)-COLUMN($O$14)+1,2))+ SUMPRODUCT(($P$14:$Z$14="CO3")*(P70:Z70)*MOD(COLUMN($P$14:$Z$14)-COLUMN($P$14)+1,2))) -> 14 | AE70: =SUMIF($E$14:$N$14,"CO4",$E$17:$N$17) + IF(O70>=0, SUMPRODUCT(($O$14:$Z$14="CO4")*(O70:Z70)*MOD(COLUMN($O$14:$Z$14)-COLUMN($O$14)+1,2))+ SUMPRODUCT(($P$14:$Z$14="CO4")*(P70:Z70)*MOD(COLUMN($P$14:$Z$14)-COLUMN($P$14)+1,2))) -> 0 | AF70: =SUMIF($E$14:$N$14,"CO5",$E$17:$N$17) + IF(O70>=0, SUMPRODUCT(($O$14:$Z$14="CO5")*(O70:Z70)*MOD(COLUMN($O$14:$Z$14)-COLUMN($O$14)+1,2))+ SUMPRODUCT(($P$14:$Z$14="CO5")*(P70:Z70)*MOD(COLUMN($P$14:$Z$14)-COLUMN($P$14)+1,2)) ) -> 0 | AG70: =SUMIF($E$14:$N$14,"CO6",$E$17:$N$17) + IF(O70>0, SUMPRODUCT(($O$14:$Z$14="CO6")*($O$17:$Z$17)*MOD(COLUMN($O$14:$Z$14)-COLUMN($O$14)+1,2))+ SUMPRODUCT(($P$14:$Z$14="CO6")*($P$17:$Z$17)*MOD(COLUMN($P$14:$Z$14)-COLUMN($P$14)+1,2)) ) -> 0 | AH70: =SUM(AB70:AG70) -> 88 | AI70: =AB70/(SUMIF($E$14:$N$14,"CO1",$E$13:$N$13)+SUMPRODUCT(($O$14:$Z$14="CO1")*($O70:$Z70>0)*($O$13:$Z$13)))*100 -> 95 | AJ70: =AC70/(SUMIF($E$14:$N$14,"CO2",$E$13:$N$13)+SUMPRODUCT(($O$14:$Z$14="CO2")*($O70:$Z70>0)*($O$13:$Z$13)))*100 -> 90 | AK70: =AD70/(SUMIF($E$14:$N$14,"CO3",$E$13:$N$13)+SUMPRODUCT(($O$14:$Z$14="CO3")*($O70:$Z70>0)*($O$13:$Z$13)))*100 -> 70
A71: 55 | B71: ='STUDENT NAMELIST'!B59 -> 211423243126 | C71: ='STUDENT NAMELIST'!C59 -> 2023PEC AI 155 | D71: ='STUDENT NAMELIST'!D59 -> GETHU SHIVANI T S S | E71: 1 | F71: 2 | G71: 2 | H71: 1 | I71: 1 | J71: 2 | K71: 1 | L71: 1 | M71: 2 | N71: 0 | O71: 14 | Q71: 14 | S71: 14 | U71: 14 | W71: 14 | AA71: =SUM(E71,F71,G71,H71,I71,J71,K71,L71,M71,N71,O71,P71,Q71,R71,S71,T71,U71,V71,W71,X71,Y71,Z71) -> 83 | AB71: =SUMIF($E$14:$N$14,"CO1",E71:N71)+IF(O71>=0,SUMPRODUCT(($O$14:$Z$14="CO1")*(O71:Z71)*MOD(COLUMN($O$14:$Z$14)-COLUMN($O$14)+1,2))+SUMPRODUCT(($P$14:$Z$14="CO1")*(P71:Z71)*MOD(COLUMN($P$14:$Z$14)-COLUMN($P$14)+1,2))) -> 34 | AC71: =SUMIF($E$14:$N$14,"CO1",F71:O71)+IF(P71>=0,SUMPRODUCT(($O$14:$Z$14="CO1")*(P71:AA71)*MOD(COLUMN($O$14:$Z$14)-COLUMN($O$14)+1,2))+SUMPRODUCT(($P$14:$Z$14="CO1")*(Q71:AA71)*MOD(COLUMN($P$14:$Z$14)-COLUMN($P$14)+1,2))) -> 34 | AD71: =SUMIF($E$14:$N$14,"CO3",E71:N71)+IF(O71>=0, SUMPRODUCT(($O$14:$Z$14="CO3")*(O71:Z71)*MOD(COLUMN($O$14:$Z$14)-COLUMN($O$14)+1,2))+ SUMPRODUCT(($P$14:$Z$14="CO3")*(P71:Z71)*MOD(COLUMN($P$14:$Z$14)-COLUMN($P$14)+1,2))) -> 16 | AE71: =SUMIF($E$14:$N$14,"CO4",$E$17:$N$17) + IF(O71>=0, SUMPRODUCT(($O$14:$Z$14="CO4")*(O71:Z71)*MOD(COLUMN($O$14:$Z$14)-COLUMN($O$14)+1,2))+ SUMPRODUCT(($P$14:$Z$14="CO4")*(P71:Z71)*MOD(COLUMN($P$14:$Z$14)-COLUMN($P$14)+1,2))) -> 0 | AF71: =SUMIF($E$14:$N$14,"CO5",$E$17:$N$17) + IF(O71>=0, SUMPRODUCT(($O$14:$Z$14="CO5")*(O71:Z71)*MOD(COLUMN($O$14:$Z$14)-COLUMN($O$14)+1,2))+ SUMPRODUCT(($P$14:$Z$14="CO5")*(P71:Z71)*MOD(COLUMN($P$14:$Z$14)-COLUMN($P$14)+1,2)) ) -> 0 | AG71: =SUMIF($E$14:$N$14,"CO6",$E$17:$N$17) + IF(O71>0, SUMPRODUCT(($O$14:$Z$14="CO6")*($O$17:$Z$17)*MOD(COLUMN($O$14:$Z$14)-COLUMN($O$14)+1,2))+ SUMPRODUCT(($P$14:$Z$14="CO6")*($P$17:$Z$17)*MOD(COLUMN($P$14:$Z$14)-COLUMN($P$14)+1,2)) ) -> 0 | AH71: =SUM(AB71:AG71) -> 84 | AI71: =AB71/(SUMIF($E$14:$N$14,"CO1",$E$13:$N$13)+SUMPRODUCT(($O$14:$Z$14="CO1")*($O71:$Z71>0)*($O$13:$Z$13)))*100 -> 85 | AJ71: =AC71/(SUMIF($E$14:$N$14,"CO2",$E$13:$N$13)+SUMPRODUCT(($O$14:$Z$14="CO2")*($O71:$Z71>0)*($O$13:$Z$13)))*100 -> 85 | AK71: =AD71/(SUMIF($E$14:$N$14,"CO3",$E$13:$N$13)+SUMPRODUCT(($O$14:$Z$14="CO3")*($O71:$Z71>0)*($O$13:$Z$13)))*100 -> 80
A72: 56 | B72: ='STUDENT NAMELIST'!B60 -> 211423243128 | C72: ='STUDENT NAMELIST'!C60 -> 2023PEC AI 156 | D72: ='STUDENT NAMELIST'!D60 -> GOPIKA S | E72: 2 | F72: 1 | G72: 0 | H72: 1 | I72: 0 | J72: 2 | K72: 0 | L72: 2 | M72: 1 | N72: 0 | O72: 16 | P72: 0 | Q72: 0 | R72: 16 | S72: 14 | T72: 0 | U72: 16 | V72: 0 | W72: 0 | X72: 13 | AA72: =SUM(E72,F72,G72,H72,I72,J72,K72,L72,M72,N72,O72,P72,Q72,R72,S72,T72,U72,V72,W72,X72,Y72,Z72) -> 84 | AB72: =SUMIF($E$14:$N$14,"CO1",E72:N72)+IF(O72>=0,SUMPRODUCT(($O$14:$Z$14="CO1")*(O72:Z72)*MOD(COLUMN($O$14:$Z$14)-COLUMN($O$14)+1,2))+SUMPRODUCT(($P$14:$Z$14="CO1")*(P72:Z72)*MOD(COLUMN($P$14:$Z$14)-COLUMN($P$14)+1,2))) -> 36 | AC72: =SUMIF($E$14:$N$14,"CO1",F72:O72)+IF(P72>=0,SUMPRODUCT(($O$14:$Z$14="CO1")*(P72:AA72)*MOD(COLUMN($O$14:$Z$14)-COLUMN($O$14)+1,2))+SUMPRODUCT(($P$14:$Z$14="CO1")*(Q72:AA72)*MOD(COLUMN($P$14:$Z$14)-COLUMN($P$14)+1,2))) -> 32 | AD72: =SUMIF($E$14:$N$14,"CO3",E72:N72)+IF(O72>=0, SUMPRODUCT(($O$14:$Z$14="CO3")*(O72:Z72)*MOD(COLUMN($O$14:$Z$14)-COLUMN($O$14)+1,2))+ SUMPRODUCT(($P$14:$Z$14="CO3")*(P72:Z72)*MOD(COLUMN($P$14:$Z$14)-COLUMN($P$14)+1,2))) -> 14 | AE72: =SUMIF($E$14:$N$14,"CO4",$E$17:$N$17) + IF(O72>=0, SUMPRODUCT(($O$14:$Z$14="CO4")*(O72:Z72)*MOD(COLUMN($O$14:$Z$14)-COLUMN($O$14)+1,2))+ SUMPRODUCT(($P$14:$Z$14="CO4")*(P72:Z72)*MOD(COLUMN($P$14:$Z$14)-COLUMN($P$14)+1,2))) -> 0 | AF72: =SUMIF($E$14:$N$14,"CO5",$E$17:$N$17) + IF(O72>=0, SUMPRODUCT(($O$14:$Z$14="CO5")*(O72:Z72)*MOD(COLUMN($O$14:$Z$14)-COLUMN($O$14)+1,2))+ SUMPRODUCT(($P$14:$Z$14="CO5")*(P72:Z72)*MOD(COLUMN($P$14:$Z$14)-COLUMN($P$14)+1,2)) ) -> 0 | AG72: =SUMIF($E$14:$N$14,"CO6",$E$17:$N$17) + IF(O72>0, SUMPRODUCT(($O$14:$Z$14="CO6")*($O$17:$Z$17)*MOD(COLUMN($O$14:$Z$14)-COLUMN($O$14)+1,2))+ SUMPRODUCT(($P$14:$Z$14="CO6")*($P$17:$Z$17)*MOD(COLUMN($P$14:$Z$14)-COLUMN($P$14)+1,2)) ) -> 0 | AH72: =SUM(AB72:AG72) -> 82 | AI72: =AB72/(SUMIF($E$14:$N$14,"CO1",$E$13:$N$13)+SUMPRODUCT(($O$14:$Z$14="CO1")*($O72:$Z72>0)*($O$13:$Z$13)))*100 -> 90 | AJ72: =AC72/(SUMIF($E$14:$N$14,"CO2",$E$13:$N$13)+SUMPRODUCT(($O$14:$Z$14="CO2")*($O72:$Z72>0)*($O$13:$Z$13)))*100 -> 80 | AK72: =AD72/(SUMIF($E$14:$N$14,"CO3",$E$13:$N$13)+SUMPRODUCT(($O$14:$Z$14="CO3")*($O72:$Z72>0)*($O$13:$Z$13)))*100 -> 70
A73: 58 | B73: ='STUDENT NAMELIST'!B61 -> 211423243129 | C73: ='STUDENT NAMELIST'!C61 -> 2023PEC AI 157 | D73: ='STUDENT NAMELIST'!D61 -> GOPIKASHREE A S | E73: 0 | F73: 2 | G73: 0 | H73: 2 | I73: 0 | J73: 2 | K73: 1 | L73: 0 | M73: 0 | N73: 1 | O73: 14 | Q73: 14 | S73: 14 | U73: 14 | W73: 14 | AA73: =SUM(E73,F73,G73,H73,I73,J73,K73,L73,M73,N73,O73,P73,Q73,R73,S73,T73,U73,V73,W73,X73,Y73,Z73) -> 78 | AB73: =SUMIF($E$14:$N$14,"CO1",E73:N73)+IF(O73>=0,SUMPRODUCT(($O$14:$Z$14="CO1")*(O73:Z73)*MOD(COLUMN($O$14:$Z$14)-COLUMN($O$14)+1,2))+SUMPRODUCT(($P$14:$Z$14="CO1")*(P73:Z73)*MOD(COLUMN($P$14:$Z$14)-COLUMN($P$14)+1,2))) -> 32 | AC73: =SUMIF($E$14:$N$14,"CO1",F73:O73)+IF(P73>=0,SUMPRODUCT(($O$14:$Z$14="CO1")*(P73:AA73)*MOD(COLUMN($O$14:$Z$14)-COLUMN($O$14)+1,2))+SUMPRODUCT(($P$14:$Z$14="CO1")*(Q73:AA73)*MOD(COLUMN($P$14:$Z$14)-COLUMN($P$14)+1,2))) -> 32 | AD73: =SUMIF($E$14:$N$14,"CO3",E73:N73)+IF(O73>=0, SUMPRODUCT(($O$14:$Z$14="CO3")*(O73:Z73)*MOD(COLUMN($O$14:$Z$14)-COLUMN($O$14)+1,2))+ SUMPRODUCT(($P$14:$Z$14="CO3")*(P73:Z73)*MOD(COLUMN($P$14:$Z$14)-COLUMN($P$14)+1,2))) -> 15 | AE73: =SUMIF($E$14:$N$14,"CO4",$E$17:$N$17) + IF(O73>=0, SUMPRODUCT(($O$14:$Z$14="CO4")*(O73:Z73)*MOD(COLUMN($O$14:$Z$14)-COLUMN($O$14)+1,2))+ SUMPRODUCT(($P$14:$Z$14="CO4")*(P73:Z73)*MOD(COLUMN($P$14:$Z$14)-COLUMN($P$14)+1,2))) -> 0 | AF73: =SUMIF($E$14:$N$14,"CO5",$E$17:$N$17) + IF(O73>=0, SUMPRODUCT(($O$14:$Z$14="CO5")*(O73:Z73)*MOD(COLUMN($O$14:$Z$14)-COLUMN($O$14)+1,2))+ SUMPRODUCT(($P$14:$Z$14="CO5")*(P73:Z73)*MOD(COLUMN($P$14:$Z$14)-COLUMN($P$14)+1,2)) ) -> 0 | AG73: =SUMIF($E$14:$N$14,"CO6",$E$17:$N$17) + IF(O73>0, SUMPRODUCT(($O$14:$Z$14="CO6")*($O$17:$Z$17)*MOD(COLUMN($O$14:$Z$14)-COLUMN($O$14)+1,2))+ SUMPRODUCT(($P$14:$Z$14="CO6")*($P$17:$Z$17)*MOD(COLUMN($P$14:$Z$14)-COLUMN($P$14)+1,2)) ) -> 0 | AH73: =SUM(AB73:AG73) -> 79 | AI73: =AB73/(SUMIF($E$14:$N$14,"CO1",$E$13:$N$13)+SUMPRODUCT(($O$14:$Z$14="CO1")*($O73:$Z73>0)*($O$13:$Z$13)))*100 -> 80 | AJ73: =AC73/(SUMIF($E$14:$N$14,"CO2",$E$13:$N$13)+SUMPRODUCT(($O$14:$Z$14="CO2")*($O73:$Z73>0)*($O$13:$Z$13)))*100 -> 80 | AK73: =AD73/(SUMIF($E$14:$N$14,"CO3",$E$13:$N$13)+SUMPRODUCT(($O$14:$Z$14="CO3")*($O73:$Z73>0)*($O$13:$Z$13)))*100 -> 75
A74: 58 | B74: ='STUDENT NAMELIST'!B62 -> 211423243131 | C74: ='STUDENT NAMELIST'!C62 -> 2023PEC AI 158 | D74: ='STUDENT NAMELIST'!D62 -> GOWTHAMEE G | E74: 2 | F74: 0 | G74: 2 | H74: 0 | I74: 2 | J74: 2 | K74: 2 | L74: 0 | M74: 1 | N74: 0 | O74: 14 | Q74: 14 | S74: 14 | U74: 14 | W74: 14 | AA74: =SUM(E74,F74,G74,H74,I74,J74,K74,L74,M74,N74,O74,P74,Q74,R74,S74,T74,U74,V74,W74,X74,Y74,Z74) -> 81 | AB74: =SUMIF($E$14:$N$14,"CO1",E74:N74)+IF(O74>=0,SUMPRODUCT(($O$14:$Z$14="CO1")*(O74:Z74)*MOD(COLUMN($O$14:$Z$14)-COLUMN($O$14)+1,2))+SUMPRODUCT(($P$14:$Z$14="CO1")*(P74:Z74)*MOD(COLUMN($P$14:$Z$14)-COLUMN($P$14)+1,2))) -> 32 | AC74: =SUMIF($E$14:$N$14,"CO1",F74:O74)+IF(P74>=0,SUMPRODUCT(($O$14:$Z$14="CO1")*(P74:AA74)*MOD(COLUMN($O$14:$Z$14)-COLUMN($O$14)+1,2))+SUMPRODUCT(($P$14:$Z$14="CO1")*(Q74:AA74)*MOD(COLUMN($P$14:$Z$14)-COLUMN($P$14)+1,2))) -> 32 | AD74: =SUMIF($E$14:$N$14,"CO3",E74:N74)+IF(O74>=0, SUMPRODUCT(($O$14:$Z$14="CO3")*(O74:Z74)*MOD(COLUMN($O$14:$Z$14)-COLUMN($O$14)+1,2))+ SUMPRODUCT(($P$14:$Z$14="CO3")*(P74:Z74)*MOD(COLUMN($P$14:$Z$14)-COLUMN($P$14)+1,2))) -> 15 | AE74: =SUMIF($E$14:$N$14,"CO4",$E$17:$N$17) + IF(O74>=0, SUMPRODUCT(($O$14:$Z$14="CO4")*(O74:Z74)*MOD(COLUMN($O$14:$Z$14)-COLUMN($O$14)+1,2))+ SUMPRODUCT(($P$14:$Z$14="CO4")*(P74:Z74)*MOD(COLUMN($P$14:$Z$14)-COLUMN($P$14)+1,2))) -> 0 | AF74: =SUMIF($E$14:$N$14,"CO5",$E$17:$N$17) + IF(O74>=0, SUMPRODUCT(($O$14:$Z$14="CO5")*(O74:Z74)*MOD(COLUMN($O$14:$Z$14)-COLUMN($O$14)+1,2))+ SUMPRODUCT(($P$14:$Z$14="CO5")*(P74:Z74)*MOD(COLUMN($P$14:$Z$14)-COLUMN($P$14)+1,2)) ) -> 0 | AG74: =SUMIF($E$14:$N$14,"CO6",$E$17:$N$17) + IF(O74>0, SUMPRODUCT(($O$14:$Z$14="CO6")*($O$17:$Z$17)*MOD(COLUMN($O$14:$Z$14)-COLUMN($O$14)+1,2))+ SUMPRODUCT(($P$14:$Z$14="CO6")*($P$17:$Z$17)*MOD(COLUMN($P$14:$Z$14)-COLUMN($P$14)+1,2)) ) -> 0 | AH74: =SUM(AB74:AG74) -> 79 | AI74: =AB74/(SUMIF($E$14:$N$14,"CO1",$E$13:$N$13)+SUMPRODUCT(($O$14:$Z$14="CO1")*($O74:$Z74>0)*($O$13:$Z$13)))*100 -> 80 | AJ74: =AC74/(SUMIF($E$14:$N$14,"CO2",$E$13:$N$13)+SUMPRODUCT(($O$14:$Z$14="CO2")*($O74:$Z74>0)*($O$13:$Z$13)))*100 -> 80 | AK74: =AD74/(SUMIF($E$14:$N$14,"CO3",$E$13:$N$13)+SUMPRODUCT(($O$14:$Z$14="CO3")*($O74:$Z74>0)*($O$13:$Z$13)))*100 -> 75
A75: 59 | B75: ='STUDENT NAMELIST'!B63 -> 211423243096 | C75: ='STUDENT NAMELIST'!C63 -> 2023PEC AI 159 | D75: ='STUDENT NAMELIST'!D63 -> DHARANI C | E75: 1 | F75: 1 | G75: 0 | H75: 0 | I75: 2 | J75: 0 | K75: 0 | L75: 0 | M75: 1 | N75: 2 | O75: 12 | Q75: 12 | S75: 14 | U75: 15 | W75: 16 | AA75: =SUM(E75,F75,G75,H75,I75,J75,K75,L75,M75,N75,O75,P75,Q75,R75,S75,T75,U75,V75,W75,X75,Y75,Z75) -> 76 | AB75: =SUMIF($E$14:$N$14,"CO1",E75:N75)+IF(O75>=0,SUMPRODUCT(($O$14:$Z$14="CO1")*(O75:Z75)*MOD(COLUMN($O$14:$Z$14)-COLUMN($O$14)+1,2))+SUMPRODUCT(($P$14:$Z$14="CO1")*(P75:Z75)*MOD(COLUMN($P$14:$Z$14)-COLUMN($P$14)+1,2))) -> 26 | AC75: =SUMIF($E$14:$N$14,"CO1",F75:O75)+IF(P75>=0,SUMPRODUCT(($O$14:$Z$14="CO1")*(P75:AA75)*MOD(COLUMN($O$14:$Z$14)-COLUMN($O$14)+1,2))+SUMPRODUCT(($P$14:$Z$14="CO1")*(Q75:AA75)*MOD(COLUMN($P$14:$Z$14)-COLUMN($P$14)+1,2))) -> 29 | AD75: =SUMIF($E$14:$N$14,"CO3",E75:N75)+IF(O75>=0, SUMPRODUCT(($O$14:$Z$14="CO3")*(O75:Z75)*MOD(COLUMN($O$14:$Z$14)-COLUMN($O$14)+1,2))+ SUMPRODUCT(($P$14:$Z$14="CO3")*(P75:Z75)*MOD(COLUMN($P$14:$Z$14)-COLUMN($P$14)+1,2))) -> 19 | AE75: =SUMIF($E$14:$N$14,"CO4",$E$17:$N$17) + IF(O75>=0, SUMPRODUCT(($O$14:$Z$14="CO4")*(O75:Z75)*MOD(COLUMN($O$14:$Z$14)-COLUMN($O$14)+1,2))+ SUMPRODUCT(($P$14:$Z$14="CO4")*(P75:Z75)*MOD(COLUMN($P$14:$Z$14)-COLUMN($P$14)+1,2))) -> 0 | AF75: =SUMIF($E$14:$N$14,"CO5",$E$17:$N$17) + IF(O75>=0, SUMPRODUCT(($O$14:$Z$14="CO5")*(O75:Z75)*MOD(COLUMN($O$14:$Z$14)-COLUMN($O$14)+1,2))+ SUMPRODUCT(($P$14:$Z$14="CO5")*(P75:Z75)*MOD(COLUMN($P$14:$Z$14)-COLUMN($P$14)+1,2)) ) -> 0 | AG75: =SUMIF($E$14:$N$14,"CO6",$E$17:$N$17) + IF(O75>0, SUMPRODUCT(($O$14:$Z$14="CO6")*($O$17:$Z$17)*MOD(COLUMN($O$14:$Z$14)-COLUMN($O$14)+1,2))+ SUMPRODUCT(($P$14:$Z$14="CO6")*($P$17:$Z$17)*MOD(COLUMN($P$14:$Z$14)-COLUMN($P$14)+1,2)) ) -> 0 | AH75: =SUM(AB75:AG75) -> 74 | AI75: =AB75/(SUMIF($E$14:$N$14,"CO1",$E$13:$N$13)+SUMPRODUCT(($O$14:$Z$14="CO1")*($O75:$Z75>0)*($O$13:$Z$13)))*100 -> 65 | AJ75: =AC75/(SUMIF($E$14:$N$14,"CO2",$E$13:$N$13)+SUMPRODUCT(($O$14:$Z$14="CO2")*($O75:$Z75>0)*($O$13:$Z$13)))*100 -> 72.5 | AK75: =AD75/(SUMIF($E$14:$N$14,"CO3",$E$13:$N$13)+SUMPRODUCT(($O$14:$Z$14="CO3")*($O75:$Z75>0)*($O$13:$Z$13)))*100 -> 95
A76: 60 | B76: ='STUDENT NAMELIST'!B64 -> 211423243137 | C76: ='STUDENT NAMELIST'!C64 -> 2023PEC AI 160 | D76: ='STUDENT NAMELIST'!D64 -> HARI PRIYA P | E76: 1 | F76: 0 | G76: 0 | H76: 2 | I76: 2 | J76: 0 | K76: 0 | L76: 0 | M76: 1 | N76: 2 | O76: 16 | P76: 0 | Q76: 0 | R76: 16 | S76: 14 | T76: 0 | U76: 16 | V76: 0 | W76: 0 | X76: 13 | AA76: =SUM(E76,F76,G76,H76,I76,J76,K76,L76,M76,N76,O76,P76,Q76,R76,S76,T76,U76,V76,W76,X76,Y76,Z76) -> 83 | AB76: =SUMIF($E$14:$N$14,"CO1",E76:N76)+IF(O76>=0,SUMPRODUCT(($O$14:$Z$14="CO1")*(O76:Z76)*MOD(COLUMN($O$14:$Z$14)-COLUMN($O$14)+1,2))+SUMPRODUCT(($P$14:$Z$14="CO1")*(P76:Z76)*MOD(COLUMN($P$14:$Z$14)-COLUMN($P$14)+1,2))) -> 35 | AC76: =SUMIF($E$14:$N$14,"CO1",F76:O76)+IF(P76>=0,SUMPRODUCT(($O$14:$Z$14="CO1")*(P76:AA76)*MOD(COLUMN($O$14:$Z$14)-COLUMN($O$14)+1,2))+SUMPRODUCT(($P$14:$Z$14="CO1")*(Q76:AA76)*MOD(COLUMN($P$14:$Z$14)-COLUMN($P$14)+1,2))) -> 34 | AD76: =SUMIF($E$14:$N$14,"CO3",E76:N76)+IF(O76>=0, SUMPRODUCT(($O$14:$Z$14="CO3")*(O76:Z76)*MOD(COLUMN($O$14:$Z$14)-COLUMN($O$14)+1,2))+ SUMPRODUCT(($P$14:$Z$14="CO3")*(P76:Z76)*MOD(COLUMN($P$14:$Z$14)-COLUMN($P$14)+1,2))) -> 16 | AE76: =SUMIF($E$14:$N$14,"CO4",$E$17:$N$17) + IF(O76>=0, SUMPRODUCT(($O$14:$Z$14="CO4")*(O76:Z76)*MOD(COLUMN($O$14:$Z$14)-COLUMN($O$14)+1,2))+ SUMPRODUCT(($P$14:$Z$14="CO4")*(P76:Z76)*MOD(COLUMN($P$14:$Z$14)-COLUMN($P$14)+1,2))) -> 0 | AF76: =SUMIF($E$14:$N$14,"CO5",$E$17:$N$17) + IF(O76>=0, SUMPRODUCT(($O$14:$Z$14="CO5")*(O76:Z76)*MOD(COLUMN($O$14:$Z$14)-COLUMN($O$14)+1,2))+ SUMPRODUCT(($P$14:$Z$14="CO5")*(P76:Z76)*MOD(COLUMN($P$14:$Z$14)-COLUMN($P$14)+1,2)) ) -> 0 | AG76: =SUMIF($E$14:$N$14,"CO6",$E$17:$N$17) + IF(O76>0, SUMPRODUCT(($O$14:$Z$14="CO6")*($O$17:$Z$17)*MOD(COLUMN($O$14:$Z$14)-COLUMN($O$14)+1,2))+ SUMPRODUCT(($P$14:$Z$14="CO6")*($P$17:$Z$17)*MOD(COLUMN($P$14:$Z$14)-COLUMN($P$14)+1,2)) ) -> 0 | AH76: =SUM(AB76:AG76) -> 85 | AI76: =AB76/(SUMIF($E$14:$N$14,"CO1",$E$13:$N$13)+SUMPRODUCT(($O$14:$Z$14="CO1")*($O76:$Z76>0)*($O$13:$Z$13)))*100 -> 87.5 | AJ76: =AC76/(SUMIF($E$14:$N$14,"CO2",$E$13:$N$13)+SUMPRODUCT(($O$14:$Z$14="CO2")*($O76:$Z76>0)*($O$13:$Z$13)))*100 -> 85 | AK76: =AD76/(SUMIF($E$14:$N$14,"CO3",$E$13:$N$13)+SUMPRODUCT(($O$14:$Z$14="CO3")*($O76:$Z76>0)*($O$13:$Z$13)))*100 -> 80
A77: 61 | B77: ='STUDENT NAMELIST'!B65 -> 211423243138 | C77: ='STUDENT NAMELIST'!C65 -> 2023PEC AI 161 | D77: ='STUDENT NAMELIST'!D65 -> HARINI K | E77: 2 | F77: 1 | G77: 0 | H77: 2 | I77: 2 | J77: 2 | K77: 0 | L77: 1 | M77: 0 | N77: 1 | O77: 16 | P77: 0 | Q77: 0 | R77: 16 | S77: 14 | T77: 0 | U77: 16 | V77: 0 | W77: 0 | X77: 13 | AA77: =SUM(E77,F77,G77,H77,I77,J77,K77,L77,M77,N77,O77,P77,Q77,R77,S77,T77,U77,V77,W77,X77,Y77,Z77) -> 86 | AB77: =SUMIF($E$14:$N$14,"CO1",E77:N77)+IF(O77>=0,SUMPRODUCT(($O$14:$Z$14="CO1")*(O77:Z77)*MOD(COLUMN($O$14:$Z$14)-COLUMN($O$14)+1,2))+SUMPRODUCT(($P$14:$Z$14="CO1")*(P77:Z77)*MOD(COLUMN($P$14:$Z$14)-COLUMN($P$14)+1,2))) -> 37 | AC77: =SUMIF($E$14:$N$14,"CO1",F77:O77)+IF(P77>=0,SUMPRODUCT(($O$14:$Z$14="CO1")*(P77:AA77)*MOD(COLUMN($O$14:$Z$14)-COLUMN($O$14)+1,2))+SUMPRODUCT(($P$14:$Z$14="CO1")*(Q77:AA77)*MOD(COLUMN($P$14:$Z$14)-COLUMN($P$14)+1,2))) -> 35 | AD77: =SUMIF($E$14:$N$14,"CO3",E77:N77)+IF(O77>=0, SUMPRODUCT(($O$14:$Z$14="CO3")*(O77:Z77)*MOD(COLUMN($O$14:$Z$14)-COLUMN($O$14)+1,2))+ SUMPRODUCT(($P$14:$Z$14="CO3")*(P77:Z77)*MOD(COLUMN($P$14:$Z$14)-COLUMN($P$14)+1,2))) -> 14 | AE77: =SUMIF($E$14:$N$14,"CO4",$E$17:$N$17) + IF(O77>=0, SUMPRODUCT(($O$14:$Z$14="CO4")*(O77:Z77)*MOD(COLUMN($O$14:$Z$14)-COLUMN($O$14)+1,2))+ SUMPRODUCT(($P$14:$Z$14="CO4")*(P77:Z77)*MOD(COLUMN($P$14:$Z$14)-COLUMN($P$14)+1,2))) -> 0 | AF77: =SUMIF($E$14:$N$14,"CO5",$E$17:$N$17) + IF(O77>=0, SUMPRODUCT(($O$14:$Z$14="CO5")*(O77:Z77)*MOD(COLUMN($O$14:$Z$14)-COLUMN($O$14)+1,2))+ SUMPRODUCT(($P$14:$Z$14="CO5")*(P77:Z77)*MOD(COLUMN($P$14:$Z$14)-COLUMN($P$14)+1,2)) ) -> 0 | AG77: =SUMIF($E$14:$N$14,"CO6",$E$17:$N$17) + IF(O77>0, SUMPRODUCT(($O$14:$Z$14="CO6")*($O$17:$Z$17)*MOD(COLUMN($O$14:$Z$14)-COLUMN($O$14)+1,2))+ SUMPRODUCT(($P$14:$Z$14="CO6")*($P$17:$Z$17)*MOD(COLUMN($P$14:$Z$14)-COLUMN($P$14)+1,2)) ) -> 0 | AH77: =SUM(AB77:AG77) -> 86 | AI77: =AB77/(SUMIF($E$14:$N$14,"CO1",$E$13:$N$13)+SUMPRODUCT(($O$14:$Z$14="CO1")*($O77:$Z77>0)*($O$13:$Z$13)))*100 -> 92.5 | AJ77: =AC77/(SUMIF($E$14:$N$14,"CO2",$E$13:$N$13)+SUMPRODUCT(($O$14:$Z$14="CO2")*($O77:$Z77>0)*($O$13:$Z$13)))*100 -> 87.5 | AK77: =AD77/(SUMIF($E$14:$N$14,"CO3",$E$13:$N$13)+SUMPRODUCT(($O$14:$Z$14="CO3")*($O77:$Z77>0)*($O$13:$Z$13)))*100 -> 70
A78: 62 | B78: ='STUDENT NAMELIST'!B66 -> 211423243139 | C78: ='STUDENT NAMELIST'!C66 -> 2023PEC AI 162 | D78: ='STUDENT NAMELIST'!D66 -> HARINISRI M | E78: 0 | F78: 1 | G78: 0 | H78: 2 | I78: 1 | J78: 2 | K78: 0 | L78: 1 | M78: 0 | N78: 0 | O78: 15 | Q78: 14 | T78: 16 | V78: 16 | X78: 16 | AA78: =SUM(E78,F78,G78,H78,I78,J78,K78,L78,M78,N78,O78,P78,Q78,R78,S78,T78,U78,V78,W78,X78,Y78,Z78) -> 84 | AB78: =SUMIF($E$14:$N$14,"CO1",E78:N78)+IF(O78>=0,SUMPRODUCT(($O$14:$Z$14="CO1")*(O78:Z78)*MOD(COLUMN($O$14:$Z$14)-COLUMN($O$14)+1,2))+SUMPRODUCT(($P$14:$Z$14="CO1")*(P78:Z78)*MOD(COLUMN($P$14:$Z$14)-COLUMN($P$14)+1,2))) -> 32 | AC78: =SUMIF($E$14:$N$14,"CO1",F78:O78)+IF(P78>=0,SUMPRODUCT(($O$14:$Z$14="CO1")*(P78:AA78)*MOD(COLUMN($O$14:$Z$14)-COLUMN($O$14)+1,2))+SUMPRODUCT(($P$14:$Z$14="CO1")*(Q78:AA78)*MOD(COLUMN($P$14:$Z$14)-COLUMN($P$14)+1,2))) -> 18 | AD78: =SUMIF($E$14:$N$14,"CO3",E78:N78)+IF(O78>=0, SUMPRODUCT(($O$14:$Z$14="CO3")*(O78:Z78)*MOD(COLUMN($O$14:$Z$14)-COLUMN($O$14)+1,2))+ SUMPRODUCT(($P$14:$Z$14="CO3")*(P78:Z78)*MOD(COLUMN($P$14:$Z$14)-COLUMN($P$14)+1,2))) -> 16 | AE78: =SUMIF($E$14:$N$14,"CO4",$E$17:$N$17) + IF(O78>=0, SUMPRODUCT(($O$14:$Z$14="CO4")*(O78:Z78)*MOD(COLUMN($O$14:$Z$14)-COLUMN($O$14)+1,2))+ SUMPRODUCT(($P$14:$Z$14="CO4")*(P78:Z78)*MOD(COLUMN($P$14:$Z$14)-COLUMN($P$14)+1,2))) -> 0 | AF78: =SUMIF($E$14:$N$14,"CO5",$E$17:$N$17) + IF(O78>=0, SUMPRODUCT(($O$14:$Z$14="CO5")*(O78:Z78)*MOD(COLUMN($O$14:$Z$14)-COLUMN($O$14)+1,2))+ SUMPRODUCT(($P$14:$Z$14="CO5")*(P78:Z78)*MOD(COLUMN($P$14:$Z$14)-COLUMN($P$14)+1,2)) ) -> 0 | AG78: =SUMIF($E$14:$N$14,"CO6",$E$17:$N$17) + IF(O78>0, SUMPRODUCT(($O$14:$Z$14="CO6")*($O$17:$Z$17)*MOD(COLUMN($O$14:$Z$14)-COLUMN($O$14)+1,2))+ SUMPRODUCT(($P$14:$Z$14="CO6")*($P$17:$Z$17)*MOD(COLUMN($P$14:$Z$14)-COLUMN($P$14)+1,2)) ) -> 0 | AH78: =SUM(AB78:AG78) -> 66 | AI78: =AB78/(SUMIF($E$14:$N$14,"CO1",$E$13:$N$13)+SUMPRODUCT(($O$14:$Z$14="CO1")*($O78:$Z78>0)*($O$13:$Z$13)))*100 -> 80 | AJ78: =AC78/(SUMIF($E$14:$N$14,"CO2",$E$13:$N$13)+SUMPRODUCT(($O$14:$Z$14="CO2")*($O78:$Z78>0)*($O$13:$Z$13)))*100 -> 45 | AK78: =AD78/(SUMIF($E$14:$N$14,"CO3",$E$13:$N$13)+SUMPRODUCT(($O$14:$Z$14="CO3")*($O78:$Z78>0)*($O$13:$Z$13)))*100 -> 80
A79: 63 | B79: ='STUDENT NAMELIST'!B67 -> 211423243146 | C79: ='STUDENT NAMELIST'!C67 -> 2023PEC AI 163 | D79: ='STUDENT NAMELIST'!D67 -> HARSHAVARTHINI T | E79: 1 | F79: 2 | G79: 2 | H79: 2 | I79: 2 | J79: 0 | K79: 2 | L79: 2 | M79: 0 | N79: 2 | P79: 15 | R79: 16 | T79: 12 | U79: 16 | W79: 16 | AA79: =SUM(E79,F79,G79,H79,I79,J79,K79,L79,M79,N79,O79,P79,Q79,R79,S79,T79,U79,V79,W79,X79,Y79,Z79) -> 90 | AB79: =SUMIF($E$14:$N$14,"CO1",E79:N79)+IF(O79>=0,SUMPRODUCT(($O$14:$Z$14="CO1")*(O79:Z79)*MOD(COLUMN($O$14:$Z$14)-COLUMN($O$14)+1,2))+SUMPRODUCT(($P$14:$Z$14="CO1")*(P79:Z79)*MOD(COLUMN($P$14:$Z$14)-COLUMN($P$14)+1,2))) -> 38 | AC79: =SUMIF($E$14:$N$14,"CO1",F79:O79)+IF(P79>=0,SUMPRODUCT(($O$14:$Z$14="CO1")*(P79:AA79)*MOD(COLUMN($O$14:$Z$14)-COLUMN($O$14)+1,2))+SUMPRODUCT(($P$14:$Z$14="CO1")*(Q79:AA79)*MOD(COLUMN($P$14:$Z$14)-COLUMN($P$14)+1,2))) -> 39 | AD79: =SUMIF($E$14:$N$14,"CO3",E79:N79)+IF(O79>=0, SUMPRODUCT(($O$14:$Z$14="CO3")*(O79:Z79)*MOD(COLUMN($O$14:$Z$14)-COLUMN($O$14)+1,2))+ SUMPRODUCT(($P$14:$Z$14="CO3")*(P79:Z79)*MOD(COLUMN($P$14:$Z$14)-COLUMN($P$14)+1,2))) -> 18 | AE79: =SUMIF($E$14:$N$14,"CO4",$E$17:$N$17) + IF(O79>=0, SUMPRODUCT(($O$14:$Z$14="CO4")*(O79:Z79)*MOD(COLUMN($O$14:$Z$14)-COLUMN($O$14)+1,2))+ SUMPRODUCT(($P$14:$Z$14="CO4")*(P79:Z79)*MOD(COLUMN($P$14:$Z$14)-COLUMN($P$14)+1,2))) -> 0 | AF79: =SUMIF($E$14:$N$14,"CO5",$E$17:$N$17) + IF(O79>=0, SUMPRODUCT(($O$14:$Z$14="CO5")*(O79:Z79)*MOD(COLUMN($O$14:$Z$14)-COLUMN($O$14)+1,2))+ SUMPRODUCT(($P$14:$Z$14="CO5")*(P79:Z79)*MOD(COLUMN($P$14:$Z$14)-COLUMN($P$14)+1,2)) ) -> 0 | AG79: =SUMIF($E$14:$N$14,"CO6",$E$17:$N$17) + IF(O79>0, SUMPRODUCT(($O$14:$Z$14="CO6")*($O$17:$Z$17)*MOD(COLUMN($O$14:$Z$14)-COLUMN($O$14)+1,2))+ SUMPRODUCT(($P$14:$Z$14="CO6")*($P$17:$Z$17)*MOD(COLUMN($P$14:$Z$14)-COLUMN($P$14)+1,2)) ) -> 0 | AH79: =SUM(AB79:AG79) -> 95 | AI79: =AB79/(SUMIF($E$14:$N$14,"CO1",$E$13:$N$13)+SUMPRODUCT(($O$14:$Z$14="CO1")*($O79:$Z79>0)*($O$13:$Z$13)))*100 -> 95 | AJ79: =AC79/(SUMIF($E$14:$N$14,"CO2",$E$13:$N$13)+SUMPRODUCT(($O$14:$Z$14="CO2")*($O79:$Z79>0)*($O$13:$Z$13)))*100 -> 97.5 | AK79: =AD79/(SUMIF($E$14:$N$14,"CO3",$E$13:$N$13)+SUMPRODUCT(($O$14:$Z$14="CO3")*($O79:$Z79>0)*($O$13:$Z$13)))*100 -> 90
A80: 64 | B80: ='STUDENT NAMELIST'!B68 -> 211423243148 | C80: ='STUDENT NAMELIST'!C68 -> 2023PEC AI 164 | D80: ='STUDENT NAMELIST'!D68 -> HARSHINI R R | E80: 0 | F80: 1 | G80: 2 | H80: 1 | I80: 1 | J80: 1 | K80: 1 | L80: 2 | M80: 0 | N80: 1 | O80: 14 | P80: 0 | Q80: 0 | R80: 16 | S80: 15 | T80: 0 | U80: 16 | V80: 0 | W80: 0 | X80: 16 | AA80: =SUM(E80,F80,G80,H80,I80,J80,K80,L80,M80,N80,O80,P80,Q80,R80,S80,T80,U80,V80,W80,X80,Y80,Z80) -> 87 | AB80: =SUMIF($E$14:$N$14,"CO1",E80:N80)+IF(O80>=0,SUMPRODUCT(($O$14:$Z$14="CO1")*(O80:Z80)*MOD(COLUMN($O$14:$Z$14)-COLUMN($O$14)+1,2))+SUMPRODUCT(($P$14:$Z$14="CO1")*(P80:Z80)*MOD(COLUMN($P$14:$Z$14)-COLUMN($P$14)+1,2))) -> 34 | AC80: =SUMIF($E$14:$N$14,"CO1",F80:O80)+IF(P80>=0,SUMPRODUCT(($O$14:$Z$14="CO1")*(P80:AA80)*MOD(COLUMN($O$14:$Z$14)-COLUMN($O$14)+1,2))+SUMPRODUCT(($P$14:$Z$14="CO1")*(Q80:AA80)*MOD(COLUMN($P$14:$Z$14)-COLUMN($P$14)+1,2))) -> 36 | AD80: =SUMIF($E$14:$N$14,"CO3",E80:N80)+IF(O80>=0, SUMPRODUCT(($O$14:$Z$14="CO3")*(O80:Z80)*MOD(COLUMN($O$14:$Z$14)-COLUMN($O$14)+1,2))+ SUMPRODUCT(($P$14:$Z$14="CO3")*(P80:Z80)*MOD(COLUMN($P$14:$Z$14)-COLUMN($P$14)+1,2))) -> 17 | AE80: =SUMIF($E$14:$N$14,"CO4",$E$17:$N$17) + IF(O80>=0, SUMPRODUCT(($O$14:$Z$14="CO4")*(O80:Z80)*MOD(COLUMN($O$14:$Z$14)-COLUMN($O$14)+1,2))+ SUMPRODUCT(($P$14:$Z$14="CO4")*(P80:Z80)*MOD(COLUMN($P$14:$Z$14)-COLUMN($P$14)+1,2))) -> 0 | AF80: =SUMIF($E$14:$N$14,"CO5",$E$17:$N$17) + IF(O80>=0, SUMPRODUCT(($O$14:$Z$14="CO5")*(O80:Z80)*MOD(COLUMN($O$14:$Z$14)-COLUMN($O$14)+1,2))+ SUMPRODUCT(($P$14:$Z$14="CO5")*(P80:Z80)*MOD(COLUMN($P$14:$Z$14)-COLUMN($P$14)+1,2)) ) -> 0 | AG80: =SUMIF($E$14:$N$14,"CO6",$E$17:$N$17) + IF(O80>0, SUMPRODUCT(($O$14:$Z$14="CO6")*($O$17:$Z$17)*MOD(COLUMN($O$14:$Z$14)-COLUMN($O$14)+1,2))+ SUMPRODUCT(($P$14:$Z$14="CO6")*($P$17:$Z$17)*MOD(COLUMN($P$14:$Z$14)-COLUMN($P$14)+1,2)) ) -> 0 | AH80: =SUM(AB80:AG80) -> 87 | AI80: =AB80/(SUMIF($E$14:$N$14,"CO1",$E$13:$N$13)+SUMPRODUCT(($O$14:$Z$14="CO1")*($O80:$Z80>0)*($O$13:$Z$13)))*100 -> 85 | AJ80: =AC80/(SUMIF($E$14:$N$14,"CO2",$E$13:$N$13)+SUMPRODUCT(($O$14:$Z$14="CO2")*($O80:$Z80>0)*($O$13:$Z$13)))*100 -> 90 | AK80: =AD80/(SUMIF($E$14:$N$14,"CO3",$E$13:$N$13)+SUMPRODUCT(($O$14:$Z$14="CO3")*($O80:$Z80>0)*($O$13:$Z$13)))*100 -> 85
A81: 65 | B81: ='STUDENT NAMELIST'!B69 -> 211423243149 | C81: ='STUDENT NAMELIST'!C69 -> 2023PEC AI 165 | D81: ='STUDENT NAMELIST'!D69 -> HARSHINI T | E81: 0 | F81: 0 | G81: 2 | H81: 1 | I81: 0 | J81: 2 | K81: 1 | L81: 2 | M81: 2 | N81: 2 | O81: 11 | Q81: 16 | S81: 15 | U81: 15 | W81: 16 | AA81: =SUM(E81,F81,G81,H81,I81,J81,K81,L81,M81,N81,O81,P81,Q81,R81,S81,T81,U81,V81,W81,X81,Y81,Z81) -> 85 | AB81: =SUMIF($E$14:$N$14,"CO1",E81:N81)+IF(O81>=0,SUMPRODUCT(($O$14:$Z$14="CO1")*(O81:Z81)*MOD(COLUMN($O$14:$Z$14)-COLUMN($O$14)+1,2))+SUMPRODUCT(($P$14:$Z$14="CO1")*(P81:Z81)*MOD(COLUMN($P$14:$Z$14)-COLUMN($P$14)+1,2))) -> 30 | AC81: =SUMIF($E$14:$N$14,"CO1",F81:O81)+IF(P81>=0,SUMPRODUCT(($O$14:$Z$14="CO1")*(P81:AA81)*MOD(COLUMN($O$14:$Z$14)-COLUMN($O$14)+1,2))+SUMPRODUCT(($P$14:$Z$14="CO1")*(Q81:AA81)*MOD(COLUMN($P$14:$Z$14)-COLUMN($P$14)+1,2))) -> 34 | AD81: =SUMIF($E$14:$N$14,"CO3",E81:N81)+IF(O81>=0, SUMPRODUCT(($O$14:$Z$14="CO3")*(O81:Z81)*MOD(COLUMN($O$14:$Z$14)-COLUMN($O$14)+1,2))+ SUMPRODUCT(($P$14:$Z$14="CO3")*(P81:Z81)*MOD(COLUMN($P$14:$Z$14)-COLUMN($P$14)+1,2))) -> 20 | AE81: =SUMIF($E$14:$N$14,"CO4",$E$17:$N$17) + IF(O81>=0, SUMPRODUCT(($O$14:$Z$14="CO4")*(O81:Z81)*MOD(COLUMN($O$14:$Z$14)-COLUMN($O$14)+1,2))+ SUMPRODUCT(($P$14:$Z$14="CO4")*(P81:Z81)*MOD(COLUMN($P$14:$Z$14)-COLUMN($P$14)+1,2))) -> 0 | AF81: =SUMIF($E$14:$N$14,"CO5",$E$17:$N$17) + IF(O81>=0, SUMPRODUCT(($O$14:$Z$14="CO5")*(O81:Z81)*MOD(COLUMN($O$14:$Z$14)-COLUMN($O$14)+1,2))+ SUMPRODUCT(($P$14:$Z$14="CO5")*(P81:Z81)*MOD(COLUMN($P$14:$Z$14)-COLUMN($P$14)+1,2)) ) -> 0 | AG81: =SUMIF($E$14:$N$14,"CO6",$E$17:$N$17) + IF(O81>0, SUMPRODUCT(($O$14:$Z$14="CO6")*($O$17:$Z$17)*MOD(COLUMN($O$14:$Z$14)-COLUMN($O$14)+1,2))+ SUMPRODUCT(($P$14:$Z$14="CO6")*($P$17:$Z$17)*MOD(COLUMN($P$14:$Z$14)-COLUMN($P$14)+1,2)) ) -> 0 | AH81: =SUM(AB81:AG81) -> 84 | AI81: =AB81/(SUMIF($E$14:$N$14,"CO1",$E$13:$N$13)+SUMPRODUCT(($O$14:$Z$14="CO1")*($O81:$Z81>0)*($O$13:$Z$13)))*100 -> 75 | AJ81: =AC81/(SUMIF($E$14:$N$14,"CO2",$E$13:$N$13)+SUMPRODUCT(($O$14:$Z$14="CO2")*($O81:$Z81>0)*($O$13:$Z$13)))*100 -> 85 | AK81: =AD81/(SUMIF($E$14:$N$14,"CO3",$E$13:$N$13)+SUMPRODUCT(($O$14:$Z$14="CO3")*($O81:$Z81>0)*($O$13:$Z$13)))*100 -> 100
A82: 66 | B82: ='STUDENT NAMELIST'!B70 -> 211423243150 | C82: ='STUDENT NAMELIST'!C70 -> 2023PEC AI 166 | D82: ='STUDENT NAMELIST'!D70 -> HARSHINI V M | E82: 1 | F82: 2 | G82: 0 | H82: 1 | I82: 2 | J82: 1 | K82: 0 | L82: 1 | M82: 1 | N82: 2 | O82: 16 | Q82: 16 | T82: 15 | U82: 12 | W82: 16 | AA82: =SUM(E82,F82,G82,H82,I82,J82,K82,L82,M82,N82,O82,P82,Q82,R82,S82,T82,U82,V82,W82,X82,Y82,Z82) -> 86 | AB82: =SUMIF($E$14:$N$14,"CO1",E82:N82)+IF(O82>=0,SUMPRODUCT(($O$14:$Z$14="CO1")*(O82:Z82)*MOD(COLUMN($O$14:$Z$14)-COLUMN($O$14)+1,2))+SUMPRODUCT(($P$14:$Z$14="CO1")*(P82:Z82)*MOD(COLUMN($P$14:$Z$14)-COLUMN($P$14)+1,2))) -> 36 | AC82: =SUMIF($E$14:$N$14,"CO1",F82:O82)+IF(P82>=0,SUMPRODUCT(($O$14:$Z$14="CO1")*(P82:AA82)*MOD(COLUMN($O$14:$Z$14)-COLUMN($O$14)+1,2))+SUMPRODUCT(($P$14:$Z$14="CO1")*(Q82:AA82)*MOD(COLUMN($P$14:$Z$14)-COLUMN($P$14)+1,2))) -> 21 | AD82: =SUMIF($E$14:$N$14,"CO3",E82:N82)+IF(O82>=0, SUMPRODUCT(($O$14:$Z$14="CO3")*(O82:Z82)*MOD(COLUMN($O$14:$Z$14)-COLUMN($O$14)+1,2))+ SUMPRODUCT(($P$14:$Z$14="CO3")*(P82:Z82)*MOD(COLUMN($P$14:$Z$14)-COLUMN($P$14)+1,2))) -> 19 | AE82: =SUMIF($E$14:$N$14,"CO4",$E$17:$N$17) + IF(O82>=0, SUMPRODUCT(($O$14:$Z$14="CO4")*(O82:Z82)*MOD(COLUMN($O$14:$Z$14)-COLUMN($O$14)+1,2))+ SUMPRODUCT(($P$14:$Z$14="CO4")*(P82:Z82)*MOD(COLUMN($P$14:$Z$14)-COLUMN($P$14)+1,2))) -> 0 | AF82: =SUMIF($E$14:$N$14,"CO5",$E$17:$N$17) + IF(O82>=0, SUMPRODUCT(($O$14:$Z$14="CO5")*(O82:Z82)*MOD(COLUMN($O$14:$Z$14)-COLUMN($O$14)+1,2))+ SUMPRODUCT(($P$14:$Z$14="CO5")*(P82:Z82)*MOD(COLUMN($P$14:$Z$14)-COLUMN($P$14)+1,2)) ) -> 0 | AG82: =SUMIF($E$14:$N$14,"CO6",$E$17:$N$17) + IF(O82>0, SUMPRODUCT(($O$14:$Z$14="CO6")*($O$17:$Z$17)*MOD(COLUMN($O$14:$Z$14)-COLUMN($O$14)+1,2))+ SUMPRODUCT(($P$14:$Z$14="CO6")*($P$17:$Z$17)*MOD(COLUMN($P$14:$Z$14)-COLUMN($P$14)+1,2)) ) -> 0 | AH82: =SUM(AB82:AG82) -> 76 | AI82: =AB82/(SUMIF($E$14:$N$14,"CO1",$E$13:$N$13)+SUMPRODUCT(($O$14:$Z$14="CO1")*($O82:$Z82>0)*($O$13:$Z$13)))*100 -> 90 | AJ82: =AC82/(SUMIF($E$14:$N$14,"CO2",$E$13:$N$13)+SUMPRODUCT(($O$14:$Z$14="CO2")*($O82:$Z82>0)*($O$13:$Z$13)))*100 -> 52.5 | AK82: =AD82/(SUMIF($E$14:$N$14,"CO3",$E$13:$N$13)+SUMPRODUCT(($O$14:$Z$14="CO3")*($O82:$Z82>0)*($O$13:$Z$13)))*100 -> 95
A83: 68 | B83: ='STUDENT NAMELIST'!B71 -> 211423243147 | C83: ='STUDENT NAMELIST'!C71 -> 2023PEC AI 167 | D83: ='STUDENT NAMELIST'!D71 -> HARSHINI M | E83: 2 | F83: 1 | G83: 0 | H83: 0 | I83: 2 | J83: 0 | K83: 1 | L83: 2 | M83: 0 | N83: 1 | O83: 16 | P83: 0 | Q83: 0 | R83: 16 | S83: 14 | T83: 0 | U83: 16 | V83: 0 | W83: 0 | X83: 13 | AA83: =SUM(E83,F83,G83,H83,I83,J83,K83,L83,M83,N83,O83,P83,Q83,R83,S83,T83,U83,V83,W83,X83,Y83,Z83) -> 84 | AB83: =SUMIF($E$14:$N$14,"CO1",E83:N83)+IF(O83>=0,SUMPRODUCT(($O$14:$Z$14="CO1")*(O83:Z83)*MOD(COLUMN($O$14:$Z$14)-COLUMN($O$14)+1,2))+SUMPRODUCT(($P$14:$Z$14="CO1")*(P83:Z83)*MOD(COLUMN($P$14:$Z$14)-COLUMN($P$14)+1,2))) -> 35 | AC83: =SUMIF($E$14:$N$14,"CO1",F83:O83)+IF(P83>=0,SUMPRODUCT(($O$14:$Z$14="CO1")*(P83:AA83)*MOD(COLUMN($O$14:$Z$14)-COLUMN($O$14)+1,2))+SUMPRODUCT(($P$14:$Z$14="CO1")*(Q83:AA83)*MOD(COLUMN($P$14:$Z$14)-COLUMN($P$14)+1,2))) -> 33 | AD83: =SUMIF($E$14:$N$14,"CO3",E83:N83)+IF(O83>=0, SUMPRODUCT(($O$14:$Z$14="CO3")*(O83:Z83)*MOD(COLUMN($O$14:$Z$14)-COLUMN($O$14)+1,2))+ SUMPRODUCT(($P$14:$Z$14="CO3")*(P83:Z83)*MOD(COLUMN($P$14:$Z$14)-COLUMN($P$14)+1,2))) -> 14 | AE83: =SUMIF($E$14:$N$14,"CO4",$E$17:$N$17) + IF(O83>=0, SUMPRODUCT(($O$14:$Z$14="CO4")*(O83:Z83)*MOD(COLUMN($O$14:$Z$14)-COLUMN($O$14)+1,2))+ SUMPRODUCT(($P$14:$Z$14="CO4")*(P83:Z83)*MOD(COLUMN($P$14:$Z$14)-COLUMN($P$14)+1,2))) -> 0 | AF83: =SUMIF($E$14:$N$14,"CO5",$E$17:$N$17) + IF(O83>=0, SUMPRODUCT(($O$14:$Z$14="CO5")*(O83:Z83)*MOD(COLUMN($O$14:$Z$14)-COLUMN($O$14)+1,2))+ SUMPRODUCT(($P$14:$Z$14="CO5")*(P83:Z83)*MOD(COLUMN($P$14:$Z$14)-COLUMN($P$14)+1,2)) ) -> 0 | AG83: =SUMIF($E$14:$N$14,"CO6",$E$17:$N$17) + IF(O83>0, SUMPRODUCT(($O$14:$Z$14="CO6")*($O$17:$Z$17)*MOD(COLUMN($O$14:$Z$14)-COLUMN($O$14)+1,2))+ SUMPRODUCT(($P$14:$Z$14="CO6")*($P$17:$Z$17)*MOD(COLUMN($P$14:$Z$14)-COLUMN($P$14)+1,2)) ) -> 0 | AH83: =SUM(AB83:AG83) -> 82 | AI83: =AB83/(SUMIF($E$14:$N$14,"CO1",$E$13:$N$13)+SUMPRODUCT(($O$14:$Z$14="CO1")*($O83:$Z83>0)*($O$13:$Z$13)))*100 -> 87.5 | AJ83: =AC83/(SUMIF($E$14:$N$14,"CO2",$E$13:$N$13)+SUMPRODUCT(($O$14:$Z$14="CO2")*($O83:$Z83>0)*($O$13:$Z$13)))*100 -> 82.5 | AK83: =AD83/(SUMIF($E$14:$N$14,"CO3",$E$13:$N$13)+SUMPRODUCT(($O$14:$Z$14="CO3")*($O83:$Z83>0)*($O$13:$Z$13)))*100 -> 70
A84: 68 | B84: ='STUDENT NAMELIST'!B72 -> 211423243157 | C84: ='STUDENT NAMELIST'!C72 -> 2023PEC AI 168 | D84: ='STUDENT NAMELIST'!D72 -> HEPZHIBHA RACHEL S | E84: 2 | F84: 0 | G84: 1 | H84: 2 | I84: 2 | J84: 1 | K84: 2 | L84: 2 | M84: 0 | N84: 2 | O84: 16 | Q84: 16 | T84: 15 | V84: 16 | X84: 13 | AA84: =SUM(E84,F84,G84,H84,I84,J84,K84,L84,M84,N84,O84,P84,Q84,R84,S84,T84,U84,V84,W84,X84,Y84,Z84) -> 90 | AB84: =SUMIF($E$14:$N$14,"CO1",E84:N84)+IF(O84>=0,SUMPRODUCT(($O$14:$Z$14="CO1")*(O84:Z84)*MOD(COLUMN($O$14:$Z$14)-COLUMN($O$14)+1,2))+SUMPRODUCT(($P$14:$Z$14="CO1")*(P84:Z84)*MOD(COLUMN($P$14:$Z$14)-COLUMN($P$14)+1,2))) -> 37 | AC84: =SUMIF($E$14:$N$14,"CO1",F84:O84)+IF(P84>=0,SUMPRODUCT(($O$14:$Z$14="CO1")*(P84:AA84)*MOD(COLUMN($O$14:$Z$14)-COLUMN($O$14)+1,2))+SUMPRODUCT(($P$14:$Z$14="CO1")*(Q84:AA84)*MOD(COLUMN($P$14:$Z$14)-COLUMN($P$14)+1,2))) -> 21 | AD84: =SUMIF($E$14:$N$14,"CO3",E84:N84)+IF(O84>=0, SUMPRODUCT(($O$14:$Z$14="CO3")*(O84:Z84)*MOD(COLUMN($O$14:$Z$14)-COLUMN($O$14)+1,2))+ SUMPRODUCT(($P$14:$Z$14="CO3")*(P84:Z84)*MOD(COLUMN($P$14:$Z$14)-COLUMN($P$14)+1,2))) -> 15 | AE84: =SUMIF($E$14:$N$14,"CO4",$E$17:$N$17) + IF(O84>=0, SUMPRODUCT(($O$14:$Z$14="CO4")*(O84:Z84)*MOD(COLUMN($O$14:$Z$14)-COLUMN($O$14)+1,2))+ SUMPRODUCT(($P$14:$Z$14="CO4")*(P84:Z84)*MOD(COLUMN($P$14:$Z$14)-COLUMN($P$14)+1,2))) -> 0 | AF84: =SUMIF($E$14:$N$14,"CO5",$E$17:$N$17) + IF(O84>=0, SUMPRODUCT(($O$14:$Z$14="CO5")*(O84:Z84)*MOD(COLUMN($O$14:$Z$14)-COLUMN($O$14)+1,2))+ SUMPRODUCT(($P$14:$Z$14="CO5")*(P84:Z84)*MOD(COLUMN($P$14:$Z$14)-COLUMN($P$14)+1,2)) ) -> 0 | AG84: =SUMIF($E$14:$N$14,"CO6",$E$17:$N$17) + IF(O84>0, SUMPRODUCT(($O$14:$Z$14="CO6")*($O$17:$Z$17)*MOD(COLUMN($O$14:$Z$14)-COLUMN($O$14)+1,2))+ SUMPRODUCT(($P$14:$Z$14="CO6")*($P$17:$Z$17)*MOD(COLUMN($P$14:$Z$14)-COLUMN($P$14)+1,2)) ) -> 0 | AH84: =SUM(AB84:AG84) -> 73 | AI84: =AB84/(SUMIF($E$14:$N$14,"CO1",$E$13:$N$13)+SUMPRODUCT(($O$14:$Z$14="CO1")*($O84:$Z84>0)*($O$13:$Z$13)))*100 -> 92.5 | AJ84: =AC84/(SUMIF($E$14:$N$14,"CO2",$E$13:$N$13)+SUMPRODUCT(($O$14:$Z$14="CO2")*($O84:$Z84>0)*($O$13:$Z$13)))*100 -> 52.5 | AK84: =AD84/(SUMIF($E$14:$N$14,"CO3",$E$13:$N$13)+SUMPRODUCT(($O$14:$Z$14="CO3")*($O84:$Z84>0)*($O$13:$Z$13)))*100 -> 75
A85: 69 | B85: ='STUDENT NAMELIST'!B73 -> 211423243161 | C85: ='STUDENT NAMELIST'!C73 -> 2023PEC AI 169 | D85: ='STUDENT NAMELIST'!D73 -> HUMAIRA S | E85: 0 | F85: 0 | G85: 2 | H85: 1 | I85: 1 | J85: 0 | K85: 1 | L85: 2 | M85: 1 | N85: 0 | P85: 15 | R85: 15 | T85: 16 | U85: 14 | X85: 16 | AA85: =SUM(E85,F85,G85,H85,I85,J85,K85,L85,M85,N85,O85,P85,Q85,R85,S85,T85,U85,V85,W85,X85,Y85,Z85) -> 84 | AB85: =SUMIF($E$14:$N$14,"CO1",E85:N85)+IF(O85>=0,SUMPRODUCT(($O$14:$Z$14="CO1")*(O85:Z85)*MOD(COLUMN($O$14:$Z$14)-COLUMN($O$14)+1,2))+SUMPRODUCT(($P$14:$Z$14="CO1")*(P85:Z85)*MOD(COLUMN($P$14:$Z$14)-COLUMN($P$14)+1,2))) -> 33 | AC85: =SUMIF($E$14:$N$14,"CO1",F85:O85)+IF(P85>=0,SUMPRODUCT(($O$14:$Z$14="CO1")*(P85:AA85)*MOD(COLUMN($O$14:$Z$14)-COLUMN($O$14)+1,2))+SUMPRODUCT(($P$14:$Z$14="CO1")*(Q85:AA85)*MOD(COLUMN($P$14:$Z$14)-COLUMN($P$14)+1,2))) -> 34 | AD85: =SUMIF($E$14:$N$14,"CO3",E85:N85)+IF(O85>=0, SUMPRODUCT(($O$14:$Z$14="CO3")*(O85:Z85)*MOD(COLUMN($O$14:$Z$14)-COLUMN($O$14)+1,2))+ SUMPRODUCT(($P$14:$Z$14="CO3")*(P85:Z85)*MOD(COLUMN($P$14:$Z$14)-COLUMN($P$14)+1,2))) -> 17 | AE85: =SUMIF($E$14:$N$14,"CO4",$E$17:$N$17) + IF(O85>=0, SUMPRODUCT(($O$14:$Z$14="CO4")*(O85:Z85)*MOD(COLUMN($O$14:$Z$14)-COLUMN($O$14)+1,2))+ SUMPRODUCT(($P$14:$Z$14="CO4")*(P85:Z85)*MOD(COLUMN($P$14:$Z$14)-COLUMN($P$14)+1,2))) -> 0 | AF85: =SUMIF($E$14:$N$14,"CO5",$E$17:$N$17) + IF(O85>=0, SUMPRODUCT(($O$14:$Z$14="CO5")*(O85:Z85)*MOD(COLUMN($O$14:$Z$14)-COLUMN($O$14)+1,2))+ SUMPRODUCT(($P$14:$Z$14="CO5")*(P85:Z85)*MOD(COLUMN($P$14:$Z$14)-COLUMN($P$14)+1,2)) ) -> 0 | AG85: =SUMIF($E$14:$N$14,"CO6",$E$17:$N$17) + IF(O85>0, SUMPRODUCT(($O$14:$Z$14="CO6")*($O$17:$Z$17)*MOD(COLUMN($O$14:$Z$14)-COLUMN($O$14)+1,2))+ SUMPRODUCT(($P$14:$Z$14="CO6")*($P$17:$Z$17)*MOD(COLUMN($P$14:$Z$14)-COLUMN($P$14)+1,2)) ) -> 0 | AH85: =SUM(AB85:AG85) -> 84 | AI85: =AB85/(SUMIF($E$14:$N$14,"CO1",$E$13:$N$13)+SUMPRODUCT(($O$14:$Z$14="CO1")*($O85:$Z85>0)*($O$13:$Z$13)))*100 -> 82.5 | AJ85: =AC85/(SUMIF($E$14:$N$14,"CO2",$E$13:$N$13)+SUMPRODUCT(($O$14:$Z$14="CO2")*($O85:$Z85>0)*($O$13:$Z$13)))*100 -> 85 | AK85: =AD85/(SUMIF($E$14:$N$14,"CO3",$E$13:$N$13)+SUMPRODUCT(($O$14:$Z$14="CO3")*($O85:$Z85>0)*($O$13:$Z$13)))*100 -> 85
A86: 80 | B86: ='STUDENT NAMELIST'!B74 -> 211423243164 | C86: ='STUDENT NAMELIST'!C74 -> 2023PEC AI 170 | D86: ='STUDENT NAMELIST'!D74 -> INIYA ARUMUGAM | E86: 2 | F86: 0 | G86: 1 | H86: 0 | I86: 0 | J86: 0 | K86: 1 | L86: 0 | M86: 0 | N86: 2 | O86: 14 | Q86: 14 | S86: 14 | U86: 14 | W86: 14 | AA86: =SUM(E86,F86,G86,H86,I86,J86,K86,L86,M86,N86,O86,P86,Q86,R86,S86,T86,U86,V86,W86,X86,Y86,Z86) -> 76 | AB86: =SUMIF($E$14:$N$14,"CO1",E86:N86)+IF(O86>=0,SUMPRODUCT(($O$14:$Z$14="CO1")*(O86:Z86)*MOD(COLUMN($O$14:$Z$14)-COLUMN($O$14)+1,2))+SUMPRODUCT(($P$14:$Z$14="CO1")*(P86:Z86)*MOD(COLUMN($P$14:$Z$14)-COLUMN($P$14)+1,2))) -> 31 | AC86: =SUMIF($E$14:$N$14,"CO1",F86:O86)+IF(P86>=0,SUMPRODUCT(($O$14:$Z$14="CO1")*(P86:AA86)*MOD(COLUMN($O$14:$Z$14)-COLUMN($O$14)+1,2))+SUMPRODUCT(($P$14:$Z$14="CO1")*(Q86:AA86)*MOD(COLUMN($P$14:$Z$14)-COLUMN($P$14)+1,2))) -> 29 | AD86: =SUMIF($E$14:$N$14,"CO3",E86:N86)+IF(O86>=0, SUMPRODUCT(($O$14:$Z$14="CO3")*(O86:Z86)*MOD(COLUMN($O$14:$Z$14)-COLUMN($O$14)+1,2))+ SUMPRODUCT(($P$14:$Z$14="CO3")*(P86:Z86)*MOD(COLUMN($P$14:$Z$14)-COLUMN($P$14)+1,2))) -> 16 | AE86: =SUMIF($E$14:$N$14,"CO4",$E$17:$N$17) + IF(O86>=0, SUMPRODUCT(($O$14:$Z$14="CO4")*(O86:Z86)*MOD(COLUMN($O$14:$Z$14)-COLUMN($O$14)+1,2))+ SUMPRODUCT(($P$14:$Z$14="CO4")*(P86:Z86)*MOD(COLUMN($P$14:$Z$14)-COLUMN($P$14)+1,2))) -> 0 | AF86: =SUMIF($E$14:$N$14,"CO5",$E$17:$N$17) + IF(O86>=0, SUMPRODUCT(($O$14:$Z$14="CO5")*(O86:Z86)*MOD(COLUMN($O$14:$Z$14)-COLUMN($O$14)+1,2))+ SUMPRODUCT(($P$14:$Z$14="CO5")*(P86:Z86)*MOD(COLUMN($P$14:$Z$14)-COLUMN($P$14)+1,2)) ) -> 0 | AG86: =SUMIF($E$14:$N$14,"CO6",$E$17:$N$17) + IF(O86>0, SUMPRODUCT(($O$14:$Z$14="CO6")*($O$17:$Z$17)*MOD(COLUMN($O$14:$Z$14)-COLUMN($O$14)+1,2))+ SUMPRODUCT(($P$14:$Z$14="CO6")*($P$17:$Z$17)*MOD(COLUMN($P$14:$Z$14)-COLUMN($P$14)+1,2)) ) -> 0 | AH86: =SUM(AB86:AG86) -> 76 | AI86: =AB86/(SUMIF($E$14:$N$14,"CO1",$E$13:$N$13)+SUMPRODUCT(($O$14:$Z$14="CO1")*($O86:$Z86>0)*($O$13:$Z$13)))*100 -> 77.5 | AJ86: =AC86/(SUMIF($E$14:$N$14,"CO2",$E$13:$N$13)+SUMPRODUCT(($O$14:$Z$14="CO2")*($O86:$Z86>0)*($O$13:$Z$13)))*100 -> 72.5 | AK86: =AD86/(SUMIF($E$14:$N$14,"CO3",$E$13:$N$13)+SUMPRODUCT(($O$14:$Z$14="CO3")*($O86:$Z86>0)*($O$13:$Z$13)))*100 -> 80
A87: 81 | B87: ='STUDENT NAMELIST'!B75 -> 211423243165 | C87: ='STUDENT NAMELIST'!C75 -> 2023PEC AI 171 | D87: ='STUDENT NAMELIST'!D75 -> IRENE B | E87: 2 | F87: 0 | G87: 2 | H87: 2 | I87: 0 | J87: 0 | K87: 0 | L87: 2 | M87: 0 | N87: 2 | O87: 12 | Q87: 12 | S87: 14 | U87: 15 | W87: 16 | AA87: =SUM(E87,F87,G87,H87,I87,J87,K87,L87,M87,N87,O87,P87,Q87,R87,S87,T87,U87,V87,W87,X87,Y87,Z87) -> 79 | AB87: =SUMIF($E$14:$N$14,"CO1",E87:N87)+IF(O87>=0,SUMPRODUCT(($O$14:$Z$14="CO1")*(O87:Z87)*MOD(COLUMN($O$14:$Z$14)-COLUMN($O$14)+1,2))+SUMPRODUCT(($P$14:$Z$14="CO1")*(P87:Z87)*MOD(COLUMN($P$14:$Z$14)-COLUMN($P$14)+1,2))) -> 30 | AC87: =SUMIF($E$14:$N$14,"CO1",F87:O87)+IF(P87>=0,SUMPRODUCT(($O$14:$Z$14="CO1")*(P87:AA87)*MOD(COLUMN($O$14:$Z$14)-COLUMN($O$14)+1,2))+SUMPRODUCT(($P$14:$Z$14="CO1")*(Q87:AA87)*MOD(COLUMN($P$14:$Z$14)-COLUMN($P$14)+1,2))) -> 30 | AD87: =SUMIF($E$14:$N$14,"CO3",E87:N87)+IF(O87>=0, SUMPRODUCT(($O$14:$Z$14="CO3")*(O87:Z87)*MOD(COLUMN($O$14:$Z$14)-COLUMN($O$14)+1,2))+ SUMPRODUCT(($P$14:$Z$14="CO3")*(P87:Z87)*MOD(COLUMN($P$14:$Z$14)-COLUMN($P$14)+1,2))) -> 18 | AE87: =SUMIF($E$14:$N$14,"CO4",$E$17:$N$17) + IF(O87>=0, SUMPRODUCT(($O$14:$Z$14="CO4")*(O87:Z87)*MOD(COLUMN($O$14:$Z$14)-COLUMN($O$14)+1,2))+ SUMPRODUCT(($P$14:$Z$14="CO4")*(P87:Z87)*MOD(COLUMN($P$14:$Z$14)-COLUMN($P$14)+1,2))) -> 0 | AF87: =SUMIF($E$14:$N$14,"CO5",$E$17:$N$17) + IF(O87>=0, SUMPRODUCT(($O$14:$Z$14="CO5")*(O87:Z87)*MOD(COLUMN($O$14:$Z$14)-COLUMN($O$14)+1,2))+ SUMPRODUCT(($P$14:$Z$14="CO5")*(P87:Z87)*MOD(COLUMN($P$14:$Z$14)-COLUMN($P$14)+1,2)) ) -> 0 | AG87: =SUMIF($E$14:$N$14,"CO6",$E$17:$N$17) + IF(O87>0, SUMPRODUCT(($O$14:$Z$14="CO6")*($O$17:$Z$17)*MOD(COLUMN($O$14:$Z$14)-COLUMN($O$14)+1,2))+ SUMPRODUCT(($P$14:$Z$14="CO6")*($P$17:$Z$17)*MOD(COLUMN($P$14:$Z$14)-COLUMN($P$14)+1,2)) ) -> 0 | AH87: =SUM(AB87:AG87) -> 78 | AI87: =AB87/(SUMIF($E$14:$N$14,"CO1",$E$13:$N$13)+SUMPRODUCT(($O$14:$Z$14="CO1")*($O87:$Z87>0)*($O$13:$Z$13)))*100 -> 75 | AJ87: =AC87/(SUMIF($E$14:$N$14,"CO2",$E$13:$N$13)+SUMPRODUCT(($O$14:$Z$14="CO2")*($O87:$Z87>0)*($O$13:$Z$13)))*100 -> 75 | AK87: =AD87/(SUMIF($E$14:$N$14,"CO3",$E$13:$N$13)+SUMPRODUCT(($O$14:$Z$14="CO3")*($O87:$Z87>0)*($O$13:$Z$13)))*100 -> 90
A88: 82 | B88: ='STUDENT NAMELIST'!B76 -> 211423243167 | C88: ='STUDENT NAMELIST'!C76 -> 2023PEC AI 172 | D88: ='STUDENT NAMELIST'!D76 -> ISHA KUMARI R | E88: 1 | F88: 2 | G88: 1 | H88: 1 | I88: 2 | J88: 2 | K88: 2 | L88: 0 | M88: 2 | N88: 1 | O88: 16 | P88: 0 | Q88: 0 | R88: 16 | S88: 14 | T88: 0 | U88: 16 | V88: 0 | W88: 0 | X88: 13 | AA88: =SUM(E88,F88,G88,H88,I88,J88,K88,L88,M88,N88,O88,P88,Q88,R88,S88,T88,U88,V88,W88,X88,Y88,Z88) -> 89 | AB88: =SUMIF($E$14:$N$14,"CO1",E88:N88)+IF(O88>=0,SUMPRODUCT(($O$14:$Z$14="CO1")*(O88:Z88)*MOD(COLUMN($O$14:$Z$14)-COLUMN($O$14)+1,2))+SUMPRODUCT(($P$14:$Z$14="CO1")*(P88:Z88)*MOD(COLUMN($P$14:$Z$14)-COLUMN($P$14)+1,2))) -> 37 | AC88: =SUMIF($E$14:$N$14,"CO1",F88:O88)+IF(P88>=0,SUMPRODUCT(($O$14:$Z$14="CO1")*(P88:AA88)*MOD(COLUMN($O$14:$Z$14)-COLUMN($O$14)+1,2))+SUMPRODUCT(($P$14:$Z$14="CO1")*(Q88:AA88)*MOD(COLUMN($P$14:$Z$14)-COLUMN($P$14)+1,2))) -> 36 | AD88: =SUMIF($E$14:$N$14,"CO3",E88:N88)+IF(O88>=0, SUMPRODUCT(($O$14:$Z$14="CO3")*(O88:Z88)*MOD(COLUMN($O$14:$Z$14)-COLUMN($O$14)+1,2))+ SUMPRODUCT(($P$14:$Z$14="CO3")*(P88:Z88)*MOD(COLUMN($P$14:$Z$14)-COLUMN($P$14)+1,2))) -> 16 | AE88: =SUMIF($E$14:$N$14,"CO4",$E$17:$N$17) + IF(O88>=0, SUMPRODUCT(($O$14:$Z$14="CO4")*(O88:Z88)*MOD(COLUMN($O$14:$Z$14)-COLUMN($O$14)+1,2))+ SUMPRODUCT(($P$14:$Z$14="CO4")*(P88:Z88)*MOD(COLUMN($P$14:$Z$14)-COLUMN($P$14)+1,2))) -> 0 | AF88: =SUMIF($E$14:$N$14,"CO5",$E$17:$N$17) + IF(O88>=0, SUMPRODUCT(($O$14:$Z$14="CO5")*(O88:Z88)*MOD(COLUMN($O$14:$Z$14)-COLUMN($O$14)+1,2))+ SUMPRODUCT(($P$14:$Z$14="CO5")*(P88:Z88)*MOD(COLUMN($P$14:$Z$14)-COLUMN($P$14)+1,2)) ) -> 0 | AG88: =SUMIF($E$14:$N$14,"CO6",$E$17:$N$17) + IF(O88>0, SUMPRODUCT(($O$14:$Z$14="CO6")*($O$17:$Z$17)*MOD(COLUMN($O$14:$Z$14)-COLUMN($O$14)+1,2))+ SUMPRODUCT(($P$14:$Z$14="CO6")*($P$17:$Z$17)*MOD(COLUMN($P$14:$Z$14)-COLUMN($P$14)+1,2)) ) -> 0 | AH88: =SUM(AB88:AG88) -> 89 | AI88: =AB88/(SUMIF($E$14:$N$14,"CO1",$E$13:$N$13)+SUMPRODUCT(($O$14:$Z$14="CO1")*($O88:$Z88>0)*($O$13:$Z$13)))*100 -> 92.5 | AJ88: =AC88/(SUMIF($E$14:$N$14,"CO2",$E$13:$N$13)+SUMPRODUCT(($O$14:$Z$14="CO2")*($O88:$Z88>0)*($O$13:$Z$13)))*100 -> 90 | AK88: =AD88/(SUMIF($E$14:$N$14,"CO3",$E$13:$N$13)+SUMPRODUCT(($O$14:$Z$14="CO3")*($O88:$Z88>0)*($O$13:$Z$13)))*100 -> 80
A89: 83 | B89: ='STUDENT NAMELIST'!B77 -> 211423243168 | C89: ='STUDENT NAMELIST'!C77 -> 2023PEC AI 173 | D89: ='STUDENT NAMELIST'!D77 -> ISHWARYA P | E89: 2 | F89: 1 | G89: 2 | H89: 0 | I89: 2 | J89: 2 | K89: 0 | L89: 0 | M89: 0 | N89: 2 | P89: 11 | R89: 14 | T89: 14 | V89: 16 | W89: 14 | AA89: =SUM(E89,F89,G89,H89,I89,J89,K89,L89,M89,N89,O89,P89,Q89,R89,S89,T89,U89,V89,W89,X89,Y89,Z89) -> 80 | AB89: =SUMIF($E$14:$N$14,"CO1",E89:N89)+IF(O89>=0,SUMPRODUCT(($O$14:$Z$14="CO1")*(O89:Z89)*MOD(COLUMN($O$14:$Z$14)-COLUMN($O$14)+1,2))+SUMPRODUCT(($P$14:$Z$14="CO1")*(P89:Z89)*MOD(COLUMN($P$14:$Z$14)-COLUMN($P$14)+1,2))) -> 30 | AC89: =SUMIF($E$14:$N$14,"CO1",F89:O89)+IF(P89>=0,SUMPRODUCT(($O$14:$Z$14="CO1")*(P89:AA89)*MOD(COLUMN($O$14:$Z$14)-COLUMN($O$14)+1,2))+SUMPRODUCT(($P$14:$Z$14="CO1")*(Q89:AA89)*MOD(COLUMN($P$14:$Z$14)-COLUMN($P$14)+1,2))) -> 30 | AD89: =SUMIF($E$14:$N$14,"CO3",E89:N89)+IF(O89>=0, SUMPRODUCT(($O$14:$Z$14="CO3")*(O89:Z89)*MOD(COLUMN($O$14:$Z$14)-COLUMN($O$14)+1,2))+ SUMPRODUCT(($P$14:$Z$14="CO3")*(P89:Z89)*MOD(COLUMN($P$14:$Z$14)-COLUMN($P$14)+1,2))) -> 16 | AE89: =SUMIF($E$14:$N$14,"CO4",$E$17:$N$17) + IF(O89>=0, SUMPRODUCT(($O$14:$Z$14="CO4")*(O89:Z89)*MOD(COLUMN($O$14:$Z$14)-COLUMN($O$14)+1,2))+ SUMPRODUCT(($P$14:$Z$14="CO4")*(P89:Z89)*MOD(COLUMN($P$14:$Z$14)-COLUMN($P$14)+1,2))) -> 0 | AF89: =SUMIF($E$14:$N$14,"CO5",$E$17:$N$17) + IF(O89>=0, SUMPRODUCT(($O$14:$Z$14="CO5")*(O89:Z89)*MOD(COLUMN($O$14:$Z$14)-COLUMN($O$14)+1,2))+ SUMPRODUCT(($P$14:$Z$14="CO5")*(P89:Z89)*MOD(COLUMN($P$14:$Z$14)-COLUMN($P$14)+1,2)) ) -> 0 | AG89: =SUMIF($E$14:$N$14,"CO6",$E$17:$N$17) + IF(O89>0, SUMPRODUCT(($O$14:$Z$14="CO6")*($O$17:$Z$17)*MOD(COLUMN($O$14:$Z$14)-COLUMN($O$14)+1,2))+ SUMPRODUCT(($P$14:$Z$14="CO6")*($P$17:$Z$17)*MOD(COLUMN($P$14:$Z$14)-COLUMN($P$14)+1,2)) ) -> 0 | AH89: =SUM(AB89:AG89) -> 76 | AI89: =AB89/(SUMIF($E$14:$N$14,"CO1",$E$13:$N$13)+SUMPRODUCT(($O$14:$Z$14="CO1")*($O89:$Z89>0)*($O$13:$Z$13)))*100 -> 75 | AJ89: =AC89/(SUMIF($E$14:$N$14,"CO2",$E$13:$N$13)+SUMPRODUCT(($O$14:$Z$14="CO2")*($O89:$Z89>0)*($O$13:$Z$13)))*100 -> 75 | AK89: =AD89/(SUMIF($E$14:$N$14,"CO3",$E$13:$N$13)+SUMPRODUCT(($O$14:$Z$14="CO3")*($O89:$Z89>0)*($O$13:$Z$13)))*100 -> 80
A90: 84 | B90: ='STUDENT NAMELIST'!B78 -> 211423243174 | C90: ='STUDENT NAMELIST'!C78 -> 2023PEC AI 174 | D90: ='STUDENT NAMELIST'!D78 -> JANANI G | E90: 2 | F90: 2 | G90: 0 | H90: 2 | I90: 1 | J90: 0 | K90: 0 | L90: 1 | M90: 1 | N90: 1 | O90: 15 | Q90: 14 | T90: 16 | V90: 16 | X90: 16 | AA90: =SUM(E90,F90,G90,H90,I90,J90,K90,L90,M90,N90,O90,P90,Q90,R90,S90,T90,U90,V90,W90,X90,Y90,Z90) -> 87 | AB90: =SUMIF($E$14:$N$14,"CO1",E90:N90)+IF(O90>=0,SUMPRODUCT(($O$14:$Z$14="CO1")*(O90:Z90)*MOD(COLUMN($O$14:$Z$14)-COLUMN($O$14)+1,2))+SUMPRODUCT(($P$14:$Z$14="CO1")*(P90:Z90)*MOD(COLUMN($P$14:$Z$14)-COLUMN($P$14)+1,2))) -> 35 | AC90: =SUMIF($E$14:$N$14,"CO1",F90:O90)+IF(P90>=0,SUMPRODUCT(($O$14:$Z$14="CO1")*(P90:AA90)*MOD(COLUMN($O$14:$Z$14)-COLUMN($O$14)+1,2))+SUMPRODUCT(($P$14:$Z$14="CO1")*(Q90:AA90)*MOD(COLUMN($P$14:$Z$14)-COLUMN($P$14)+1,2))) -> 19 | AD90: =SUMIF($E$14:$N$14,"CO3",E90:N90)+IF(O90>=0, SUMPRODUCT(($O$14:$Z$14="CO3")*(O90:Z90)*MOD(COLUMN($O$14:$Z$14)-COLUMN($O$14)+1,2))+ SUMPRODUCT(($P$14:$Z$14="CO3")*(P90:Z90)*MOD(COLUMN($P$14:$Z$14)-COLUMN($P$14)+1,2))) -> 18 | AE90: =SUMIF($E$14:$N$14,"CO4",$E$17:$N$17) + IF(O90>=0, SUMPRODUCT(($O$14:$Z$14="CO4")*(O90:Z90)*MOD(COLUMN($O$14:$Z$14)-COLUMN($O$14)+1,2))+ SUMPRODUCT(($P$14:$Z$14="CO4")*(P90:Z90)*MOD(COLUMN($P$14:$Z$14)-COLUMN($P$14)+1,2))) -> 0 | AF90: =SUMIF($E$14:$N$14,"CO5",$E$17:$N$17) + IF(O90>=0, SUMPRODUCT(($O$14:$Z$14="CO5")*(O90:Z90)*MOD(COLUMN($O$14:$Z$14)-COLUMN($O$14)+1,2))+ SUMPRODUCT(($P$14:$Z$14="CO5")*(P90:Z90)*MOD(COLUMN($P$14:$Z$14)-COLUMN($P$14)+1,2)) ) -> 0 | AG90: =SUMIF($E$14:$N$14,"CO6",$E$17:$N$17) + IF(O90>0, SUMPRODUCT(($O$14:$Z$14="CO6")*($O$17:$Z$17)*MOD(COLUMN($O$14:$Z$14)-COLUMN($O$14)+1,2))+ SUMPRODUCT(($P$14:$Z$14="CO6")*($P$17:$Z$17)*MOD(COLUMN($P$14:$Z$14)-COLUMN($P$14)+1,2)) ) -> 0 | AH90: =SUM(AB90:AG90) -> 72 | AI90: =AB90/(SUMIF($E$14:$N$14,"CO1",$E$13:$N$13)+SUMPRODUCT(($O$14:$Z$14="CO1")*($O90:$Z90>0)*($O$13:$Z$13)))*100 -> 87.5 | AJ90: =AC90/(SUMIF($E$14:$N$14,"CO2",$E$13:$N$13)+SUMPRODUCT(($O$14:$Z$14="CO2")*($O90:$Z90>0)*($O$13:$Z$13)))*100 -> 47.5 | AK90: =AD90/(SUMIF($E$14:$N$14,"CO3",$E$13:$N$13)+SUMPRODUCT(($O$14:$Z$14="CO3")*($O90:$Z90>0)*($O$13:$Z$13)))*100 -> 90
A91: 85 | B91: ='STUDENT NAMELIST'!B79 -> 211423243175 | C91: ='STUDENT NAMELIST'!C79 -> 2023PEC AI 175 | D91: ='STUDENT NAMELIST'!D79 -> JANANI G | E91: 2 | F91: 0 | G91: 0 | H91: 2 | I91: 1 | J91: 2 | K91: 2 | L91: 1 | M91: 2 | N91: 0 | P91: 15 | R91: 16 | T91: 12 | U91: 16 | W91: 16 | AA91: =SUM(E91,F91,G91,H91,I91,J91,K91,L91,M91,N91,O91,P91,Q91,R91,S91,T91,U91,V91,W91,X91,Y91,Z91) -> 87 | AB91: =SUMIF($E$14:$N$14,"CO1",E91:N91)+IF(O91>=0,SUMPRODUCT(($O$14:$Z$14="CO1")*(O91:Z91)*MOD(COLUMN($O$14:$Z$14)-COLUMN($O$14)+1,2))+SUMPRODUCT(($P$14:$Z$14="CO1")*(P91:Z91)*MOD(COLUMN($P$14:$Z$14)-COLUMN($P$14)+1,2))) -> 35 | AC91: =SUMIF($E$14:$N$14,"CO1",F91:O91)+IF(P91>=0,SUMPRODUCT(($O$14:$Z$14="CO1")*(P91:AA91)*MOD(COLUMN($O$14:$Z$14)-COLUMN($O$14)+1,2))+SUMPRODUCT(($P$14:$Z$14="CO1")*(Q91:AA91)*MOD(COLUMN($P$14:$Z$14)-COLUMN($P$14)+1,2))) -> 34 | AD91: =SUMIF($E$14:$N$14,"CO3",E91:N91)+IF(O91>=0, SUMPRODUCT(($O$14:$Z$14="CO3")*(O91:Z91)*MOD(COLUMN($O$14:$Z$14)-COLUMN($O$14)+1,2))+ SUMPRODUCT(($P$14:$Z$14="CO3")*(P91:Z91)*MOD(COLUMN($P$14:$Z$14)-COLUMN($P$14)+1,2))) -> 18 | AE91: =SUMIF($E$14:$N$14,"CO4",$E$17:$N$17) + IF(O91>=0, SUMPRODUCT(($O$14:$Z$14="CO4")*(O91:Z91)*MOD(COLUMN($O$14:$Z$14)-COLUMN($O$14)+1,2))+ SUMPRODUCT(($P$14:$Z$14="CO4")*(P91:Z91)*MOD(COLUMN($P$14:$Z$14)-COLUMN($P$14)+1,2))) -> 0 | AF91: =SUMIF($E$14:$N$14,"CO5",$E$17:$N$17) + IF(O91>=0, SUMPRODUCT(($O$14:$Z$14="CO5")*(O91:Z91)*MOD(COLUMN($O$14:$Z$14)-COLUMN($O$14)+1,2))+ SUMPRODUCT(($P$14:$Z$14="CO5")*(P91:Z91)*MOD(COLUMN($P$14:$Z$14)-COLUMN($P$14)+1,2)) ) -> 0 | AG91: =SUMIF($E$14:$N$14,"CO6",$E$17:$N$17) + IF(O91>0, SUMPRODUCT(($O$14:$Z$14="CO6")*($O$17:$Z$17)*MOD(COLUMN($O$14:$Z$14)-COLUMN($O$14)+1,2))+ SUMPRODUCT(($P$14:$Z$14="CO6")*($P$17:$Z$17)*MOD(COLUMN($P$14:$Z$14)-COLUMN($P$14)+1,2)) ) -> 0 | AH91: =SUM(AB91:AG91) -> 87 | AI91: =AB91/(SUMIF($E$14:$N$14,"CO1",$E$13:$N$13)+SUMPRODUCT(($O$14:$Z$14="CO1")*($O91:$Z91>0)*($O$13:$Z$13)))*100 -> 87.5 | AJ91: =AC91/(SUMIF($E$14:$N$14,"CO2",$E$13:$N$13)+SUMPRODUCT(($O$14:$Z$14="CO2")*($O91:$Z91>0)*($O$13:$Z$13)))*100 -> 85 | AK91: =AD91/(SUMIF($E$14:$N$14,"CO3",$E$13:$N$13)+SUMPRODUCT(($O$14:$Z$14="CO3")*($O91:$Z91>0)*($O$13:$Z$13)))*100 -> 90
A92: 86 | B92: ='STUDENT NAMELIST'!B80 -> 211423243183 | C92: ='STUDENT NAMELIST'!C80 -> 2023PEC AI 176 | D92: ='STUDENT NAMELIST'!D80 -> M JAYASREE | E92: 1 | F92: 2 | G92: 2 | H92: 1 | I92: 1 | J92: 2 | K92: 1 | L92: 0 | M92: 2 | N92: 1 | O92: 16 | P92: 0 | Q92: 0 | R92: 16 | S92: 14 | T92: 0 | U92: 16 | V92: 0 | W92: 0 | X92: 13 | AA92: =SUM(E92,F92,G92,H92,I92,J92,K92,L92,M92,N92,O92,P92,Q92,R92,S92,T92,U92,V92,W92,X92,Y92,Z92) -> 88 | AB92: =SUMIF($E$14:$N$14,"CO1",E92:N92)+IF(O92>=0,SUMPRODUCT(($O$14:$Z$14="CO1")*(O92:Z92)*MOD(COLUMN($O$14:$Z$14)-COLUMN($O$14)+1,2))+SUMPRODUCT(($P$14:$Z$14="CO1")*(P92:Z92)*MOD(COLUMN($P$14:$Z$14)-COLUMN($P$14)+1,2))) -> 38 | AC92: =SUMIF($E$14:$N$14,"CO1",F92:O92)+IF(P92>=0,SUMPRODUCT(($O$14:$Z$14="CO1")*(P92:AA92)*MOD(COLUMN($O$14:$Z$14)-COLUMN($O$14)+1,2))+SUMPRODUCT(($P$14:$Z$14="CO1")*(Q92:AA92)*MOD(COLUMN($P$14:$Z$14)-COLUMN($P$14)+1,2))) -> 36 | AD92: =SUMIF($E$14:$N$14,"CO3",E92:N92)+IF(O92>=0, SUMPRODUCT(($O$14:$Z$14="CO3")*(O92:Z92)*MOD(COLUMN($O$14:$Z$14)-COLUMN($O$14)+1,2))+ SUMPRODUCT(($P$14:$Z$14="CO3")*(P92:Z92)*MOD(COLUMN($P$14:$Z$14)-COLUMN($P$14)+1,2))) -> 16 | AE92: =SUMIF($E$14:$N$14,"CO4",$E$17:$N$17) + IF(O92>=0, SUMPRODUCT(($O$14:$Z$14="CO4")*(O92:Z92)*MOD(COLUMN($O$14:$Z$14)-COLUMN($O$14)+1,2))+ SUMPRODUCT(($P$14:$Z$14="CO4")*(P92:Z92)*MOD(COLUMN($P$14:$Z$14)-COLUMN($P$14)+1,2))) -> 0 | AF92: =SUMIF($E$14:$N$14,"CO5",$E$17:$N$17) + IF(O92>=0, SUMPRODUCT(($O$14:$Z$14="CO5")*(O92:Z92)*MOD(COLUMN($O$14:$Z$14)-COLUMN($O$14)+1,2))+ SUMPRODUCT(($P$14:$Z$14="CO5")*(P92:Z92)*MOD(COLUMN($P$14:$Z$14)-COLUMN($P$14)+1,2)) ) -> 0 | AG92: =SUMIF($E$14:$N$14,"CO6",$E$17:$N$17) + IF(O92>0, SUMPRODUCT(($O$14:$Z$14="CO6")*($O$17:$Z$17)*MOD(COLUMN($O$14:$Z$14)-COLUMN($O$14)+1,2))+ SUMPRODUCT(($P$14:$Z$14="CO6")*($P$17:$Z$17)*MOD(COLUMN($P$14:$Z$14)-COLUMN($P$14)+1,2)) ) -> 0 | AH92: =SUM(AB92:AG92) -> 90 | AI92: =AB92/(SUMIF($E$14:$N$14,"CO1",$E$13:$N$13)+SUMPRODUCT(($O$14:$Z$14="CO1")*($O92:$Z92>0)*($O$13:$Z$13)))*100 -> 95 | AJ92: =AC92/(SUMIF($E$14:$N$14,"CO2",$E$13:$N$13)+SUMPRODUCT(($O$14:$Z$14="CO2")*($O92:$Z92>0)*($O$13:$Z$13)))*100 -> 90 | AK92: =AD92/(SUMIF($E$14:$N$14,"CO3",$E$13:$N$13)+SUMPRODUCT(($O$14:$Z$14="CO3")*($O92:$Z92>0)*($O$13:$Z$13)))*100 -> 80
A93: 88 | B93: ='STUDENT NAMELIST'!B81 -> 211423243181 | C93: ='STUDENT NAMELIST'!C81 -> 2023PEC AI 177 | D93: ='STUDENT NAMELIST'!D81 -> JAYASHREE V | E93: 2 | F93: 1 | G93: 1 | H93: 0 | I93: 2 | J93: 2 | K93: 0 | L93: 0 | M93: 2 | N93: 2 | P93: 10 | R93: 14 | T93: 14 | V93: 16 | W93: 14 | AA93: =SUM(E93,F93,G93,H93,I93,J93,K93,L93,M93,N93,O93,P93,Q93,R93,S93,T93,U93,V93,W93,X93,Y93,Z93) -> 80 | AB93: =SUMIF($E$14:$N$14,"CO1",E93:N93)+IF(O93>=0,SUMPRODUCT(($O$14:$Z$14="CO1")*(O93:Z93)*MOD(COLUMN($O$14:$Z$14)-COLUMN($O$14)+1,2))+SUMPRODUCT(($P$14:$Z$14="CO1")*(P93:Z93)*MOD(COLUMN($P$14:$Z$14)-COLUMN($P$14)+1,2))) -> 28 | AC93: =SUMIF($E$14:$N$14,"CO1",F93:O93)+IF(P93>=0,SUMPRODUCT(($O$14:$Z$14="CO1")*(P93:AA93)*MOD(COLUMN($O$14:$Z$14)-COLUMN($O$14)+1,2))+SUMPRODUCT(($P$14:$Z$14="CO1")*(Q93:AA93)*MOD(COLUMN($P$14:$Z$14)-COLUMN($P$14)+1,2))) -> 28 | AD93: =SUMIF($E$14:$N$14,"CO3",E93:N93)+IF(O93>=0, SUMPRODUCT(($O$14:$Z$14="CO3")*(O93:Z93)*MOD(COLUMN($O$14:$Z$14)-COLUMN($O$14)+1,2))+ SUMPRODUCT(($P$14:$Z$14="CO3")*(P93:Z93)*MOD(COLUMN($P$14:$Z$14)-COLUMN($P$14)+1,2))) -> 18 | AE93: =SUMIF($E$14:$N$14,"CO4",$E$17:$N$17) + IF(O93>=0, SUMPRODUCT(($O$14:$Z$14="CO4")*(O93:Z93)*MOD(COLUMN($O$14:$Z$14)-COLUMN($O$14)+1,2))+ SUMPRODUCT(($P$14:$Z$14="CO4")*(P93:Z93)*MOD(COLUMN($P$14:$Z$14)-COLUMN($P$14)+1,2))) -> 0 | AF93: =SUMIF($E$14:$N$14,"CO5",$E$17:$N$17) + IF(O93>=0, SUMPRODUCT(($O$14:$Z$14="CO5")*(O93:Z93)*MOD(COLUMN($O$14:$Z$14)-COLUMN($O$14)+1,2))+ SUMPRODUCT(($P$14:$Z$14="CO5")*(P93:Z93)*MOD(COLUMN($P$14:$Z$14)-COLUMN($P$14)+1,2)) ) -> 0 | AG93: =SUMIF($E$14:$N$14,"CO6",$E$17:$N$17) + IF(O93>0, SUMPRODUCT(($O$14:$Z$14="CO6")*($O$17:$Z$17)*MOD(COLUMN($O$14:$Z$14)-COLUMN($O$14)+1,2))+ SUMPRODUCT(($P$14:$Z$14="CO6")*($P$17:$Z$17)*MOD(COLUMN($P$14:$Z$14)-COLUMN($P$14)+1,2)) ) -> 0 | AH93: =SUM(AB93:AG93) -> 74 | AI93: =AB93/(SUMIF($E$14:$N$14,"CO1",$E$13:$N$13)+SUMPRODUCT(($O$14:$Z$14="CO1")*($O93:$Z93>0)*($O$13:$Z$13)))*100 -> 70 | AJ93: =AC93/(SUMIF($E$14:$N$14,"CO2",$E$13:$N$13)+SUMPRODUCT(($O$14:$Z$14="CO2")*($O93:$Z93>0)*($O$13:$Z$13)))*100 -> 70 | AK93: =AD93/(SUMIF($E$14:$N$14,"CO3",$E$13:$N$13)+SUMPRODUCT(($O$14:$Z$14="CO3")*($O93:$Z93>0)*($O$13:$Z$13)))*100 -> 90
A94: 88 | B94: ='STUDENT NAMELIST'!B82 -> 211423243182 | C94: ='STUDENT NAMELIST'!C82 -> 2023PEC AI 178 | D94: ='STUDENT NAMELIST'!D82 -> JAYASHREE V | E94: 2 | F94: 1 | G94: 1 | H94: 0 | I94: 0 | J94: 0 | K94: 0 | L94: 0 | M94: 2 | N94: 2 | O94: 12 | Q94: 12 | T94: 12 | V94: 16 | X94: 16 | AA94: =SUM(E94,F94,G94,H94,I94,J94,K94,L94,M94,N94,O94,P94,Q94,R94,S94,T94,U94,V94,W94,X94,Y94,Z94) -> 76 | AB94: =SUMIF($E$14:$N$14,"CO1",E94:N94)+IF(O94>=0,SUMPRODUCT(($O$14:$Z$14="CO1")*(O94:Z94)*MOD(COLUMN($O$14:$Z$14)-COLUMN($O$14)+1,2))+SUMPRODUCT(($P$14:$Z$14="CO1")*(P94:Z94)*MOD(COLUMN($P$14:$Z$14)-COLUMN($P$14)+1,2))) -> 28 | AC94: =SUMIF($E$14:$N$14,"CO1",F94:O94)+IF(P94>=0,SUMPRODUCT(($O$14:$Z$14="CO1")*(P94:AA94)*MOD(COLUMN($O$14:$Z$14)-COLUMN($O$14)+1,2))+SUMPRODUCT(($P$14:$Z$14="CO1")*(Q94:AA94)*MOD(COLUMN($P$14:$Z$14)-COLUMN($P$14)+1,2))) -> 14 | AD94: =SUMIF($E$14:$N$14,"CO3",E94:N94)+IF(O94>=0, SUMPRODUCT(($O$14:$Z$14="CO3")*(O94:Z94)*MOD(COLUMN($O$14:$Z$14)-COLUMN($O$14)+1,2))+ SUMPRODUCT(($P$14:$Z$14="CO3")*(P94:Z94)*MOD(COLUMN($P$14:$Z$14)-COLUMN($P$14)+1,2))) -> 20 | AE94: =SUMIF($E$14:$N$14,"CO4",$E$17:$N$17) + IF(O94>=0, SUMPRODUCT(($O$14:$Z$14="CO4")*(O94:Z94)*MOD(COLUMN($O$14:$Z$14)-COLUMN($O$14)+1,2))+ SUMPRODUCT(($P$14:$Z$14="CO4")*(P94:Z94)*MOD(COLUMN($P$14:$Z$14)-COLUMN($P$14)+1,2))) -> 0 | AF94: =SUMIF($E$14:$N$14,"CO5",$E$17:$N$17) + IF(O94>=0, SUMPRODUCT(($O$14:$Z$14="CO5")*(O94:Z94)*MOD(COLUMN($O$14:$Z$14)-COLUMN($O$14)+1,2))+ SUMPRODUCT(($P$14:$Z$14="CO5")*(P94:Z94)*MOD(COLUMN($P$14:$Z$14)-COLUMN($P$14)+1,2)) ) -> 0 | AG94: =SUMIF($E$14:$N$14,"CO6",$E$17:$N$17) + IF(O94>0, SUMPRODUCT(($O$14:$Z$14="CO6")*($O$17:$Z$17)*MOD(COLUMN($O$14:$Z$14)-COLUMN($O$14)+1,2))+ SUMPRODUCT(($P$14:$Z$14="CO6")*($P$17:$Z$17)*MOD(COLUMN($P$14:$Z$14)-COLUMN($P$14)+1,2)) ) -> 0 | AH94: =SUM(AB94:AG94) -> 62 | AI94: =AB94/(SUMIF($E$14:$N$14,"CO1",$E$13:$N$13)+SUMPRODUCT(($O$14:$Z$14="CO1")*($O94:$Z94>0)*($O$13:$Z$13)))*100 -> 70 | AJ94: =AC94/(SUMIF($E$14:$N$14,"CO2",$E$13:$N$13)+SUMPRODUCT(($O$14:$Z$14="CO2")*($O94:$Z94>0)*($O$13:$Z$13)))*100 -> 35 | AK94: =AD94/(SUMIF($E$14:$N$14,"CO3",$E$13:$N$13)+SUMPRODUCT(($O$14:$Z$14="CO3")*($O94:$Z94>0)*($O$13:$Z$13)))*100 -> 100
A95: 89 | B95: ='STUDENT NAMELIST'!B83 -> 211423243191 | C95: ='STUDENT NAMELIST'!C83 -> 2023PEC AI 179 | D95: ='STUDENT NAMELIST'!D83 -> JEEVITHA M S | E95: 1 | F95: 2 | G95: 0 | H95: 0 | I95: 2 | J95: 0 | K95: 0 | L95: 1 | M95: 1 | N95: 1 | P95: 15 | R95: 16 | T95: 15 | U95: 16 | W95: 16 | AA95: =SUM(E95,F95,G95,H95,I95,J95,K95,L95,M95,N95,O95,P95,Q95,R95,S95,T95,U95,V95,W95,X95,Y95,Z95) -> 86 | AB95: =SUMIF($E$14:$N$14,"CO1",E95:N95)+IF(O95>=0,SUMPRODUCT(($O$14:$Z$14="CO1")*(O95:Z95)*MOD(COLUMN($O$14:$Z$14)-COLUMN($O$14)+1,2))+SUMPRODUCT(($P$14:$Z$14="CO1")*(P95:Z95)*MOD(COLUMN($P$14:$Z$14)-COLUMN($P$14)+1,2))) -> 34 | AC95: =SUMIF($E$14:$N$14,"CO1",F95:O95)+IF(P95>=0,SUMPRODUCT(($O$14:$Z$14="CO1")*(P95:AA95)*MOD(COLUMN($O$14:$Z$14)-COLUMN($O$14)+1,2))+SUMPRODUCT(($P$14:$Z$14="CO1")*(Q95:AA95)*MOD(COLUMN($P$14:$Z$14)-COLUMN($P$14)+1,2))) -> 35 | AD95: =SUMIF($E$14:$N$14,"CO3",E95:N95)+IF(O95>=0, SUMPRODUCT(($O$14:$Z$14="CO3")*(O95:Z95)*MOD(COLUMN($O$14:$Z$14)-COLUMN($O$14)+1,2))+ SUMPRODUCT(($P$14:$Z$14="CO3")*(P95:Z95)*MOD(COLUMN($P$14:$Z$14)-COLUMN($P$14)+1,2))) -> 18 | AE95: =SUMIF($E$14:$N$14,"CO4",$E$17:$N$17) + IF(O95>=0, SUMPRODUCT(($O$14:$Z$14="CO4")*(O95:Z95)*MOD(COLUMN($O$14:$Z$14)-COLUMN($O$14)+1,2))+ SUMPRODUCT(($P$14:$Z$14="CO4")*(P95:Z95)*MOD(COLUMN($P$14:$Z$14)-COLUMN($P$14)+1,2))) -> 0 | AF95: =SUMIF($E$14:$N$14,"CO5",$E$17:$N$17) + IF(O95>=0, SUMPRODUCT(($O$14:$Z$14="CO5")*(O95:Z95)*MOD(COLUMN($O$14:$Z$14)-COLUMN($O$14)+1,2))+ SUMPRODUCT(($P$14:$Z$14="CO5")*(P95:Z95)*MOD(COLUMN($P$14:$Z$14)-COLUMN($P$14)+1,2)) ) -> 0 | AG95: =SUMIF($E$14:$N$14,"CO6",$E$17:$N$17) + IF(O95>0, SUMPRODUCT(($O$14:$Z$14="CO6")*($O$17:$Z$17)*MOD(COLUMN($O$14:$Z$14)-COLUMN($O$14)+1,2))+ SUMPRODUCT(($P$14:$Z$14="CO6")*($P$17:$Z$17)*MOD(COLUMN($P$14:$Z$14)-COLUMN($P$14)+1,2)) ) -> 0 | AH95: =SUM(AB95:AG95) -> 87 | AI95: =AB95/(SUMIF($E$14:$N$14,"CO1",$E$13:$N$13)+SUMPRODUCT(($O$14:$Z$14="CO1")*($O95:$Z95>0)*($O$13:$Z$13)))*100 -> 85 | AJ95: =AC95/(SUMIF($E$14:$N$14,"CO2",$E$13:$N$13)+SUMPRODUCT(($O$14:$Z$14="CO2")*($O95:$Z95>0)*($O$13:$Z$13)))*100 -> 87.5 | AK95: =AD95/(SUMIF($E$14:$N$14,"CO3",$E$13:$N$13)+SUMPRODUCT(($O$14:$Z$14="CO3")*($O95:$Z95>0)*($O$13:$Z$13)))*100 -> 90
A96: 80 | B96: ='STUDENT NAMELIST'!B84 -> 211423243195 | C96: ='STUDENT NAMELIST'!C84 -> 2023PEC AI 180 | D96: ='STUDENT NAMELIST'!D84 -> JERALD JENI R | E96: 0 | F96: 1 | G96: 2 | H96: 2 | I96: 0 | J96: 2 | K96: 1 | L96: 0 | M96: 2 | N96: 1 | O96: 15 | Q96: 15 | S96: 15 | U96: 16 | W96: 13 | AA96: =SUM(E96,F96,G96,H96,I96,J96,K96,L96,M96,N96,O96,P96,Q96,R96,S96,T96,U96,V96,W96,X96,Y96,Z96) -> 85 | AB96: =SUMIF($E$14:$N$14,"CO1",E96:N96)+IF(O96>=0,SUMPRODUCT(($O$14:$Z$14="CO1")*(O96:Z96)*MOD(COLUMN($O$14:$Z$14)-COLUMN($O$14)+1,2))+SUMPRODUCT(($P$14:$Z$14="CO1")*(P96:Z96)*MOD(COLUMN($P$14:$Z$14)-COLUMN($P$14)+1,2))) -> 35 | AC96: =SUMIF($E$14:$N$14,"CO1",F96:O96)+IF(P96>=0,SUMPRODUCT(($O$14:$Z$14="CO1")*(P96:AA96)*MOD(COLUMN($O$14:$Z$14)-COLUMN($O$14)+1,2))+SUMPRODUCT(($P$14:$Z$14="CO1")*(Q96:AA96)*MOD(COLUMN($P$14:$Z$14)-COLUMN($P$14)+1,2))) -> 35 | AD96: =SUMIF($E$14:$N$14,"CO3",E96:N96)+IF(O96>=0, SUMPRODUCT(($O$14:$Z$14="CO3")*(O96:Z96)*MOD(COLUMN($O$14:$Z$14)-COLUMN($O$14)+1,2))+ SUMPRODUCT(($P$14:$Z$14="CO3")*(P96:Z96)*MOD(COLUMN($P$14:$Z$14)-COLUMN($P$14)+1,2))) -> 16 | AE96: =SUMIF($E$14:$N$14,"CO4",$E$17:$N$17) + IF(O96>=0, SUMPRODUCT(($O$14:$Z$14="CO4")*(O96:Z96)*MOD(COLUMN($O$14:$Z$14)-COLUMN($O$14)+1,2))+ SUMPRODUCT(($P$14:$Z$14="CO4")*(P96:Z96)*MOD(COLUMN($P$14:$Z$14)-COLUMN($P$14)+1,2))) -> 0 | AF96: =SUMIF($E$14:$N$14,"CO5",$E$17:$N$17) + IF(O96>=0, SUMPRODUCT(($O$14:$Z$14="CO5")*(O96:Z96)*MOD(COLUMN($O$14:$Z$14)-COLUMN($O$14)+1,2))+ SUMPRODUCT(($P$14:$Z$14="CO5")*(P96:Z96)*MOD(COLUMN($P$14:$Z$14)-COLUMN($P$14)+1,2)) ) -> 0 | AG96: =SUMIF($E$14:$N$14,"CO6",$E$17:$N$17) + IF(O96>0, SUMPRODUCT(($O$14:$Z$14="CO6")*($O$17:$Z$17)*MOD(COLUMN($O$14:$Z$14)-COLUMN($O$14)+1,2))+ SUMPRODUCT(($P$14:$Z$14="CO6")*($P$17:$Z$17)*MOD(COLUMN($P$14:$Z$14)-COLUMN($P$14)+1,2)) ) -> 0 | AH96: =SUM(AB96:AG96) -> 86 | AI96: =AB96/(SUMIF($E$14:$N$14,"CO1",$E$13:$N$13)+SUMPRODUCT(($O$14:$Z$14="CO1")*($O96:$Z96>0)*($O$13:$Z$13)))*100 -> 87.5 | AJ96: =AC96/(SUMIF($E$14:$N$14,"CO2",$E$13:$N$13)+SUMPRODUCT(($O$14:$Z$14="CO2")*($O96:$Z96>0)*($O$13:$Z$13)))*100 -> 87.5 | AK96: =AD96/(SUMIF($E$14:$N$14,"CO3",$E$13:$N$13)+SUMPRODUCT(($O$14:$Z$14="CO3")*($O96:$Z96>0)*($O$13:$Z$13)))*100 -> 80
A97: 81 | B97: ='STUDENT NAMELIST'!B85 -> 211423243196 | C97: ='STUDENT NAMELIST'!C85 -> 2023PEC AI 181 | D97: ='STUDENT NAMELIST'!D85 -> JERLIN DOLCE T | E97: 0 | F97: 0 | G97: 2 | H97: 0 | I97: 2 | J97: 0 | K97: 2 | L97: 0 | M97: 2 | N97: 1 | P97: 14 | R97: 16 | T97: 15 | V97: 15 | W97: 16 | AA97: =SUM(E97,F97,G97,H97,I97,J97,K97,L97,M97,N97,O97,P97,Q97,R97,S97,T97,U97,V97,W97,X97,Y97,Z97) -> 85 | AB97: =SUMIF($E$14:$N$14,"CO1",E97:N97)+IF(O97>=0,SUMPRODUCT(($O$14:$Z$14="CO1")*(O97:Z97)*MOD(COLUMN($O$14:$Z$14)-COLUMN($O$14)+1,2))+SUMPRODUCT(($P$14:$Z$14="CO1")*(P97:Z97)*MOD(COLUMN($P$14:$Z$14)-COLUMN($P$14)+1,2))) -> 32 | AC97: =SUMIF($E$14:$N$14,"CO1",F97:O97)+IF(P97>=0,SUMPRODUCT(($O$14:$Z$14="CO1")*(P97:AA97)*MOD(COLUMN($O$14:$Z$14)-COLUMN($O$14)+1,2))+SUMPRODUCT(($P$14:$Z$14="CO1")*(Q97:AA97)*MOD(COLUMN($P$14:$Z$14)-COLUMN($P$14)+1,2))) -> 34 | AD97: =SUMIF($E$14:$N$14,"CO3",E97:N97)+IF(O97>=0, SUMPRODUCT(($O$14:$Z$14="CO3")*(O97:Z97)*MOD(COLUMN($O$14:$Z$14)-COLUMN($O$14)+1,2))+ SUMPRODUCT(($P$14:$Z$14="CO3")*(P97:Z97)*MOD(COLUMN($P$14:$Z$14)-COLUMN($P$14)+1,2))) -> 19 | AE97: =SUMIF($E$14:$N$14,"CO4",$E$17:$N$17) + IF(O97>=0, SUMPRODUCT(($O$14:$Z$14="CO4")*(O97:Z97)*MOD(COLUMN($O$14:$Z$14)-COLUMN($O$14)+1,2))+ SUMPRODUCT(($P$14:$Z$14="CO4")*(P97:Z97)*MOD(COLUMN($P$14:$Z$14)-COLUMN($P$14)+1,2))) -> 0 | AF97: =SUMIF($E$14:$N$14,"CO5",$E$17:$N$17) + IF(O97>=0, SUMPRODUCT(($O$14:$Z$14="CO5")*(O97:Z97)*MOD(COLUMN($O$14:$Z$14)-COLUMN($O$14)+1,2))+ SUMPRODUCT(($P$14:$Z$14="CO5")*(P97:Z97)*MOD(COLUMN($P$14:$Z$14)-COLUMN($P$14)+1,2)) ) -> 0 | AG97: =SUMIF($E$14:$N$14,"CO6",$E$17:$N$17) + IF(O97>0, SUMPRODUCT(($O$14:$Z$14="CO6")*($O$17:$Z$17)*MOD(COLUMN($O$14:$Z$14)-COLUMN($O$14)+1,2))+ SUMPRODUCT(($P$14:$Z$14="CO6")*($P$17:$Z$17)*MOD(COLUMN($P$14:$Z$14)-COLUMN($P$14)+1,2)) ) -> 0 | AH97: =SUM(AB97:AG97) -> 85 | AI97: =AB97/(SUMIF($E$14:$N$14,"CO1",$E$13:$N$13)+SUMPRODUCT(($O$14:$Z$14="CO1")*($O97:$Z97>0)*($O$13:$Z$13)))*100 -> 80 | AJ97: =AC97/(SUMIF($E$14:$N$14,"CO2",$E$13:$N$13)+SUMPRODUCT(($O$14:$Z$14="CO2")*($O97:$Z97>0)*($O$13:$Z$13)))*100 -> 85 | AK97: =AD97/(SUMIF($E$14:$N$14,"CO3",$E$13:$N$13)+SUMPRODUCT(($O$14:$Z$14="CO3")*($O97:$Z97>0)*($O$13:$Z$13)))*100 -> 95
A98: 82 | B98: ='STUDENT NAMELIST'!B86 -> 211423243201 | C98: ='STUDENT NAMELIST'!C86 -> 2023PEC AI 182 | D98: ='STUDENT NAMELIST'!D86 -> JONITA MARIA FERNANDES | E98: 1 | F98: 0 | G98: 0 | H98: 2 | I98: 0 | J98: 0 | K98: 2 | L98: 0 | M98: 2 | N98: 1 | O98: 14 | Q98: 14 | S98: 14 | U98: 14 | W98: 14 | AA98: =SUM(E98,F98,G98,H98,I98,J98,K98,L98,M98,N98,O98,P98,Q98,R98,S98,T98,U98,V98,W98,X98,Y98,Z98) -> 78 | AB98: =SUMIF($E$14:$N$14,"CO1",E98:N98)+IF(O98>=0,SUMPRODUCT(($O$14:$Z$14="CO1")*(O98:Z98)*MOD(COLUMN($O$14:$Z$14)-COLUMN($O$14)+1,2))+SUMPRODUCT(($P$14:$Z$14="CO1")*(P98:Z98)*MOD(COLUMN($P$14:$Z$14)-COLUMN($P$14)+1,2))) -> 31 | AC98: =SUMIF($E$14:$N$14,"CO1",F98:O98)+IF(P98>=0,SUMPRODUCT(($O$14:$Z$14="CO1")*(P98:AA98)*MOD(COLUMN($O$14:$Z$14)-COLUMN($O$14)+1,2))+SUMPRODUCT(($P$14:$Z$14="CO1")*(Q98:AA98)*MOD(COLUMN($P$14:$Z$14)-COLUMN($P$14)+1,2))) -> 30 | AD98: =SUMIF($E$14:$N$14,"CO3",E98:N98)+IF(O98>=0, SUMPRODUCT(($O$14:$Z$14="CO3")*(O98:Z98)*MOD(COLUMN($O$14:$Z$14)-COLUMN($O$14)+1,2))+ SUMPRODUCT(($P$14:$Z$14="CO3")*(P98:Z98)*MOD(COLUMN($P$14:$Z$14)-COLUMN($P$14)+1,2))) -> 17 | AE98: =SUMIF($E$14:$N$14,"CO4",$E$17:$N$17) + IF(O98>=0, SUMPRODUCT(($O$14:$Z$14="CO4")*(O98:Z98)*MOD(COLUMN($O$14:$Z$14)-COLUMN($O$14)+1,2))+ SUMPRODUCT(($P$14:$Z$14="CO4")*(P98:Z98)*MOD(COLUMN($P$14:$Z$14)-COLUMN($P$14)+1,2))) -> 0 | AF98: =SUMIF($E$14:$N$14,"CO5",$E$17:$N$17) + IF(O98>=0, SUMPRODUCT(($O$14:$Z$14="CO5")*(O98:Z98)*MOD(COLUMN($O$14:$Z$14)-COLUMN($O$14)+1,2))+ SUMPRODUCT(($P$14:$Z$14="CO5")*(P98:Z98)*MOD(COLUMN($P$14:$Z$14)-COLUMN($P$14)+1,2)) ) -> 0 | AG98: =SUMIF($E$14:$N$14,"CO6",$E$17:$N$17) + IF(O98>0, SUMPRODUCT(($O$14:$Z$14="CO6")*($O$17:$Z$17)*MOD(COLUMN($O$14:$Z$14)-COLUMN($O$14)+1,2))+ SUMPRODUCT(($P$14:$Z$14="CO6")*($P$17:$Z$17)*MOD(COLUMN($P$14:$Z$14)-COLUMN($P$14)+1,2)) ) -> 0 | AH98: =SUM(AB98:AG98) -> 78 | AI98: =AB98/(SUMIF($E$14:$N$14,"CO1",$E$13:$N$13)+SUMPRODUCT(($O$14:$Z$14="CO1")*($O98:$Z98>0)*($O$13:$Z$13)))*100 -> 77.5 | AJ98: =AC98/(SUMIF($E$14:$N$14,"CO2",$E$13:$N$13)+SUMPRODUCT(($O$14:$Z$14="CO2")*($O98:$Z98>0)*($O$13:$Z$13)))*100 -> 75 | AK98: =AD98/(SUMIF($E$14:$N$14,"CO3",$E$13:$N$13)+SUMPRODUCT(($O$14:$Z$14="CO3")*($O98:$Z98>0)*($O$13:$Z$13)))*100 -> 85
A99: 83 | B99: ='STUDENT NAMELIST'!B87 -> 211423243203 | C99: ='STUDENT NAMELIST'!C87 -> 2023PEC AI 183 | D99: ='STUDENT NAMELIST'!D87 -> JOSHIKA RAO O R | E99: 1 | F99: 2 | G99: 2 | H99: 0 | I99: 2 | J99: 2 | K99: 1 | L99: 0 | M99: 0 | N99: 2 | O99: 12 | Q99: 12 | S99: 14 | U99: 15 | W99: 16 | AA99: =SUM(E99,F99,G99,H99,I99,J99,K99,L99,M99,N99,O99,P99,Q99,R99,S99,T99,U99,V99,W99,X99,Y99,Z99) -> 81 | AB99: =SUMIF($E$14:$N$14,"CO1",E99:N99)+IF(O99>=0,SUMPRODUCT(($O$14:$Z$14="CO1")*(O99:Z99)*MOD(COLUMN($O$14:$Z$14)-COLUMN($O$14)+1,2))+SUMPRODUCT(($P$14:$Z$14="CO1")*(P99:Z99)*MOD(COLUMN($P$14:$Z$14)-COLUMN($P$14)+1,2))) -> 29 | AC99: =SUMIF($E$14:$N$14,"CO1",F99:O99)+IF(P99>=0,SUMPRODUCT(($O$14:$Z$14="CO1")*(P99:AA99)*MOD(COLUMN($O$14:$Z$14)-COLUMN($O$14)+1,2))+SUMPRODUCT(($P$14:$Z$14="CO1")*(Q99:AA99)*MOD(COLUMN($P$14:$Z$14)-COLUMN($P$14)+1,2))) -> 32 | AD99: =SUMIF($E$14:$N$14,"CO3",E99:N99)+IF(O99>=0, SUMPRODUCT(($O$14:$Z$14="CO3")*(O99:Z99)*MOD(COLUMN($O$14:$Z$14)-COLUMN($O$14)+1,2))+ SUMPRODUCT(($P$14:$Z$14="CO3")*(P99:Z99)*MOD(COLUMN($P$14:$Z$14)-COLUMN($P$14)+1,2))) -> 18 | AE99: =SUMIF($E$14:$N$14,"CO4",$E$17:$N$17) + IF(O99>=0, SUMPRODUCT(($O$14:$Z$14="CO4")*(O99:Z99)*MOD(COLUMN($O$14:$Z$14)-COLUMN($O$14)+1,2))+ SUMPRODUCT(($P$14:$Z$14="CO4")*(P99:Z99)*MOD(COLUMN($P$14:$Z$14)-COLUMN($P$14)+1,2))) -> 0 | AF99: =SUMIF($E$14:$N$14,"CO5",$E$17:$N$17) + IF(O99>=0, SUMPRODUCT(($O$14:$Z$14="CO5")*(O99:Z99)*MOD(COLUMN($O$14:$Z$14)-COLUMN($O$14)+1,2))+ SUMPRODUCT(($P$14:$Z$14="CO5")*(P99:Z99)*MOD(COLUMN($P$14:$Z$14)-COLUMN($P$14)+1,2)) ) -> 0 | AG99: =SUMIF($E$14:$N$14,"CO6",$E$17:$N$17) + IF(O99>0, SUMPRODUCT(($O$14:$Z$14="CO6")*($O$17:$Z$17)*MOD(COLUMN($O$14:$Z$14)-COLUMN($O$14)+1,2))+ SUMPRODUCT(($P$14:$Z$14="CO6")*($P$17:$Z$17)*MOD(COLUMN($P$14:$Z$14)-COLUMN($P$14)+1,2)) ) -> 0 | AH99: =SUM(AB99:AG99) -> 79 | AI99: =AB99/(SUMIF($E$14:$N$14,"CO1",$E$13:$N$13)+SUMPRODUCT(($O$14:$Z$14="CO1")*($O99:$Z99>0)*($O$13:$Z$13)))*100 -> 72.5 | AJ99: =AC99/(SUMIF($E$14:$N$14,"CO2",$E$13:$N$13)+SUMPRODUCT(($O$14:$Z$14="CO2")*($O99:$Z99>0)*($O$13:$Z$13)))*100 -> 80 | AK99: =AD99/(SUMIF($E$14:$N$14,"CO3",$E$13:$N$13)+SUMPRODUCT(($O$14:$Z$14="CO3")*($O99:$Z99>0)*($O$13:$Z$13)))*100 -> 90
A100: 84 | B100: ='STUDENT NAMELIST'!B88 -> 211423243204 | C100: ='STUDENT NAMELIST'!C88 -> 2023PEC AI 184 | D100: ='STUDENT NAMELIST'!D88 -> JOY PRAISY E | E100: 1 | F100: 2 | G100: 2 | H100: 2 | I100: 1 | J100: 0 | K100: 0 | L100: 1 | M100: 1 | N100: 0 | O100: 16 | P100: 0 | Q100: 0 | R100: 16 | S100: 14 | T100: 0 | U100: 16 | V100: 0 | W100: 0 | X100: 13 | AA100: =SUM(E100,F100,G100,H100,I100,J100,K100,L100,M100,N100,O100,P100,Q100,R100,S100,T100,U100,V100,W100,X100,Y100,Z100) -> 85 | AB100: =SUMIF($E$14:$N$14,"CO1",E100:N100)+IF(O100>=0,SUMPRODUCT(($O$14:$Z$14="CO1")*(O100:Z100)*MOD(COLUMN($O$14:$Z$14)-COLUMN($O$14)+1,2))+SUMPRODUCT(($P$14:$Z$14="CO1")*(P100:Z100)*MOD(COLUMN($P$14:$Z$14)-COLUMN($P$14)+1,2))) -> 39 | AC100: =SUMIF($E$14:$N$14,"CO1",F100:O100)+IF(P100>=0,SUMPRODUCT(($O$14:$Z$14="CO1")*(P100:AA100)*MOD(COLUMN($O$14:$Z$14)-COLUMN($O$14)+1,2))+SUMPRODUCT(($P$14:$Z$14="CO1")*(Q100:AA100)*MOD(COLUMN($P$14:$Z$14)-COLUMN($P$14)+1,2))) -> 37 | AD100: =SUMIF($E$14:$N$14,"CO3",E100:N100)+IF(O100>=0, SUMPRODUCT(($O$14:$Z$14="CO3")*(O100:Z100)*MOD(COLUMN($O$14:$Z$14)-COLUMN($O$14)+1,2))+ SUMPRODUCT(($P$14:$Z$14="CO3")*(P100:Z100)*MOD(COLUMN($P$14:$Z$14)-COLUMN($P$14)+1,2))) -> 14 | AE100: =SUMIF($E$14:$N$14,"CO4",$E$17:$N$17) + IF(O100>=0, SUMPRODUCT(($O$14:$Z$14="CO4")*(O100:Z100)*MOD(COLUMN($O$14:$Z$14)-COLUMN($O$14)+1,2))+ SUMPRODUCT(($P$14:$Z$14="CO4")*(P100:Z100)*MOD(COLUMN($P$14:$Z$14)-COLUMN($P$14)+1,2))) -> 0 | AF100: =SUMIF($E$14:$N$14,"CO5",$E$17:$N$17) + IF(O100>=0, SUMPRODUCT(($O$14:$Z$14="CO5")*(O100:Z100)*MOD(COLUMN($O$14:$Z$14)-COLUMN($O$14)+1,2))+ SUMPRODUCT(($P$14:$Z$14="CO5")*(P100:Z100)*MOD(COLUMN($P$14:$Z$14)-COLUMN($P$14)+1,2)) ) -> 0 | AG100: =SUMIF($E$14:$N$14,"CO6",$E$17:$N$17) + IF(O100>0, SUMPRODUCT(($O$14:$Z$14="CO6")*($O$17:$Z$17)*MOD(COLUMN($O$14:$Z$14)-COLUMN($O$14)+1,2))+ SUMPRODUCT(($P$14:$Z$14="CO6")*($P$17:$Z$17)*MOD(COLUMN($P$14:$Z$14)-COLUMN($P$14)+1,2)) ) -> 0 | AH100: =SUM(AB100:AG100) -> 90 | AI100: =AB100/(SUMIF($E$14:$N$14,"CO1",$E$13:$N$13)+SUMPRODUCT(($O$14:$Z$14="CO1")*($O100:$Z100>0)*($O$13:$Z$13)))*100 -> 97.5 | AJ100: =AC100/(SUMIF($E$14:$N$14,"CO2",$E$13:$N$13)+SUMPRODUCT(($O$14:$Z$14="CO2")*($O100:$Z100>0)*($O$13:$Z$13)))*100 -> 92.5 | AK100: =AD100/(SUMIF($E$14:$N$14,"CO3",$E$13:$N$13)+SUMPRODUCT(($O$14:$Z$14="CO3")*($O100:$Z100>0)*($O$13:$Z$13)))*100 -> 70
A101: 85 | B101: ='STUDENT NAMELIST'!B89 -> 211423243206 | C101: ='STUDENT NAMELIST'!C89 -> 2023PEC AI 185 | D101: ='STUDENT NAMELIST'!D89 -> KALAIMAGAL S | E101: 2 | F101: 0 | G101: 2 | H101: 2 | I101: 1 | J101: 1 | K101: 0 | L101: 0 | M101: 2 | N101: 0 | P101: 11 | R101: 14 | T101: 14 | V101: 16 | W101: 14 | AA101: =SUM(E101,F101,G101,H101,I101,J101,K101,L101,M101,N101,O101,P101,Q101,R101,S101,T101,U101,V101,W101,X101,Y101,Z101) -> 79 | AB101: =SUMIF($E$14:$N$14,"CO1",E101:N101)+IF(O101>=0,SUMPRODUCT(($O$14:$Z$14="CO1")*(O101:Z101)*MOD(COLUMN($O$14:$Z$14)-COLUMN($O$14)+1,2))+SUMPRODUCT(($P$14:$Z$14="CO1")*(P101:Z101)*MOD(COLUMN($P$14:$Z$14)-COLUMN($P$14)+1,2))) -> 31 | AC101: =SUMIF($E$14:$N$14,"CO1",F101:O101)+IF(P101>=0,SUMPRODUCT(($O$14:$Z$14="CO1")*(P101:AA101)*MOD(COLUMN($O$14:$Z$14)-COLUMN($O$14)+1,2))+SUMPRODUCT(($P$14:$Z$14="CO1")*(Q101:AA101)*MOD(COLUMN($P$14:$Z$14)-COLUMN($P$14)+1,2))) -> 30 | AD101: =SUMIF($E$14:$N$14,"CO3",E101:N101)+IF(O101>=0, SUMPRODUCT(($O$14:$Z$14="CO3")*(O101:Z101)*MOD(COLUMN($O$14:$Z$14)-COLUMN($O$14)+1,2))+ SUMPRODUCT(($P$14:$Z$14="CO3")*(P101:Z101)*MOD(COLUMN($P$14:$Z$14)-COLUMN($P$14)+1,2))) -> 16 | AE101: =SUMIF($E$14:$N$14,"CO4",$E$17:$N$17) + IF(O101>=0, SUMPRODUCT(($O$14:$Z$14="CO4")*(O101:Z101)*MOD(COLUMN($O$14:$Z$14)-COLUMN($O$14)+1,2))+ SUMPRODUCT(($P$14:$Z$14="CO4")*(P101:Z101)*MOD(COLUMN($P$14:$Z$14)-COLUMN($P$14)+1,2))) -> 0 | AF101: =SUMIF($E$14:$N$14,"CO5",$E$17:$N$17) + IF(O101>=0, SUMPRODUCT(($O$14:$Z$14="CO5")*(O101:Z101)*MOD(COLUMN($O$14:$Z$14)-COLUMN($O$14)+1,2))+ SUMPRODUCT(($P$14:$Z$14="CO5")*(P101:Z101)*MOD(COLUMN($P$14:$Z$14)-COLUMN($P$14)+1,2)) ) -> 0 | AG101: =SUMIF($E$14:$N$14,"CO6",$E$17:$N$17) + IF(O101>0, SUMPRODUCT(($O$14:$Z$14="CO6")*($O$17:$Z$17)*MOD(COLUMN($O$14:$Z$14)-COLUMN($O$14)+1,2))+ SUMPRODUCT(($P$14:$Z$14="CO6")*($P$17:$Z$17)*MOD(COLUMN($P$14:$Z$14)-COLUMN($P$14)+1,2)) ) -> 0 | AH101: =SUM(AB101:AG101) -> 77 | AI101: =AB101/(SUMIF($E$14:$N$14,"CO1",$E$13:$N$13)+SUMPRODUCT(($O$14:$Z$14="CO1")*($O101:$Z101>0)*($O$13:$Z$13)))*100 -> 77.5 | AJ101: =AC101/(SUMIF($E$14:$N$14,"CO2",$E$13:$N$13)+SUMPRODUCT(($O$14:$Z$14="CO2")*($O101:$Z101>0)*($O$13:$Z$13)))*100 -> 75 | AK101: =AD101/(SUMIF($E$14:$N$14,"CO3",$E$13:$N$13)+SUMPRODUCT(($O$14:$Z$14="CO3")*($O101:$Z101>0)*($O$13:$Z$13)))*100 -> 80
...

