Workbook

Sheet COURSE ASSESSMENT
A1: PANIMALAR ENGINEERING COLLEGE
A3: Department of AI&DS
A4: Course Assessment Work Sheet
A6: SUBJECT NAME | B6: FORMAL LANGUAGES AND AUTOMATA THEORY | L6: Threshold | M6: Level 1 | N6: 60% students scoring more than threshold
A7: SUBJECT CODE | B7: 23AD1501 | L7: 60 | M7: Level 2 | N7: 70% students scoring more than threshold
A8: COURSE CODE | B8: C301 | M8: Level 3 | N8: 80% students scoring more than threshold
A9: YEAR / SEM | B9: III/V
A10: BATCH | B10: 2023-2027
A11: ACADEMIC YEAR | B11: 2025 - 2026
A12: THRESHOLD | B12: 60
A16: Upon Successful Completion of this Course, Students will be able to
A18: CO1 | B18: Recall definitions and basic components of automata, grammars, and languages.
A19: CO2 | B19: Summarize how different automata models operate and relate to each other and regular expressions used to represent regular languages.
A20: CO3 | B20: Construct automata, grammars, or machines for specified languages and patterns and apply pumping lemma, and minimization methods to determine language regularity.
A21: CO4 | B21: Compare, prove, Closure properties of languages and automata models and reframe grammars into normal forms
A22: CO5 | B22: Judge the decidability, complexity, or equivalence of computational problems and models.
A23: CO6 | B23: Design automata, grammars, or machines to solve advanced language recognition problems.
A26: Program Outcomes
A28: 1 | B28: PO1: Engineering Knowledge Apply knowledge of mathematics, natural science, computing, engineering fundamentals and an engineering specialization as specified in WK1 to WK4 respectively to develop to the solution of complex engineering problems.
A29: 2 | B29: PO2: Problem Analysis Identify, formulate, review research literature and analyze complex engineering problems reaching substantiated conclusions with consideration for sustainable development. (WK1 to WK4)
A30: 3 | B30: PO3: Design/Development of Solutions Design creative solutions for complex engineering problems and design/develop systems/components/processes to meet identified needs with consideration for the public health and safety, whole-life cost, net zero carbon, culture, society and environment as required. (WK5)
A31: 4 | B31: PO4: Conduct Investigations of Complex Problems Conduct investigations of complex engineering problems using research-based knowledge including design of experiments, modelling, analysis & interpretation of data to provide valid conclusions. (WK8).
A32: 5 | B32: PO5: Engineering Tool Usage Create, select and apply appropriate techniques, resources and modern engineering & IT tools, including prediction and modelling recognizing their limitations to solve complex engineering problems. (WK2 and WK6)
A33: 6 | B33: PO6: The Engineer and the World Analyze and evaluate societal and environmental aspects while solving complex engineering problems for its impact on sustainability with reference to economy, health, safety, legal framework, culture and environment. (WK1, WK5 and WK7).
A34: 7 | B34: PO7: Ethics Apply ethical principles and commit to professional ethics, human values, diversity and inclusion; adhere to national & international laws. (WK9).
A35: 8 | B35: PO8: Individual and Collaborative Team Work Function effectively as an individual, and as a member or leader in diverse/multi-disciplinary teams.
A36: 9 | B36: PO9: Communication Communicate effectively and inclusively within the engineering community and society at large, such as being able to comprehend and write effective reports and design documentation, make effective presentations considering cultural, language, and learning differences.
A37: 10 | B37: PO10: Project Management and Finance Apply knowledge and understanding of engineering management principles and economic decision-making and apply these to one’s own work, as a member and leader in a team, and to manage projects and in multidisciplinary environments.
A38: 11 | B38: PO11: Life-Long Learning Recognize the need for, and have the preparation and ability for i) independent and life-long learning ii) adaptability to new and emerging technologies and iii) critical thinking in the broadest context of technological change. (WK8) .
A42: Program Specific Outcomes
A44: 1 | B44: PSO 1 : AI Driven Innovation Graduates should be able to evolve AI based efficient domain specific processes for effective decision making in several domains such as business and governance domains.
A45: 2 | B45: PSO 2 : Data-Driven Decision Making Insight Graduates should be able to arrive at actionable fore sight, insight, hind sight from data for solving business and engineering problems.
A46: 3 | B46: PSO 3 : Societal Intelligence Solutions Graduates should be able to create, select and apply the theoretical knowledge of AI and Data Analytics along with practical industrial tools and techniques to manage and solve wicked societal problems.
A50: CO - PO Matrix
A52: CO | B52: PO1 | C52: PO2 | D52: PO3 | E52: PO4 | F52: PO5 | G52: PO6 | H52: PO7 | I52: PO8 | J52: PO9 | K52: PO10 | L52: PO11 | M52: PSO1 | O52: PSO2 | Q52: PSO3
A53: C301.1 | B53: 3 | C53: 1 | D53: 1 | E53: 1 | F53: 1 | G53: 1 | H53: 1 | I53: 1 | J53: 1 | K53: 1 | L53: 1 | M53: 0 | O53: 1 | Q53: 1
A54: C301.2 | B54: 3 | C54: 1 | D54: 1 | E54: 1 | F54: 1 | G54: 1 | H54: 1 | I54: 1 | J54: 1 | K54: 1 | L54: 1 | M54: 1 | O54: 1 | Q54: 1
A55: C301.3 | B55: 3 | C55: 3 | D55: 1 | E55: 1 | F55: 1 | G55: 1 | H55: 1 | I55: 1 | J55: 1 | K55: 1 | L55: 1 | M55: 1 | O55: 1 | Q55: 1
A56: C301.4 | B56: 3 | C56: 3 | D56: 1 | E56: 2 | F56: 1 | G56: 1 | H56: 0 | I56: 1 | J56: 1 | K56: 1 | L56: 1 | M56: 1 | O56: 1 | Q56: 1
A57: C301.5 | B57: 1 | C57: 2 | D57: 1 | E57: 1 | F57: 1 | G57: 1 | H57: 1 | I57: 1 | J57: 1 | K57: 1 | L57: 1 | M57: 1 | O57: 1 | Q57: 1
A58: C301.6 | B58: 1 | C58: 1 | D58: 2 | E58: 1 | F58: 1 | G58: 1 | H58: 1 | I58: 1 | J58: 1 | K58: 1 | L58: 1 | M58: 1 | O58: 1 | Q58: 1
A59: C301.AVG | B59: =IFERROR(AVERAGEIF(B53:B58,"<>"),"") -> 2.3333333 | C59: =IFERROR(AVERAGEIF(C53:C58,"<>"),"") -> 1.8333333 | D59: =IFERROR(AVERAGEIF(D53:D58,"<>"),"") -> 1.1666667 | E59: =IFERROR(AVERAGEIF(E53:E58,"<>"),"") -> 1.1666667 | F59: =IFERROR(AVERAGEIF(F53:F58,"<>"),"") -> 1 | G59: =IFERROR(AVERAGEIF(G53:G58,"<>"),"") -> 1 | H59: =IFERROR(AVERAGEIF(H53:H58,"<>"),"") -> 0.83333333 | I59: =IFERROR(AVERAGEIF(I53:I58,"<>"),"") -> 1 | ... Q59: =IFERROR(AVERAGEIF(Q53:Q58,"<>"),"") -> 1
A63: Tools used to assess course outcomes | K63: Unit Tests | L63: COs covered
A64: CO | B64: CO1 | C64: CO2 | D64: CO3 | E64: CO4 | F64: CO5 | G64: CO6 | K64: Unit Test 1 | L64: CO 1 | M64: CO 2
A65: INTERNAL 1 | B65: * | C65: * | K65: Unit Test 2 | L65: CO 2 | M65: CO 3 | O65: CO 4
A66: INTERNAL 2 | D66: * | E66: * | G66: * | K66: Unit Test 3 | L66: CO 3 | M66: CO 4 | N66: CO4
A67: TUTORIAL 1 | B67: * | K67: Unit Test 4 | L67: CO 2 | M67: CO 3 | O67: CO 4
A68: TURORIAL 2 | C68: * | K68: Unit Test 5 | L68: CO 5 | M68: CO 6
A69: ASSIGNMENT 1 | E69: *
A70: ASSIGNMENT 2 | F70: *
A71: Seminar

Sheet STUDENT NAMELIST
A1: PANIMALAR ENGINEERING COLLEGE
A2: STUDENTS NAMELIST
A3: S.NO | B3: REG.NO | C3: ROLL.NO | D3: STUDENT NAME
A5: 1 | B5: 2023PEC AI 541 | C5: 211423243001 | D5: AATHISUDHAN A
A6: 2 | B6: 2023PEC AI 542 | C6: 211423243002 | D6: ABESHEK SRIRAMN
A7: 3 | B7: 2023PEC AI 101 | C7: 211423243003 | D7: ABINAYA M
A8: 4 | B8: 2023PEC AI 543 | C8: 211423243004 | D8: ABINESH KUMAR T
A9: 5 | B9: 2023PEC AI 102 | C9: 211423243005 | D9: ABIRAMI A
A10: 6 | B10: 2023PEC AI 103 | C10: 211423243006 | D10: ABIRAMI G
A11: 7 | B11: 2023PEC AI 544 | C11: 211423243007 | D11: ABISHAI SINGH J
A12: 8 | B12: 2023PEC AI 545 | C12: 211423243008 | D12: ABISHEK RANGARAJ M
A13: 9 | B13: 2023PEC AI 104 | C13: 211423243009 | D13: ABITHA R D
A14: 10 | B14: 2023PEC AI 546 | C14: 211423243010 | D14: ABRAHAM S J
A15: 11 | B15: 2023PEC AI 105 | C15: 211423243011 | D15: ADELINE JERUSHA AUGUSTINE
A16: 12 | B16: 2023PEC AI 547 | C16: 211423243012 | D16: ADHINARAYANAN A
... A500: 496 | B500: 2023PEC AI 282 | C500: 211423243504 | D500: YUVASRI V
A501: 497 | C501: 211423243901 | D501: ALDRIN DENISTON N
A502: 498 | C502: 211423243902 | D502: DIYANATH K
A503: 499 | C503: 211423243903 | D503: KAVIVARSHINI G
A504: 500 | C504: 211423243904 | D504: KEERTHIVASAN S
A505: 501 | C505: 211423243905 | D505: KRISHNA AKSHAI M
A506: 502 | C506: 211423243906 | D506: NIRANJAN N
A507: 503 | C507: 211423243907 | D507: PRASANTH N

Sheet INTERNAL - I
A1: SUBJECT NAME | C1: OBJECT ORIENTED PROGRAMMING PARADIGM | E1: =IF(E14="NA",1,0) -> 0 | F1: =IF(F14="NA",1,0) -> 0 | G1: =IF(G14="NA",1,0) -> 0 | H1: =IF(H14="NA",1,0) -> 0 | J1: =IF(J14="NA",1,0) -> 0 | K1: =IF(K14="NA",1,0) -> 0 | L1: =IF(L14="NA",1,0) -> 0 | M1: =IF(M14="NA",1,0) -> 0 | O1: =IF(O14="NA",1,0) -> 0 | P1: =IF(P14="NA",1,0) -> 0 | Q1: =IF(Q14="NA",1,0) -> 0 | R1: =IF(R14="NA",1,0) -> 0 | S1: =IF(S14="NA",1,0) -> 0 | T1: =IF(T14="NA",1,0) -> 0 | U1: =IF(U14="NA",1,0) -> 0 | V1: =IF(V14="NA",1,0) -> 0 | ... Z1: =IF(Z14="NA",1,0) -> 0
A2: SUBJECT CODE | C2: 21AD1303 | D2: COURSE CODE | E2: 0
A3: YEAR / SEM | C3: II / III | D3: BATCH | E3: 2022-26
A4: ACADEMIC YEAR | C4: 2023-24
A5: FACULTY NAME(S) | C5: MRS.J.ANITHA,MRS.S.SRINIDHI,Dr.S.HEMAMALINI
A6: REGULATION | C6: 0 | E6: INTERNAL ASSESSMENT - I
A7: PANIMALAR ENGINEERING COLLEGE
A8: ACEDAMIC YEAR: | E8: ='COURSE ASSESSMENT'!$B$6 -> FORMAL LANGUAGES AND AUTOMATA THEORY | H8: INTERNAL - I RESULT | AA8: INT-I TOTAL
A9: Sl. No | B9: ROLL NO. | C9: REG NO. | D9: QUESTION NUMBER >> | E9: PART A
E10: Q. No.1 | F10: Q. No.2 | G10: Q. No.3 | H10: Q. No. 4 | I10: Q. No. 5 | J10: Q. No. 6 | K10: Q. No. 7 | L10: Q. No. 8 | M10: Q. No. 9 | N10: Q. No. 10 | O10: Q. No. 11 | Q10: Q. No. 12 | S10: Q. No. 13 | U10: Q. No. 14 | W10: Q. No. 15 | Y10: Q. No. 16 | AA10: PART - A | AB10: =SUMIF($E$14:$N$14,"CO1",$E$13:$N$13) -> 6 | AC10: =SUMIF($E$14:$N$14,"CO2",$E$13:$N$13) -> 10 | AD10: =SUMIF($E$14:$N$14,"CO3",$E$13:$N$13) -> 4 | AE10: =SUMIF($E$14:$N$14,"CO4",$E$13:$N$13) -> 0 | AF10: =SUMIF($E$14:$N$14,"CO5",$E$13:$N$13) -> 0 | AG10: =SUMIF($E$14:$N$14,"CO6",$E$13:$N$13) -> 0
AA11: PART-B (a) | AB11: =SUMPRODUCT(($O$14:$Z$14="CO1")*($O$13:$Z$13)*MOD(COLUMN($O$14:$Z$14)-COLUMN($O$14)+1,2)) -> 0 | AC11: =SUMPRODUCT(($O$14:$Z$14="CO2")*($O$13:$Z$13)*MOD(COLUMN($O$14:$Z$14)-COLUMN($O$14)+1,2)) -> 13 | AD11: =SUMPRODUCT(($O$14:$Z$14="CO3")*($O$13:$Z$13)*MOD(COLUMN($O$14:$Z$14)-COLUMN($O$14)+1,2)) -> 26 | AE11: =SUMPRODUCT(($O$14:$Z$14="CO4")*($O$13:$Z$13)*MOD(COLUMN($O$14:$Z$14)-COLUMN($O$14)+1,2)) -> 13 | AF11: =SUMPRODUCT(($O$14:$Z$14="CO5")*($O$13:$Z$13)*MOD(COLUMN($O$14:$Z$14)-COLUMN($O$14)+1,2)) -> 28 | AG11: =SUMPRODUCT(($O$14:$Z$14="CO6")*($O$13:$Z$13)*MOD(COLUMN($O$14:$Z$14)-COLUMN($O$14)+1,2)) -> 0
O12: 11.a | P12: 11.b | Q12: 12.a | R12: 12.b | S12: 13.a | T12: 13.b | U12: 14.a | V12: 14.b | W12: 15 a | X12: 15 b | Y12: 16.a | Z12: 16.b | AA12: PART-B (b) | AB12: =SUMPRODUCT(($P$14:$Z$14="CO1")*($P$13:$Z$13)*MOD(COLUMN($P$14:$Z$14)-COLUMN($P$14)+1,2)) -> 0 | AC12: =SUMPRODUCT(($P$14:$Z$14="CO2")*($P$13:$Z$13)*MOD(COLUMN($P$14:$Z$14)-COLUMN($P$14)+1,2)) -> 0 | AD12: =SUMPRODUCT(($P$14:$Z$14="CO3")*($P$13:$Z$13)*MOD(COLUMN($P$14:$Z$14)-COLUMN($P$14)+1,2)) -> 26 | AE12: =SUMPRODUCT(($P$14:$Z$14="CO4")*($P$13:$Z$13)*MOD(COLUMN($P$14:$Z$14)-COLUMN($P$14)+1,2)) -> 26 | AF12: =SUMPRODUCT(($P$14:$Z$14="CO5")*($P$13:$Z$13)*MOD(COLUMN($P$14:$Z$14)-COLUMN($P$14)+1,2)) -> 28 | AG12: =SUMPRODUCT(($P$14:$Z$14="CO6")*($P$13:$Z$13)*MOD(COLUMN($P$14:$Z$14)-COLUMN($P$14)+1,2)) -> 0
D13: MAXIMUM MARK >> | E13: 2 | F13: 2 | G13: 2 | H13: 2 | I13: 2 | J13: 2 | K13: 2 | L13: 2 | M13: 2 | N13: 2 | O13: 13 | P13: 13 | Q13: 13 | R13: 13 | S13: 13 | T13: 13 | U13: 13 | V13: 13 | W13: 13 | X13: 13 | Y13: 15 | Z13: 15 | AA13: 100 | AH13: TOTAL (100)
D14: COURSE OUTCOME >> | E14: CO2 | F14: CO1 | G14: CO2 | H14: CO2 | I14: CO3 | J14: CO2 | K14: CO1 | L14: CO1 | M14: CO3 | N14: CO2 | O14: CO3 | P14: CO3 | Q14: CO3 | R14: CO3 | S14: CO4 | T14: CO4 | U14: CO2 | V14: CO4 | W14: CO5 | X14: CO5 | Y14: CO5 | Z14: CO5 | AB14: CO1 | AC14: CO2 | AD14: CO3 | AE14: CO4 | AF14: CO5 | AG14: CO6 | AI14: CO1% | AJ14: CO2% | AK14: CO3% | AL14: CO4% | AM14: CO5% | AN14: CO6%
D15: STUDENT NAME | AB15: =SUMIF($E$14:$Z$14,"CO1",$E$13:$Z$13) -> 6 | AC15: =SUMIF($E$14:$Z$14,"CO2",$E$13:$Z$13) -> 23 | AD15: =SUMIF($E$14:$Z$14,"CO3",$E$13:$Z$13) -> 56 | AE15: =SUMIF($E$14:$Z$14,"CO4",$E$13:$Z$13) -> 39 | AF15: =SUMIF($E$14:$Z$14,"CO5",$E$13:$Z$13) -> 56 | AG15: =SUMIF($E$14:$Z$14,"CO6",$E$13:$Z$13) -> 0
A17: 1 | B17: ='STUDENT NAMELIST'!B5 -> 2023PEC AI 541 | C17: ='STUDENT NAMELIST'!C5 -> 211423243001 | D17: ='STUDENT NAMELIST'!D5 -> AATHISUDHAN A | E17: 2 | F17: 2 | G17: 2 | H17: 2 | I17: 2 | J17: 2 | K17: 2 | L17: 2 | M17: 2 | N17: 0 | O17: 13 | P17: 0 | Q17: 0 | R17: 13 | S17: 11 | T17: 0 | U17: 13 | V17: 0 | W17: 0 | X17: 8 | Y17: 14 | Z17: 0 | AA17: =SUM(E17,F17,G17,H17,I17,J17,K17,L17,M17,N17,O17,P17,Q17,R17,S17,T17,U17,V17,W17,X17,Y17,Z17) -> 90 | AB17: =SUMIF($E$14:$N$14,"CO1",E17:N17)+IF(O17>=0,SUMPRODUCT(($O$14:$Z$14="CO1")*(O17:Z17)*MOD(COLUMN($O$14:$Z$14)-COLUMN($O$14)+1,2))+SUMPRODUCT(($P$14:$Z$14="CO1")*(P17:Z17)*MOD(COLUMN($P$14:$Z$14)-COLUMN($P$14)+1,2))) -> 6 | AC17: =SUMIF($E$14:$N$14,"CO2",E17:N17)+IF(O17>=0,SUMPRODUCT(($O$14:$Z$14="CO2")*(O17:Z17)*MOD(COLUMN($O$14:$Z$14)-COLUMN($O$14)+1,2))+SUMPRODUCT(($P$14:$Z$14="CO2")*(Q17:AA17)*MOD(COLUMN($P$14:$Z$14)-COLUMN($P$14)+1,2))) -> 21 | AD17: =SUMIF($E$14:$N$14,"CO3",E17:N17)+IF(O17>=0, SUMPRODUCT(($O$14:$Z$14="CO3")*(O17:Z17)*MOD(COLUMN($O$14:$Z$14)-COLUMN($O$14)+1,2))+ SUMPRODUCT(($P$14:$Z$14="CO3")*(P17:Z17)*MOD(COLUMN($P$14:$Z$14)-COLUMN($P$14)+1,2))) -> 30 | AE17: =SUMIF($E$14:$N$14,"CO4",$E$17:$N$17) + IF(O17>=0, SUMPRODUCT(($O$14:$Z$14="CO4")*(O17:Z17)*MOD(COLUMN($O$14:$Z$14)-COLUMN($O$14)+1,2))+ SUMPRODUCT(($P$14:$Z$14="CO4")*(P17:Z17)*MOD(COLUMN($P$14:$Z$14)-COLUMN($P$14)+1,2))) -> 11 | AF17: =SUMIF($E$14:$N$14,"CO5",$E$17:$N$17) + IF(O17>=0, SUMPRODUCT(($O$14:$Z$14="CO5")*(O17:Z17)*MOD(COLUMN($O$14:$Z$14)-COLUMN($O$14)+1,2))+ SUMPRODUCT(($P$14:$Z$14="CO5")*(P17:Z17)*MOD(COLUMN($P$14:$Z$14)-COLUMN($P$14)+1,2)) ) -> 22 | AG17: =SUMIF($E$14:$N$14,"CO6",$E$17:$N$17) + IF(O17>0, SUMPRODUCT(($O$14:$Z$14="CO6")*($O$17:$Z$17)*MOD(COLUMN($O$14:$Z$14)-COLUMN($O$14)+1,2))+ SUMPRODUCT(($P$14:$Z$14="CO6")*($P$17:$Z$17)*MOD(COLUMN($P$14:$Z$14)-COLUMN($P$14)+1,2)) ) -> 0 | AH17: =SUM(AB17:AG17) -> 90 | AI17: =AB17/(SUMIF($E$14:$N$14,"CO1",$E$13:$N$13)+SUMPRODUCT(($O$14:$Z$14="CO1")*($O17:$Z17>0)*($O$13:$Z$13)))*100 -> 100 | AJ17: =AC17/(SUMIF($E$14:$N$14,"CO2",$E$13:$N$13)+SUMPRODUCT(($O$14:$Z$14="CO2")*($O17:$Z17>0)*($O$13:$Z$13)))*100 -> 91.304348 | AK17: =AD17/(SUMIF($E$14:$N$14,"CO3",$E$13:$N$13)+SUMPRODUCT(($O$14:$Z$14="CO3")*($O17:$Z17>0)*($O$13:$Z$13)))*100 -> 100 | AL17: =AE17/(SUMIF($E$14:$N$14,"CO4",$E$13:$N$13)+SUMPRODUCT(($O$14:$Z$14="CO4")*($O17:$Z17>0)*($O$13:$Z$13)))*100 -> 84.615385 | AM17: =AF17/(SUMIF($E$14:$N$14,"CO5",$E$13:$N$13)+SUMPRODUCT(($O$14:$Z$14="CO5")*($O17:$Z17>0)*($O$13:$Z$13)))*100 -> 78.571429 | AN17: =AG17/(SUMIF($E$14:$N$14,"CO5",$E$13:$N$13)+SUMPRODUCT(($O$14:$Z$14="CO5")*($O17:$Z17>0)*($O$13:$Z$13)))*100 -> 0
A18: 2 | B18: ='STUDENT NAMELIST'!B6 -> 2023PEC AI 542 | C18: ='STUDENT NAMELIST'!C6 -> 211423243002 | D18: ='STUDENT NAMELIST'!D6 -> ABESHEK SRIRAMN | E18: 2 | F18: 2 | G18: 2 | H18: 2 | I18: 2 | J18: 2 | K18: 2 | L18: 0 | M18: 0 | N18: 0 | O18: 0 | P18: 10 | Q18: 10 | R18: 0 | S18: 0 | T18: 10 | U18: 0 | V18: 10 | W18: 5 | X18: 0 | Y18: 0 | Z18: 11 | AA18: =SUM(E18,F18,G18,H18,I18,J18,K18,L18,M18,N18,O18,P18,Q18,R18,S18,T18,U18,V18,W18,X18,Y18,Z18) -> 70 | AB18: =SUMIF($E$14:$N$14,"CO1",E18:N18)+IF(O18>=0,SUMPRODUCT(($O$14:$Z$14="CO1")*(O18:Z18)*MOD(COLUMN($O$14:$Z$14)-COLUMN($O$14)+1,2))+SUMPRODUCT(($P$14:$Z$14="CO1")*(P18:Z18)*MOD(COLUMN($P$14:$Z$14)-COLUMN($P$14)+1,2))) -> 4 | AC18: =SUMIF($E$14:$N$14,"CO2",E18:N18)+IF(O18>=0,SUMPRODUCT(($O$14:$Z$14="CO2")*(O18:Z18)*MOD(COLUMN($O$14:$Z$14)-COLUMN($O$14)+1,2))+SUMPRODUCT(($P$14:$Z$14="CO2")*(Q18:AA18)*MOD(COLUMN($P$14:$Z$14)-COLUMN($P$14)+1,2))) -> 8 | AD18: =SUMIF($E$14:$N$14,"CO3",E18:N18)+IF(O18>=0, SUMPRODUCT(($O$14:$Z$14="CO3")*(O18:Z18)*MOD(COLUMN($O$14:$Z$14)-COLUMN($O$14)+1,2))+ SUMPRODUCT(($P$14:$Z$14="CO3")*(P18:Z18)*MOD(COLUMN($P$14:$Z$14)-COLUMN($P$14)+1,2))) -> 22 | AE18: =SUMIF($E$14:$N$14,"CO4",$E$17:$N$17) + IF(O18>=0, SUMPRODUCT(($O$14:$Z$14="CO4")*(O18:Z18)*MOD(COLUMN($O$14:$Z$14)-COLUMN($O$14)+1,2))+ SUMPRODUCT(($P$14:$Z$14="CO4")*(P18:Z18)*MOD(COLUMN($P$14:$Z$14)-COLUMN($P$14)+1,2))) -> 20 | AF18: =SUMIF($E$14:$N$14,"CO5",$E$17:$N$17) + IF(O18>=0, SUMPRODUCT(($O$14:$Z$14="CO5")*(O18:Z18)*MOD(COLUMN($O$14:$Z$14)-COLUMN($O$14)+1,2))+ SUMPRODUCT(($P$14:$Z$14="CO5")*(P18:Z18)*MOD(COLUMN($P$14:$Z$14)-COLUMN($P$14)+1,2)) ) -> 16 | AG18: =SUMIF($E$14:$N$14,"CO6",$E$17:$N$17) + IF(O18>0, SUMPRODUCT(($O$14:$Z$14="CO6")*($O$17:$Z$17)*MOD(COLUMN($O$14:$Z$14)-COLUMN($O$14)+1,2))+ SUMPRODUCT(($P$14:$Z$14="CO6")*($P$17:$Z$17)*MOD(COLUMN($P$14:$Z$14)-COLUMN($P$14)+1,2)) ) -> 0 | AH18: =SUM(AB18:AG18) -> 70 | AI18: =AB18/(SUMIF($E$14:$N$14,"CO1",$E$13:$N$13)+SUMPRODUCT(($O$14:$Z$14="CO1")*($O18:$Z18>0)*($O$13:$Z$13)))*100 -> 66.666667 | AJ18: =AC18/(SUMIF($E$14:$N$14,"CO2",$E$13:$N$13)+SUMPRODUCT(($O$14:$Z$14="CO2")*($O18:$Z18>0)*($O$13:$Z$13)))*100 -> 80 | AK18: =AD18/(SUMIF($E$14:$N$14,"CO3",$E$13:$N$13)+SUMPRODUCT(($O$14:$Z$14="CO3")*($O18:$Z18>0)*($O$13:$Z$13)))*100 -> 73.333333 | AL18: =AE18/(SUMIF($E$14:$N$14,"CO4",$E$13:$N$13)+SUMPRODUCT(($O$14:$Z$14="CO4")*($O18:$Z18>0)*($O$13:$Z$13)))*100 -> 76.923077 | AM18: =AF18/(SUMIF($E$14:$N$14,"CO5",$E$13:$N$13)+SUMPRODUCT(($O$14:$Z$14="CO5")*($O18:$Z18>0)*($O$13:$Z$13)))*100 -> 57.142857 | AN18: =AG18/(SUMIF($E$14:$N$14,"CO5",$E$13:$N$13)+SUMPRODUCT(($O$14:$Z$14="CO5")*($O18:$Z18>0)*($O$13:$Z$13)))*100 -> 0
A19: 3 | B19: ='STUDENT NAMELIST'!B7 -> 2023PEC AI 101 | C19: ='STUDENT NAMELIST'!C7 -> 211423243003 | D19: ='STUDENT NAMELIST'!D7 -> ABINAYA M | E19: 2 | F19: 2 | G19: 2 | H19: 2 | I19: 2 | J19: 2 | K19: 2 | L19: 2 | M19: 1 | N19: 0 | O19: 12 | P19: 0 | Q19: 0 | R19: 12 | S19: 11 | T19: 0 | U19: 12 | V19: 0 | W19: 0 | X19: 8 | Y19: 13 | Z19: 0 | AA19: =SUM(E19,F19,G19,H19,I19,J19,K19,L19,M19,N19,O19,P19,Q19,R19,S19,T19,U19,V19,W19,X19,Y19,Z19) -> 85 | AB19: =SUMIF($E$14:$N$14,"CO1",E19:N19)+IF(O19>=0,SUMPRODUCT(($O$14:$Z$14="CO1")*(O19:Z19)*MOD(COLUMN($O$14:$Z$14)-COLUMN($O$14)+1,2))+SUMPRODUCT(($P$14:$Z$14="CO1")*(P19:Z19)*MOD(COLUMN($P$14:$Z$14)-COLUMN($P$14)+1,2))) -> 6 | AC19: =SUMIF($E$14:$N$14,"CO2",E19:N19)+IF(O19>=0,SUMPRODUCT(($O$14:$Z$14="CO2")*(O19:Z19)*MOD(COLUMN($O$14:$Z$14)-COLUMN($O$14)+1,2))+SUMPRODUCT(($P$14:$Z$14="CO2")*(Q19:AA19)*MOD(COLUMN($P$14:$Z$14)-COLUMN($P$14)+1,2))) -> 20 | AD19: =SUMIF($E$14:$N$14,"CO3",E19:N19)+IF(O19>=0, SUMPRODUCT(($O$14:$Z$14="CO3")*(O19:Z19)*MOD(COLUMN($O$14:$Z$14)-COLUMN($O$14)+1,2))+ SUMPRODUCT(($P$14:$Z$14="CO3")*(P19:Z19)*MOD(COLUMN($P$14:$Z$14)-COLUMN($P$14)+1,2))) -> 27 | AE19: =SUMIF($E$14:$N$14,"CO4",$E$17:$N$17) + IF(O19>=0, SUMPRODUCT(($O$14:$Z$14="CO4")*(O19:Z19)*MOD(COLUMN($O$14:$Z$14)-COLUMN($O$14)+1,2))+ SUMPRODUCT(($P$14:$Z$14="CO4")*(P19:Z19)*MOD(COLUMN($P$14:$Z$14)-COLUMN($P$14)+1,2))) -> 11 | AF19: =SUMIF($E$14:$N$14,"CO5",$E$17:$N$17) + IF(O19>=0, SUMPRODUCT(($O$14:$Z$14="CO5")*(O19:Z19)*MOD(COLUMN($O$14:$Z$14)-COLUMN($O$14)+1,2))+ SUMPRODUCT(($P$14:$Z$14="CO5")*(P19:Z19)*MOD(COLUMN($P$14:$Z$14)-COLUMN($P$14)+1,2)) ) -> 21 | AG19: =SUMIF($E$14:$N$14,"CO6",$E$17:$N$17) + IF(O19>0, SUMPRODUCT(($O$14:$Z$14="CO6")*($O$17:$Z$17)*MOD(COLUMN($O$14:$Z$14)-COLUMN($O$14)+1,2))+ SUMPRODUCT(($P$14:$Z$14="CO6")*($P$17:$Z$17)*MOD(COLUMN($P$14:$Z$14)-COLUMN($P$14)+1,2)) ) -> 0 | AH19: =SUM(AB19:AG19) -> 85 | AI19: =AB19/(SUMIF($E$14:$N$14,"CO1",$E$13:$N$13)+SUMPRODUCT(($O$14:$Z$14="CO1")*($O19:$Z19>0)*($O$13:$Z$13)))*100 -> 100 | AJ19: =AC19/(SUMIF($E$14:$N$14,"CO2",$E$13:$N$13)+SUMPRODUCT(($O$14:$Z$14="CO2")*($O19:$Z19>0)*($O$13:$Z$13)))*100 -> 86.956522 | AK19: =AD19/(SUMIF($E$14:$N$14,"CO3",$E$13:$N$13)+SUMPRODUCT(($O$14:$Z$14="CO3")*($O19:$Z19>0)*($O$13:$Z$13)))*100 -> 90 | AL19: =AE19/(SUMIF($E$14:$N$14,"CO4",$E$13:$N$13)+SUMPRODUCT(($O$14:$Z$14="CO4")*($O19:$Z19>0)*($O$13:$Z$13)))*100 -> 84.615385 | AM19: =AF19/(SUMIF($E$14:$N$14,"CO5",$E$13:$N$13)+SUMPRODUCT(($O$14:$Z$14="CO5")*($O19:$Z19>0)*($O$13:$Z$13)))*100 -> 75 | AN19: =AG19/(SUMIF($E$14:$N$14,"CO5",$E$13:$N$13)+SUMPRODUCT(($O$14:$Z$14="CO5")*($O19:$Z19>0)*($O$13:$Z$13)))*100 -> 0
A20: 4 | B20: ='STUDENT NAMELIST'!B8 -> 2023PEC AI 543 | C20: ='STUDENT NAMELIST'!C8 -> 211423243004 | D20: ='STUDENT NAMELIST'!D8 -> ABINESH KUMAR T | E20: 2 | F20: 2 | G20: 2 | H20: 2 | I20: 2 | J20: 2 | K20: 0 | L20: 0 | M20: 0 | N20: 0 | O20: 0 | P20: 8 | Q20: 9 | R20: 0 | S20: 0 | T20: 9 | U20: 0 | V20: 9 | W20: 4 | X20: 0 | Y20: 0 | Z20: 9 | AA20: =SUM(E20,F20,G20,H20,I20,J20,K20,L20,M20,N20,O20,P20,Q20,R20,S20,T20,U20,V20,W20,X20,Y20,Z20) -> 60 | AB20: =SUMIF($E$14:$N$14,"CO1",E20:N20)+IF(O20>=0,SUMPRODUCT(($O$14:$Z$14="CO1")*(O20:Z20)*MOD(COLUMN($O$14:$Z$14)-COLUMN($O$14)+1,2))+SUMPRODUCT(($P$14:$Z$14="CO1")*(P20:Z20)*MOD(COLUMN($P$14:$Z$14)-COLUMN($P$14)+1,2))) -> 2 | AC20: =SUMIF($E$14:$N$14,"CO2",E20:N20)+IF(O20>=0,SUMPRODUCT(($O$14:$Z$14="CO2")*(O20:Z20)*MOD(COLUMN($O$14:$Z$14)-COLUMN($O$14)+1,2))+SUMPRODUCT(($P$14:$Z$14="CO2")*(Q20:AA20)*MOD(COLUMN($P$14:$Z$14)-COLUMN($P$14)+1,2))) -> 8 | AD20: =SUMIF($E$14:$N$14,"CO3",E20:N20)+IF(O20>=0, SUMPRODUCT(($O$14:$Z$14="CO3")*(O20:Z20)*MOD(COLUMN($O$14:$Z$14)-COLUMN($O$14)+1,2))+ SUMPRODUCT(($P$14:$Z$14="CO3")*(P20:Z20)*MOD(COLUMN($P$14:$Z$14)-COLUMN($P$14)+1,2))) -> 19 | AE20: =SUMIF($E$14:$N$14,"CO4",$E$17:$N$17) + IF(O20>=0, SUMPRODUCT(($O$14:$Z$14="CO4")*(O20:Z20)*MOD(COLUMN($O$14:$Z$14)-COLUMN($O$14)+1,2))+ SUMPRODUCT(($P$14:$Z$14="CO4")*(P20:Z20)*MOD(COLUMN($P$14:$Z$14)-COLUMN($P$14)+1,2))) -> 18 | AF20: =SUMIF($E$14:$N$14,"CO5",$E$17:$N$17) + IF(O20>=0, SUMPRODUCT(($O$14:$Z$14="CO5")*(O20:Z20)*MOD(COLUMN($O$14:$Z$14)-COLUMN($O$14)+1,2))+ SUMPRODUCT(($P$14:$Z$14="CO5")*(P20:Z20)*MOD(COLUMN($P$14:$Z$14)-COLUMN($P$14)+1,2)) ) -> 13 | AG20: =SUMIF($E$14:$N$14,"CO6",$E$17:$N$17) + IF(O20>0, SUMPRODUCT(($O$14:$Z$14="CO6")*($O$17:$Z$17)*MOD(COLUMN($O$14:$Z$14)-COLUMN($O$14)+1,2))+ SUMPRODUCT(($P$14:$Z$14="CO6")*($P$17:$Z$17)*MOD(COLUMN($P$14:$Z$14)-COLUMN($P$14)+1,2)) ) -> 0 | AH20: =SUM(AB20:AG20) -> 60 | AI20: =AB20/(SUMIF($E$14:$N$14,"CO1",$E$13:$N$13)+SUMPRODUCT(($O$14:$Z$14="CO1")*($O20:$Z20>0)*($O$13:$Z$13)))*100 -> 33.333333 | AJ20: =AC20/(SUMIF($E$14:$N$14,"CO2",$E$13:$N$13)+SUMPRODUCT(($O$14:$Z$14="CO2")*($O20:$Z20>0)*($O$13:$Z$13)))*100 -> 80 | AK20: =AD20/(SUMIF($E$14:$N$14,"CO3",$E$13:$N$13)+SUMPRODUCT(($O$14:$Z$14="CO3")*($O20:$Z20>0)*($O$13:$Z$13)))*100 -> 63.333333 | AL20: =AE20/(SUMIF($E$14:$N$14,"CO4",$E$13:$N$13)+SUMPRODUCT(($O$14:$Z$14="CO4")*($O20:$Z20>0)*($O$13:$Z$13)))*100 -> 69.230769 | AM20: =AF20/(SUMIF($E$14:$N$14,"CO5",$E$13:$N$13)+SUMPRODUCT(($O$14:$Z$14="CO5")*($O20:$Z20>0)*($O$13:$Z$13)))*100 -> 46.428571 | AN20: =AG20/(SUMIF($E$14:$N$14,"CO5",$E$13:$N$13)+SUMPRODUCT(($O$14:$Z$14="CO5")*($O20:$Z20>0)*($O$13:$Z$13)))*100 -> 0
A21: 5 | B21: ='STUDENT NAMELIST'!B9 -> 2023PEC AI 102 | C21: ='STUDENT NAMELIST'!C9 -> 211423243005 | D21: ='STUDENT NAMELIST'!D9 -> ABIRAMI A | E21: 2 | F21: 2 | G21: 2 | H21: 2 | I21: 2 | J21: 2 | K21: 2 | L21: 2 | M21: 2 | N21: 1 | O21: 13 | P21: 0 | Q21: 0 | R21: 13 | S21: 12 | T21: 0 | U21: 13 | V21: 0 | W21: 0 | X21: 11 | Y21: 14 | Z21: 0 | AA21: =SUM(E21,F21,G21,H21,I21,J21,K21,L21,M21,N21,O21,P21,Q21,R21,S21,T21,U21,V21,W21,X21,Y21,Z21) -> 95 | AB21: =SUMIF($E$14:$N$14,"CO1",E21:N21)+IF(O21>=0,SUMPRODUCT(($O$14:$Z$14="CO1")*(O21:Z21)*MOD(COLUMN($O$14:$Z$14)-COLUMN($O$14)+1,2))+SUMPRODUCT(($P$14:$Z$14="CO1")*(P21:Z21)*MOD(COLUMN($P$14:$Z$14)-COLUMN($P$14)+1,2))) -> 6 | AC21: =SUMIF($E$14:$N$14,"CO2",E21:N21)+IF(O21>=0,SUMPRODUCT(($O$14:$Z$14="CO2")*(O21:Z21)*MOD(COLUMN($O$14:$Z$14)-COLUMN($O$14)+1,2))+SUMPRODUCT(($P$14:$Z$14="CO2")*(Q21:AA21)*MOD(COLUMN($P$14:$Z$14)-COLUMN($P$14)+1,2))) -> 22 | AD21: =SUMIF($E$14:$N$14,"CO3",E21:N21)+IF(O21>=0, SUMPRODUCT(($O$14:$Z$14="CO3")*(O21:Z21)*MOD(COLUMN($O$14:$Z$14)-COLUMN($O$14)+1,2))+ SUMPRODUCT(($P$14:$Z$14="CO3")*(P21:Z21)*MOD(COLUMN($P$14:$Z$14)-COLUMN($P$14)+1,2))) -> 30 | AE21: =SUMIF($E$14:$N$14,"CO4",$E$17:$N$17) + IF(O21>=0, SUMPRODUCT(($O$14:$Z$14="CO4")*(O21:Z21)*MOD(COLUMN($O$14:$Z$14)-COLUMN($O$14)+1,2))+ SUMPRODUCT(($P$14:$Z$14="CO4")*(P21:Z21)*MOD(COLUMN($P$14:$Z$14)-COLUMN($P$14)+1,2))) -> 12 | AF21: =SUMIF($E$14:$N$14,"CO5",$E$17:$N$17) + IF(O21>=0, SUMPRODUCT(($O$14:$Z$14="CO5")*(O21:Z21)*MOD(COLUMN($O$14:$Z$14)-COLUMN($O$14)+1,2))+ SUMPRODUCT(($P$14:$Z$14="CO5")*(P21:Z21)*MOD(COLUMN($P$14:$Z$14)-COLUMN($P$14)+1,2)) ) -> 25 | AG21: =SUMIF($E$14:$N$14,"CO6",$E$17:$N$17) + IF(O21>0, SUMPRODUCT(($O$14:$Z$14="CO6")*($O$17:$Z$17)*MOD(COLUMN($O$14:$Z$14)-COLUMN($O$14)+1,2))+ SUMPRODUCT(($P$14:$Z$14="CO6")*($P$17:$Z$17)*MOD(COLUMN($P$14:$Z$14)-COLUMN($P$14)+1,2)) ) -> 0 | AH21: =SUM(AB21:AG21) -> 95 | AI21: =AB21/(SUMIF($E$14:$N$14,"CO1",$E$13:$N$13)+SUMPRODUCT(($O$14:$Z$14="CO1")*($O21:$Z21>0)*($O$13:$Z$13)))*100 -> 100 | AJ21: =AC21/(SUMIF($E$14:$N$14,"CO2",$E$13:$N$13)+SUMPRODUCT(($O$14:$Z$14="CO2")*($O21:$Z21>0)*($O$13:$Z$13)))*100 -> 95.652174 | AK21: =AD21/(SUMIF($E$14:$N$14,"CO3",$E$13:$N$13)+SUMPRODUCT(($O$14:$Z$14="CO3")*($O21:$Z21>0)*($O$13:$Z$13)))*100 -> 100 | AL21: =AE21/(SUMIF($E$14:$N$14,"CO4",$E$13:$N$13)+SUMPRODUCT(($O$14:$Z$14="CO4")*($O21:$Z21>0)*($O$13:$Z$13)))*100 -> 92.307692 | AM21: =AF21/(SUMIF($E$14:$N$14,"CO5",$E$13:$N$13)+SUMPRODUCT(($O$14:$Z$14="CO5")*($O21:$Z21>0)*($O$13:$Z$13)))*100 -> 89.285714 | AN21: =AG21/(SUMIF($E$14:$N$14,"CO5",$E$13:$N$13)+SUMPRODUCT(($O$14:$Z$14="CO5")*($O21:$Z21>0)*($O$13:$Z$13)))*100 -> 0
A22: 6 | B22: ='STUDENT NAMELIST'!B10 -> 2023PEC AI 103 | C22: ='STUDENT NAMELIST'!C10 -> 211423243006 | D22: ='STUDENT NAMELIST'!D10 -> ABIRAMI G | E22: 2 | F22: 2 | G22: 2 | H22: 2 | I22: 2 | J22: 2 | K22: 0 | L22: 0 | M22: 0 | N22: 0 | O22: 0 | P22: 9 | Q22: 9 | R22: 0 | S22: 0 | T22: 9 | U22: 0 | V22: 9 | W22: 5 | X22: 0 | Y22: 0 | Z22: 9 | AA22: =SUM(E22,F22,G22,H22,I22,J22,K22,L22,M22,N22,O22,P22,Q22,R22,S22,T22,U22,V22,W22,X22,Y22,Z22) -> 62 | AB22: =SUMIF($E$14:$N$14,"CO1",E22:N22)+IF(O22>=0,SUMPRODUCT(($O$14:$Z$14="CO1")*(O22:Z22)*MOD(COLUMN($O$14:$Z$14)-COLUMN($O$14)+1,2))+SUMPRODUCT(($P$14:$Z$14="CO1")*(P22:Z22)*MOD(COLUMN($P$14:$Z$14)-COLUMN($P$14)+1,2))) -> 2 | AC22: =SUMIF($E$14:$N$14,"CO2",E22:N22)+IF(O22>=0,SUMPRODUCT(($O$14:$Z$14="CO2")*(O22:Z22)*MOD(COLUMN($O$14:$Z$14)-COLUMN($O$14)+1,2))+SUMPRODUCT(($P$14:$Z$14="CO2")*(Q22:AA22)*MOD(COLUMN($P$14:$Z$14)-COLUMN($P$14)+1,2))) -> 8 | AD22: =SUMIF($E$14:$N$14,"CO3",E22:N22)+IF(O22>=0, SUMPRODUCT(($O$14:$Z$14="CO3")*(O22:Z22)*MOD(COLUMN($O$14:$Z$14)-COLUMN($O$14)+1,2))+ SUMPRODUCT(($P$14:$Z$14="CO3")*(P22:Z22)*MOD(COLUMN($P$14:$Z$14)-COLUMN($P$14)+1,2))) -> 20 | AE22: =SUMIF($E$14:$N$14,"CO4",$E$17:$N$17) + IF(O22>=0, SUMPRODUCT(($O$14:$Z$14="CO4")*(O22:Z22)*MOD(COLUMN($O$14:$Z$14)-COLUMN($O$14)+1,2))+ SUMPRODUCT(($P$14:$Z$14="CO4")*(P22:Z22)*MOD(COLUMN($P$14:$Z$14)-COLUMN($P$14)+1,2))) -> 18 | AF22: =SUMIF($E$14:$N$14,"CO5",$E$17:$N$17) + IF(O22>=0, SUMPRODUCT(($O$14:$Z$14="CO5")*(O22:Z22)*MOD(COLUMN($O$14:$Z$14)-COLUMN($O$14)+1,2))+ SUMPRODUCT(($P$14:$Z$14="CO5")*(P22:Z22)*MOD(COLUMN($P$14:$Z$14)-COLUMN($P$14)+1,2)) ) -> 14 | AG22: =SUMIF($E$14:$N$14,"CO6",$E$17:$N$17) + IF(O22>0, SUMPRODUCT(($O$14:$Z$14="CO6")*($O$17:$Z$17)*MOD(COLUMN($O$14:$Z$14)-COLUMN($O$14)+1,2))+ SUMPRODUCT(($P$14:$Z$14="CO6")*($P$17:$Z$17)*MOD(COLUMN($P$14:$Z$14)-COLUMN($P$14)+1,2)) ) -> 0 | AH22: =SUM(AB22:AG22) -> 62 | AI22: =AB22/(SUMIF($E$14:$N$14,"CO1",$E$13:$N$13)+SUMPRODUCT(($O$14:$Z$14="CO1")*($O22:$Z22>0)*($O$13:$Z$13)))*100 -> 33.333333 | AJ22: =AC22/(SUMIF($E$14:$N$14,"CO2",$E$13:$N$13)+SUMPRODUCT(($O$14:$Z$14="CO2")*($O22:$Z22>0)*($O$13:$Z$13)))*100 -> 80 | AK22: =AD22/(SUMIF($E$14:$N$14,"CO3",$E$13:$N$13)+SUMPRODUCT(($O$14:$Z$14="CO3")*($O22:$Z22>0)*($O$13:$Z$13)))*100 -> 66.666667 | AL22: =AE22/(SUMIF($E$14:$N$14,"CO4",$E$13:$N$13)+SUMPRODUCT(($O$14:$Z$14="CO4")*($O22:$Z22>0)*($O$13:$Z$13)))*100 -> 69.230769 | AM22: =AF22/(SUMIF($E$14:$N$14,"CO5",$E$13:$N$13)+SUMPRODUCT(($O$14:$Z$14="CO5")*($O22:$Z22>0)*($O$13:$Z$13)))*100 -> 50 | AN22: =AG22/(SUMIF($E$14:$N$14,"CO5",$E$13:$N$13)+SUMPRODUCT(($O$14:$Z$14="CO5")*($O22:$Z22>0)*($O$13:$Z$13)))*100 -> 0
A23: 7 | B23: ='STUDENT NAMELIST'!B11 -> 2023PEC AI 544 | C23: ='STUDENT NAMELIST'!C11 -> 211423243007 | D23: ='STUDENT NAMELIST'!D11 -> ABISHAI SINGH J | E23: 2 | F23: 2 | G23: 2 | H23: 2 | I23: 2 | J23: 1 | K23: 0 | L23: 0 | M23: 0 | N23: 0 | O23: 8 | P23: 0 | Q23: 0 | R23: 8 | S23: 7 | T23: 0 | U23: 8 | V23: 0 | W23: 0 | X23: 6 | Y23: 8 | Z23: 0 | AA23: =SUM(E23,F23,G23,H23,I23,J23,K23,L23,M23,N23,O23,P23,Q23,R23,S23,T23,U23,V23,W23,X23,Y23,Z23) -> 56 | AB23: =SUMIF($E$14:$N$14,"CO1",E23:N23)+IF(O23>=0,SUMPRODUCT(($O$14:$Z$14="CO1")*(O23:Z23)*MOD(COLUMN($O$14:$Z$14)-COLUMN($O$14)+1,2))+SUMPRODUCT(($P$14:$Z$14="CO1")*(P23:Z23)*MOD(COLUMN($P$14:$Z$14)-COLUMN($P$14)+1,2))) -> 2 | AC23: =SUMIF($E$14:$N$14,"CO2",E23:N23)+IF(O23>=0,SUMPRODUCT(($O$14:$Z$14="CO2")*(O23:Z23)*MOD(COLUMN($O$14:$Z$14)-COLUMN($O$14)+1,2))+SUMPRODUCT(($P$14:$Z$14="CO2")*(Q23:AA23)*MOD(COLUMN($P$14:$Z$14)-COLUMN($P$14)+1,2))) -> 15 | AD23: =SUMIF($E$14:$N$14,"CO3",E23:N23)+IF(O23>=0, SUMPRODUCT(($O$14:$Z$14="CO3")*(O23:Z23)*MOD(COLUMN($O$14:$Z$14)-COLUMN($O$14)+1,2))+ SUMPRODUCT(($P$14:$Z$14="CO3")*(P23:Z23)*MOD(COLUMN($P$14:$Z$14)-COLUMN($P$14)+1,2))) -> 18 | AE23: =SUMIF($E$14:$N$14,"CO4",$E$17:$N$17) + IF(O23>=0, SUMPRODUCT(($O$14:$Z$14="CO4")*(O23:Z23)*MOD(COLUMN($O$14:$Z$14)-COLUMN($O$14)+1,2))+ SUMPRODUCT(($P$14:$Z$14="CO4")*(P23:Z23)*MOD(COLUMN($P$14:$Z$14)-COLUMN($P$14)+1,2))) -> 7 | AF23: =SUMIF($E$14:$N$14,"CO5",$E$17:$N$17) + IF(O23>=0, SUMPRODUCT(($O$14:$Z$14="CO5")*(O23:Z23)*MOD(COLUMN($O$14:$Z$14)-COLUMN($O$14)+1,2))+ SUMPRODUCT(($P$14:$Z$14="CO5")*(P23:Z23)*MOD(COLUMN($P$14:$Z$14)-COLUMN($P$14)+1,2)) ) -> 14 | AG23: =SUMIF($E$14:$N$14,"CO6",$E$17:$N$17) + IF(O23>0, SUMPRODUCT(($O$14:$Z$14="CO6")*($O$17:$Z$17)*MOD(COLUMN($O$14:$Z$14)-COLUMN($O$14)+1,2))+ SUMPRODUCT(($P$14:$Z$14="CO6")*($P$17:$Z$17)*MOD(COLUMN($P$14:$Z$14)-COLUMN($P$14)+1,2)) ) -> 0 | AH23: =SUM(AB23:AG23) -> 56 | AI23: =AB23/(SUMIF($E$14:$N$14,"CO1",$E$13:$N$13)+SUMPRODUCT(($O$14:$Z$14="CO1")*($O23:$Z23>0)*($O$13:$Z$13)))*100 -> 33.333333 | AJ23: =AC23/(SUMIF($E$14:$N$14,"CO2",$E$13:$N$13)+SUMPRODUCT(($O$14:$Z$14="CO2")*($O23:$Z23>0)*($O$13:$Z$13)))*100 -> 65.217391 | AK23: =AD23/(SUMIF($E$14:$N$14,"CO3",$E$13:$N$13)+SUMPRODUCT(($O$14:$Z$14="CO3")*($O23:$Z23>0)*($O$13:$Z$13)))*100 -> 60 | AL23: =AE23/(SUMIF($E$14:$N$14,"CO4",$E$13:$N$13)+SUMPRODUCT(($O$14:$Z$14="CO4")*($O23:$Z23>0)*($O$13:$Z$13)))*100 -> 53.846154 | AM23: =AF23/(SUMIF($E$14:$N$14,"CO5",$E$13:$N$13)+SUMPRODUCT(($O$14:$Z$14="CO5")*($O23:$Z23>0)*($O$13:$Z$13)))*100 -> 50 | AN23: =AG23/(SUMIF($E$14:$N$14,"CO5",$E$13:$N$13)+SUMPRODUCT(($O$14:$Z$14="CO5")*($O23:$Z23>0)*($O$13:$Z$13)))*100 -> 0
A24: 8 | B24: ='STUDENT NAMELIST'!B12 -> 2023PEC AI 545 | C24: ='STUDENT NAMELIST'!C12 -> 211423243008 | D24: ='STUDENT NAMELIST'!D12 -> ABISHEK RANGARAJ M | E24: 2 | F24: 2 | G24: 2 | H24: 0 | I24: 0 | J24: 0 | K24: 0 | L24: 0 | M24: 0 | N24: 0 | O24: 0 | P24: 4 | Q24: 5 | R24: 0 | S24: 0 | T24: 5 | U24: 0 | V24: 5 | W24: 0 | X24: 0 | Y24: 0 | Z24: 5 | AA24: =SUM(E24,F24,G24,H24,I24,J24,K24,L24,M24,N24,O24,P24,Q24,R24,S24,T24,U24,V24,W24,X24,Y24,Z24) -> 30 | AB24: =SUMIF($E$14:$N$14,"CO1",E24:N24)+IF(O24>=0,SUMPRODUCT(($O$14:$Z$14="CO1")*(O24:Z24)*MOD(COLUMN($O$14:$Z$14)-COLUMN($O$14)+1,2))+SUMPRODUCT(($P$14:$Z$14="CO1")*(P24:Z24)*MOD(COLUMN($P$14:$Z$14)-COLUMN($P$14)+1,2))) -> 2 | AC24: =SUMIF($E$14:$N$14,"CO2",E24:N24)+IF(O24>=0,SUMPRODUCT(($O$14:$Z$14="CO2")*(O24:Z24)*MOD(COLUMN($O$14:$Z$14)-COLUMN($O$14)+1,2))+SUMPRODUCT(($P$14:$Z$14="CO2")*(Q24:AA24)*MOD(COLUMN($P$14:$Z$14)-COLUMN($P$14)+1,2))) -> 4 | AD24: =SUMIF($E$14:$N$14,"CO3",E24:N24)+IF(O24>=0, SUMPRODUCT(($O$14:$Z$14="CO3")*(O24:Z24)*MOD(COLUMN($O$14:$Z$14)-COLUMN($O$14)+1,2))+ SUMPRODUCT(($P$14:$Z$14="CO3")*(P24:Z24)*MOD(COLUMN($P$14:$Z$14)-COLUMN($P$14)+1,2))) -> 9 | AE24: =SUMIF($E$14:$N$14,"CO4",$E$17:$N$17) + IF(O24>=0, SUMPRODUCT(($O$14:$Z$14="CO4")*(O24:Z24)*MOD(COLUMN($O$14:$Z$14)-COLUMN($O$14)+1,2))+ SUMPRODUCT(($P$14:$Z$14="CO4")*(P24:Z24)*MOD(COLUMN($P$14:$Z$14)-COLUMN($P$14)+1,2))) -> 10 | AF24: 10 | AG24: =SUMIF($E$14:$N$14,"CO6",$E$17:$N$17) + IF(O24>0, SUMPRODUCT(($O$14:$Z$14="CO6")*($O$17:$Z$17)*MOD(COLUMN($O$14:$Z$14)-COLUMN($O$14)+1,2))+ SUMPRODUCT(($P$14:$Z$14="CO6")*($P$17:$Z$17)*MOD(COLUMN($P$14:$Z$14)-COLUMN($P$14)+1,2)) ) -> 0 | AH24: =SUM(AB24:AG24) -> 35 | AI24: =AB24/(SUMIF($E$14:$N$14,"CO1",$E$13:$N$13)+SUMPRODUCT(($O$14:$Z$14="CO1")*($O24:$Z24>0)*($O$13:$Z$13)))*100 -> 33.333333 | AJ24: =AC24/(SUMIF($E$14:$N$14,"CO2",$E$13:$N$13)+SUMPRODUCT(($O$14:$Z$14="CO2")*($O24:$Z24>0)*($O$13:$Z$13)))*100 -> 40 | AK24: =AD24/(SUMIF($E$14:$N$14,"CO3",$E$13:$N$13)+SUMPRODUCT(($O$14:$Z$14="CO3")*($O24:$Z24>0)*($O$13:$Z$13)))*100 -> 30 | AL24: =AE24/(SUMIF($E$14:$N$14,"CO4",$E$13:$N$13)+SUMPRODUCT(($O$14:$Z$14="CO4")*($O24:$Z24>0)*($O$13:$Z$13)))*100 -> 38.461538 | AM24: =AF24/(SUMIF($E$14:$N$14,"CO5",$E$13:$N$13)+SUMPRODUCT(($O$14:$Z$14="CO5")*($O24:$Z24>0)*($O$13:$Z$13)))*100 -> 66.666667 | AN24: =AG24/(SUMIF($E$14:$N$14,"CO5",$E$13:$N$13)+SUMPRODUCT(($O$14:$Z$14="CO5")*($O24:$Z24>0)*($O$13:$Z$13)))*100 -> 0
A25: 9 | B25: ='STUDENT NAMELIST'!B13 -> 2023PEC AI 104 | C25: ='STUDENT NAMELIST'!C13 -> 211423243009 | D25: ='STUDENT NAMELIST'!D13 -> ABITHA R D | E25: 2 | F25: 2 | G25: 2 | H25: 2 | I25: 2 | J25: 2 | K25: 2 | L25: 2 | M25: 2 | N25: 1 | O25: 13 | P25: 0 | Q25: 0 | R25: 13 | S25: 12 | T25: 0 | U25: 13 | V25: 0 | W25: 0 | X25: 9 | Y25: 14 | Z25: 0 | AA25: =SUM(E25,F25,G25,H25,I25,J25,K25,L25,M25,N25,O25,P25,Q25,R25,S25,T25,U25,V25,W25,X25,Y25,Z25) -> 93 | AB25: =SUMIF($E$14:$N$14,"CO1",E25:N25)+IF(O25>=0,SUMPRODUCT(($O$14:$Z$14="CO1")*(O25:Z25)*MOD(COLUMN($O$14:$Z$14)-COLUMN($O$14)+1,2))+SUMPRODUCT(($P$14:$Z$14="CO1")*(P25:Z25)*MOD(COLUMN($P$14:$Z$14)-COLUMN($P$14)+1,2))) -> 6 | AC25: =SUMIF($E$14:$N$14,"CO2",E25:N25)+IF(O25>=0,SUMPRODUCT(($O$14:$Z$14="CO2")*(O25:Z25)*MOD(COLUMN($O$14:$Z$14)-COLUMN($O$14)+1,2))+SUMPRODUCT(($P$14:$Z$14="CO2")*(Q25:AA25)*MOD(COLUMN($P$14:$Z$14)-COLUMN($P$14)+1,2))) -> 22 | AD25: =SUMIF($E$14:$N$14,"CO3",E25:N25)+IF(O25>=0, SUMPRODUCT(($O$14:$Z$14="CO3")*(O25:Z25)*MOD(COLUMN($O$14:$Z$14)-COLUMN($O$14)+1,2))+ SUMPRODUCT(($P$14:$Z$14="CO3")*(P25:Z25)*MOD(COLUMN($P$14:$Z$14)-COLUMN($P$14)+1,2))) -> 30 | AE25: =SUMIF($E$14:$N$14,"CO4",$E$17:$N$17) + IF(O25>=0, SUMPRODUCT(($O$14:$Z$14="CO4")*(O25:Z25)*MOD(COLUMN($O$14:$Z$14)-COLUMN($O$14)+1,2))+ SUMPRODUCT(($P$14:$Z$14="CO4")*(P25:Z25)*MOD(COLUMN($P$14:$Z$14)-COLUMN($P$14)+1,2))) -> 12 | AF25: =SUMIF($E$14:$N$14,"CO5",$E$17:$N$17) + IF(O25>=0, SUMPRODUCT(($O$14:$Z$14="CO5")*(O25:Z25)*MOD(COLUMN($O$14:$Z$14)-COLUMN($O$14)+1,2))+ SUMPRODUCT(($P$14:$Z$14="CO5")*(P25:Z25)*MOD(COLUMN($P$14:$Z$14)-COLUMN($P$14)+1,2)) ) -> 23 | AG25: =SUMIF($E$14:$N$14,"CO6",$E$17:$N$17) + IF(O25>0, SUMPRODUCT(($O$14:$Z$14="CO6")*($O$17:$Z$17)*MOD(COLUMN($O$14:$Z$14)-COLUMN($O$14)+1,2))+ SUMPRODUCT(($P$14:$Z$14="CO6")*($P$17:$Z$17)*MOD(COLUMN($P$14:$Z$14)-COLUMN($P$14)+1,2)) ) -> 0 | AH25: =SUM(AB25:AG25) -> 93 | AI25: =AB25/(SUMIF($E$14:$N$14,"CO1",$E$13:$N$13)+SUMPRODUCT(($O$14:$Z$14="CO1")*($O25:$Z25>0)*($O$13:$Z$13)))*100 -> 100 | AJ25: =AC25/(SUMIF($E$14:$N$14,"CO2",$E$13:$N$13)+SUMPRODUCT(($O$14:$Z$14="CO2")*($O25:$Z25>0)*($O$13:$Z$13)))*100 -> 95.652174 | AK25: =AD25/(SUMIF($E$14:$N$14,"CO3",$E$13:$N$13)+SUMPRODUCT(($O$14:$Z$14="CO3")*($O25:$Z25>0)*($O$13:$Z$13)))*100 -> 100 | AL25: =AE25/(SUMIF($E$14:$N$14,"CO4",$E$13:$N$13)+SUMPRODUCT(($O$14:$Z$14="CO4")*($O25:$Z25>0)*($O$13:$Z$13)))*100 -> 92.307692 | AM25: =AF25/(SUMIF($E$14:$N$14,"CO5",$E$13:$N$13)+SUMPRODUCT(($O$14:$Z$14="CO5")*($O25:$Z25>0)*($O$13:$Z$13)))*100 -> 82.142857 | AN25: =AG25/(SUMIF($E$14:$N$14,"CO5",$E$13:$N$13)+SUMPRODUCT(($O$14:$Z$14="CO5")*($O25:$Z25>0)*($O$13:$Z$13)))*100 -> 0
A26: 10 | B26: ='STUDENT NAMELIST'!B14 -> 2023PEC AI 546 | C26: ='STUDENT NAMELIST'!C14 -> 211423243010 | D26: ='STUDENT NAMELIST'!D14 -> ABRAHAM S J | E26: 2 | F26: 2 | G26: 2 | H26: 2 | I26: 2 | J26: 0 | K26: 0 | L26: 0 | M26: 0 | N26: 0 | O26: 0 | P26: 7 | Q26: 7 | R26: 0 | S26: 0 | T26: 7 | U26: 0 | V26: 7 | W26: 4 | X26: 0 | Y26: 0 | Z26: 8 | AA26: =SUM(E26,F26,G26,H26,I26,J26,K26,L26,M26,N26,O26,P26,Q26,R26,S26,T26,U26,V26,W26,X26,Y26,Z26) -> 50 | AB26: =SUMIF($E$14:$N$14,"CO1",E26:N26)+IF(O26>=0,SUMPRODUCT(($O$14:$Z$14="CO1")*(O26:Z26)*MOD(COLUMN($O$14:$Z$14)-COLUMN($O$14)+1,2))+SUMPRODUCT(($P$14:$Z$14="CO1")*(P26:Z26)*MOD(COLUMN($P$14:$Z$14)-COLUMN($P$14)+1,2))) -> 2 | AC26: =SUMIF($E$14:$N$14,"CO2",E26:N26)+IF(O26>=0,SUMPRODUCT(($O$14:$Z$14="CO2")*(O26:Z26)*MOD(COLUMN($O$14:$Z$14)-COLUMN($O$14)+1,2))+SUMPRODUCT(($P$14:$Z$14="CO2")*(Q26:AA26)*MOD(COLUMN($P$14:$Z$14)-COLUMN($P$14)+1,2))) -> 6 | AD26: =SUMIF($E$14:$N$14,"CO3",E26:N26)+IF(O26>=0, SUMPRODUCT(($O$14:$Z$14="CO3")*(O26:Z26)*MOD(COLUMN($O$14:$Z$14)-COLUMN($O$14)+1,2))+ SUMPRODUCT(($P$14:$Z$14="CO3")*(P26:Z26)*MOD(COLUMN($P$14:$Z$14)-COLUMN($P$14)+1,2))) -> 16 | AE26: =SUMIF($E$14:$N$14,"CO4",$E$17:$N$17) + IF(O26>=0, SUMPRODUCT(($O$14:$Z$14="CO4")*(O26:Z26)*MOD(COLUMN($O$14:$Z$14)-COLUMN($O$14)+1,2))+ SUMPRODUCT(($P$14:$Z$14="CO4")*(P26:Z26)*MOD(COLUMN($P$14:$Z$14)-COLUMN($P$14)+1,2))) -> 14 | AF26: =SUMIF($E$14:$N$14,"CO5",$E$17:$N$17) + IF(O26>=0, SUMPRODUCT(($O$14:$Z$14="CO5")*(O26:Z26)*MOD(COLUMN($O$14:$Z$14)-COLUMN($O$14)+1,2))+ SUMPRODUCT(($P$14:$Z$14="CO5")*(P26:Z26)*MOD(COLUMN($P$14:$Z$14)-COLUMN($P$14)+1,2)) ) -> 12 | AG26: =SUMIF($E$14:$N$14,"CO6",$E$17:$N$17) + IF(O26>0, SUMPRODUCT(($O$14:$Z$14="CO6")*($O$17:$Z$17)*MOD(COLUMN($O$14:$Z$14)-COLUMN($O$14)+1,2))+ SUMPRODUCT(($P$14:$Z$14="CO6")*($P$17:$Z$17)*MOD(COLUMN($P$14:$Z$14)-COLUMN($P$14)+1,2)) ) -> 0 | AH26: =SUM(AB26:AG26) -> 50 | AI26: =AB26/(SUMIF($E$14:$N$14,"CO1",$E$13:$N$13)+SUMPRODUCT(($O$14:$Z$14="CO1")*($O26:$Z26>0)*($O$13:$Z$13)))*100 -> 33.333333 | AJ26: =AC26/(SUMIF($E$14:$N$14,"CO2",$E$13:$N$13)+SUMPRODUCT(($O$14:$Z$14="CO2")*($O26:$Z26>0)*($O$13:$Z$13)))*100 -> 60 | AK26: =AD26/(SUMIF($E$14:$N$14,"CO3",$E$13:$N$13)+SUMPRODUCT(($O$14:$Z$14="CO3")*($O26:$Z26>0)*($O$13:$Z$13)))*100 -> 53.333333 | AL26: =AE26/(SUMIF($E$14:$N$14,"CO4",$E$13:$N$13)+SUMPRODUCT(($O$14:$Z$14="CO4")*($O26:$Z26>0)*($O$13:$Z$13)))*100 -> 53.846154 | AM26: =AF26/(SUMIF($E$14:$N$14,"CO5",$E$13:$N$13)+SUMPRODUCT(($O$14:$Z$14="CO5")*($O26:$Z26>0)*($O$13:$Z$13)))*100 -> 42.857143 | AN26: =AG26/(SUMIF($E$14:$N$14,"CO5",$E$13:$N$13)+SUMPRODUCT(($O$14:$Z$14="CO5")*($O26:$Z26>0)*($O$13:$Z$13)))*100 -> 0
A27: 11 | B27: ='STUDENT NAMELIST'!B15 -> 2023PEC AI 105 | C27: ='STUDENT NAMELIST'!C15 -> 211423243011 | D27: ='STUDENT NAMELIST'!D15 -> ADELINE JERUSHA AUGUSTINE | E27: 2 | F27: 2 | G27: 2 | H27: 2 | I27: 2 | J27: 2 | K27: 2 | L27: 1 | M27: 0 | N27: 0 | O27: 11 | P27: 0 | Q27: 0 | R27: 11 | S27: 9 | T27: 0 | U27: 11 | V27: 0 | W27: 0 | X27: 7 | Y27: 11 | Z27: 0 | AA27: =SUM(E27,F27,G27,H27,I27,J27,K27,L27,M27,N27,O27,P27,Q27,R27,S27,T27,U27,V27,W27,X27,Y27,Z27) -> 75 | AB27: =SUMIF($E$14:$N$14,"CO1",E27:N27)+IF(O27>=0,SUMPRODUCT(($O$14:$Z$14="CO1")*(O27:Z27)*MOD(COLUMN($O$14:$Z$14)-COLUMN($O$14)+1,2))+SUMPRODUCT(($P$14:$Z$14="CO1")*(P27:Z27)*MOD(COLUMN($P$14:$Z$14)-COLUMN($P$14)+1,2))) -> 5 | AC27: =SUMIF($E$14:$N$14,"CO2",E27:N27)+IF(O27>=0,SUMPRODUCT(($O$14:$Z$14="CO2")*(O27:Z27)*MOD(COLUMN($O$14:$Z$14)-COLUMN($O$14)+1,2))+SUMPRODUCT(($P$14:$Z$14="CO2")*(Q27:AA27)*MOD(COLUMN($P$14:$Z$14)-COLUMN($P$14)+1,2))) -> 19 | AD27: =SUMIF($E$14:$N$14,"CO3",E27:N27)+IF(O27>=0, SUMPRODUCT(($O$14:$Z$14="CO3")*(O27:Z27)*MOD(COLUMN($O$14:$Z$14)-COLUMN($O$14)+1,2))+ SUMPRODUCT(($P$14:$Z$14="CO3")*(P27:Z27)*MOD(COLUMN($P$14:$Z$14)-COLUMN($P$14)+1,2))) -> 24 | AE27: =SUMIF($E$14:$N$14,"CO4",$E$17:$N$17) + IF(O27>=0, SUMPRODUCT(($O$14:$Z$14="CO4")*(O27:Z27)*MOD(COLUMN($O$14:$Z$14)-COLUMN($O$14)+1,2))+ SUMPRODUCT(($P$14:$Z$14="CO4")*(P27:Z27)*MOD(COLUMN($P$14:$Z$14)-COLUMN($P$14)+1,2))) -> 9 | AF27: =SUMIF($E$14:$N$14,"CO5",$E$17:$N$17) + IF(O27>=0, SUMPRODUCT(($O$14:$Z$14="CO5")*(O27:Z27)*MOD(COLUMN($O$14:$Z$14)-COLUMN($O$14)+1,2))+ SUMPRODUCT(($P$14:$Z$14="CO5")*(P27:Z27)*MOD(COLUMN($P$14:$Z$14)-COLUMN($P$14)+1,2)) ) -> 18 | AG27: =SUMIF($E$14:$N$14,"CO6",$E$17:$N$17) + IF(O27>0, SUMPRODUCT(($O$14:$Z$14="CO6")*($O$17:$Z$17)*MOD(COLUMN($O$14:$Z$14)-COLUMN($O$14)+1,2))+ SUMPRODUCT(($P$14:$Z$14="CO6")*($P$17:$Z$17)*MOD(COLUMN($P$14:$Z$14)-COLUMN($P$14)+1,2)) ) -> 0 | AH27: =SUM(AB27:AG27) -> 75 | AI27: =AB27/(SUMIF($E$14:$N$14,"CO1",$E$13:$N$13)+SUMPRODUCT(($O$14:$Z$14="CO1")*($O27:$Z27>0)*($O$13:$Z$13)))*100 -> 83.333333 | AJ27: =AC27/(SUMIF($E$14:$N$14,"CO2",$E$13:$N$13)+SUMPRODUCT(($O$14:$Z$14="CO2")*($O27:$Z27>0)*($O$13:$Z$13)))*100 -> 82.608696 | AK27: =AD27/(SUMIF($E$14:$N$14,"CO3",$E$13:$N$13)+SUMPRODUCT(($O$14:$Z$14="CO3")*($O27:$Z27>0)*($O$13:$Z$13)))*100 -> 80 | AL27: =AE27/(SUMIF($E$14:$N$14,"CO4",$E$13:$N$13)+SUMPRODUCT(($O$14:$Z$14="CO4")*($O27:$Z27>0)*($O$13:$Z$13)))*100 -> 69.230769 | AM27: =AF27/(SUMIF($E$14:$N$14,"CO5",$E$13:$N$13)+SUMPRODUCT(($O$14:$Z$14="CO5")*($O27:$Z27>0)*($O$13:$Z$13)))*100 -> 64.285714 | AN27: =AG27/(SUMIF($E$14:$N$14,"CO5",$E$13:$N$13)+SUMPRODUCT(($O$14:$Z$14="CO5")*($O27:$Z27>0)*($O$13:$Z$13)))*100 -> 0
A28: 12 | B28: ='STUDENT NAMELIST'!B16 -> 2023PEC AI 547 | C28: ='STUDENT NAMELIST'!C16 -> 211423243012 | D28: ='STUDENT NAMELIST'!D16 -> ADHINARAYANAN A | E28: 2 | F28: 2 | G28: 2 | H28: 0 | I28: 0 | J28: 0 | K28: 0 | L28: 0 | M28: 0 | N28: 0 | O28: 0 | P28: 4 | Q28: 5 | R28: 0 | S28: 0 | T28: 5 | U28: 0 | V28: 5 | W28: 0 | X28: 0 | Y28: 0 | Z28: 5 | AA28: =SUM(E28,F28,G28,H28,I28,J28,K28,L28,M28,N28,O28,P28,Q28,R28,S28,T28,U28,V28,W28,X28,Y28,Z28) -> 30 | AB28: =SUMIF($E$14:$N$14,"CO1",E28:N28)+IF(O28>=0,SUMPRODUCT(($O$14:$Z$14="CO1")*(O28:Z28)*MOD(COLUMN($O$14:$Z$14)-COLUMN($O$14)+1,2))+SUMPRODUCT(($P$14:$Z$14="CO1")*(P28:Z28)*MOD(COLUMN($P$14:$Z$14)-COLUMN($P$14)+1,2))) -> 2 | AC28: =SUMIF($E$14:$N$14,"CO2",E28:N28)+IF(O28>=0,SUMPRODUCT(($O$14:$Z$14="CO2")*(O28:Z28)*MOD(COLUMN($O$14:$Z$14)-COLUMN($O$14)+1,2))+SUMPRODUCT(($P$14:$Z$14="CO2")*(Q28:AA28)*MOD(COLUMN($P$14:$Z$14)-COLUMN($P$14)+1,2))) -> 4 | AD28: =SUMIF($E$14:$N$14,"CO3",E28:N28)+IF(O28>=0, SUMPRODUCT(($O$14:$Z$14="CO3")*(O28:Z28)*MOD(COLUMN($O$14:$Z$14)-COLUMN($O$14)+1,2))+ SUMPRODUCT(($P$14:$Z$14="CO3")*(P28:Z28)*MOD(COLUMN($P$14:$Z$14)-COLUMN($P$14)+1,2))) -> 9 | AE28: =SUMIF($E$14:$N$14,"CO4",$E$17:$N$17) + IF(O28>=0, SUMPRODUCT(($O$14:$Z$14="CO4")*(O28:Z28)*MOD(COLUMN($O$14:$Z$14)-COLUMN($O$14)+1,2))+ SUMPRODUCT(($P$14:$Z$14="CO4")*(P28:Z28)*MOD(COLUMN($P$14:$Z$14)-COLUMN($P$14)+1,2))) -> 10 | AF28: =SUMIF($E$14:$N$14,"CO5",$E$17:$N$17) + IF(O28>=0, SUMPRODUCT(($O$14:$Z$14="CO5")*(O28:Z28)*MOD(COLUMN($O$14:$Z$14)-COLUMN($O$14)+1,2))+ SUMPRODUCT(($P$14:$Z$14="CO5")*(P28:Z28)*MOD(COLUMN($P$14:$Z$14)-COLUMN($P$14)+1,2)) ) -> 5 | AG28: =SUMIF($E$14:$N$14,"CO6",$E$17:$N$17) + IF(O28>0, SUMPRODUCT(($O$14:$Z$14="CO6")*($O$17:$Z$17)*MOD(COLUMN($O$14:$Z$14)-COLUMN($O$14)+1,2))+ SUMPRODUCT(($P$14:$Z$14="CO6")*($P$17:$Z$17)*MOD(COLUMN($P$14:$Z$14)-COLUMN($P$14)+1,2)) ) -> 0 | AH28: =SUM(AB28:AG28) -> 30 | AI28: =AB28/(SUMIF($E$14:$N$14,"CO1",$E$13:$N$13)+SUMPRODUCT(($O$14:$Z$14="CO1")*($O28:$Z28>0)*($O$13:$Z$13)))*100 -> 33.333333 | AJ28: =AC28/(SUMIF($E$14:$N$14,"CO2",$E$13:$N$13)+SUMPRODUCT(($O$14:$Z$14="CO2")*($O28:$Z28>0)*($O$13:$Z$13)))*100 -> 40 | AK28: =AD28/(SUMIF($E$14:$N$14,"CO3",$E$13:$N$13)+SUMPRODUCT(($O$14:$Z$14="CO3")*($O28:$Z28>0)*($O$13:$Z$13)))*100 -> 30 | AL28: =AE28/(SUMIF($E$14:$N$14,"CO4",$E$13:$N$13)+SUMPRODUCT(($O$14:$Z$14="CO4")*($O28:$Z28>0)*($O$13:$Z$13)))*100 -> 38.461538 | AM28: =AF28/(SUMIF($E$14:$N$14,"CO5",$E$13:$N$13)+SUMPRODUCT(($O$14:$Z$14="CO5")*($O28:$Z28>0)*($O$13:$Z$13)))*100 -> 33.333333 | AN28: =AG28/(SUMIF($E$14:$N$14,"CO5",$E$13:$N$13)+SUMPRODUCT(($O$14:$Z$14="CO5")*($O28:$Z28>0)*($O$13:$Z$13)))*100 -> 0
A29: 13 | B29: ='STUDENT NAMELIST'!B17 -> 2023PEC AI 548 | C29: ='STUDENT NAMELIST'!C17 -> 211423243013 | D29: ='STUDENT NAMELIST'!D17 -> ADHITYAN R | E29: 2 | F29: 2 | G29: 2 | H29: 2 | I29: 2 | J29: 0 | K29: 0 | L29: 0 | M29: 0 | N29: 0 | O29: 8 | P29: 0 | Q29: 0 | R29: 8 | S29: 7 | T29: 0 | U29: 8 | V29: 0 | W29: 0 | X29: 2 | Y29: 8 | Z29: 0 | AA29: =SUM(E29,F29,G29,H29,I29,J29,K29,L29,M29,N29,O29,P29,Q29,R29,S29,T29,U29,V29,W29,X29,Y29,Z29) -> 51 | AB29: =SUMIF($E$14:$N$14,"CO1",E29:N29)+IF(O29>=0,SUMPRODUCT(($O$14:$Z$14="CO1")*(O29:Z29)*MOD(COLUMN($O$14:$Z$14)-COLUMN($O$14)+1,2))+SUMPRODUCT(($P$14:$Z$14="CO1")*(P29:Z29)*MOD(COLUMN($P$14:$Z$14)-COLUMN($P$14)+1,2))) -> 2 | AC29: =SUMIF($E$14:$N$14,"CO2",E29:N29)+IF(O29>=0,SUMPRODUCT(($O$14:$Z$14="CO2")*(O29:Z29)*MOD(COLUMN($O$14:$Z$14)-COLUMN($O$14)+1,2))+SUMPRODUCT(($P$14:$Z$14="CO2")*(Q29:AA29)*MOD(COLUMN($P$14:$Z$14)-COLUMN($P$14)+1,2))) -> 14 | AD29: =SUMIF($E$14:$N$14,"CO3",E29:N29)+IF(O29>=0, SUMPRODUCT(($O$14:$Z$14="CO3")*(O29:Z29)*MOD(COLUMN($O$14:$Z$14)-COLUMN($O$14)+1,2))+ SUMPRODUCT(($P$14:$Z$14="CO3")*(P29:Z29)*MOD(COLUMN($P$14:$Z$14)-COLUMN($P$14)+1,2))) -> 18 | AE29: =SUMIF($E$14:$N$14,"CO4",$E$17:$N$17) + IF(O29>=0, SUMPRODUCT(($O$14:$Z$14="CO4")*(O29:Z29)*MOD(COLUMN($O$14:$Z$14)-COLUMN($O$14)+1,2))+ SUMPRODUCT(($P$14:$Z$14="CO4")*(P29:Z29)*MOD(COLUMN($P$14:$Z$14)-COLUMN($P$14)+1,2))) -> 7 | AF29: =SUMIF($E$14:$N$14,"CO5",$E$17:$N$17) + IF(O29>=0, SUMPRODUCT(($O$14:$Z$14="CO5")*(O29:Z29)*MOD(COLUMN($O$14:$Z$14)-COLUMN($O$14)+1,2))+ SUMPRODUCT(($P$14:$Z$14="CO5")*(P29:Z29)*MOD(COLUMN($P$14:$Z$14)-COLUMN($P$14)+1,2)) ) -> 10 | AG29: =SUMIF($E$14:$N$14,"CO6",$E$17:$N$17) + IF(O29>0, SUMPRODUCT(($O$14:$Z$14="CO6")*($O$17:$Z$17)*MOD(COLUMN($O$14:$Z$14)-COLUMN($O$14)+1,2))+ SUMPRODUCT(($P$14:$Z$14="CO6")*($P$17:$Z$17)*MOD(COLUMN($P$14:$Z$14)-COLUMN($P$14)+1,2)) ) -> 0 | AH29: =SUM(AB29:AG29) -> 51 | AI29: =AB29/(SUMIF($E$14:$N$14,"CO1",$E$13:$N$13)+SUMPRODUCT(($O$14:$Z$14="CO1")*($O29:$Z29>0)*($O$13:$Z$13)))*100 -> 33.333333 | AJ29: =AC29/(SUMIF($E$14:$N$14,"CO2",$E$13:$N$13)+SUMPRODUCT(($O$14:$Z$14="CO2")*($O29:$Z29>0)*($O$13:$Z$13)))*100 -> 60.869565 | AK29: =AD29/(SUMIF($E$14:$N$14,"CO3",$E$13:$N$13)+SUMPRODUCT(($O$14:$Z$14="CO3")*($O29:$Z29>0)*($O$13:$Z$13)))*100 -> 60 | AL29: =AE29/(SUMIF($E$14:$N$14,"CO4",$E$13:$N$13)+SUMPRODUCT(($O$14:$Z$14="CO4")*($O29:$Z29>0)*($O$13:$Z$13)))*100 -> 53.846154 | AM29: =AF29/(SUMIF($E$14:$N$14,"CO5",$E$13:$N$13)+SUMPRODUCT(($O$14:$Z$14="CO5")*($O29:$Z29>0)*($O$13:$Z$13)))*100 -> 35.714286 | AN29: =AG29/(SUMIF($E$14:$N$14,"CO5",$E$13:$N$13)+SUMPRODUCT(($O$14:$Z$14="CO5")*($O29:$Z29>0)*($O$13:$Z$13)))*100 -> 0
A30: 14 | B30: ='STUDENT NAMELIST'!B18 -> 2023PEC AI 106 | C30: ='STUDENT NAMELIST'!C18 -> 211423243014 | D30: ='STUDENT NAMELIST'!D18 -> AFIFA FATHIMA S | E30: 2 | F30: 2 | G30: 2 | H30: 2 | I30: 2 | J30: 2 | K30: 2 | L30: 2 | M30: 2 | N30: 1 | O30: 0 | P30: 13 | Q30: 13 | R30: 0 | S30: 0 | T30: 13 | U30: 0 | V30: 13 | W30: 8 | X30: 0 | Y30: 0 | Z30: 14 | AA30: =SUM(E30,F30,G30,H30,I30,J30,K30,L30,M30,N30,O30,P30,Q30,R30,S30,T30,U30,V30,W30,X30,Y30,Z30) -> 93 | AB30: =SUMIF($E$14:$N$14,"CO1",E30:N30)+IF(O30>=0,SUMPRODUCT(($O$14:$Z$14="CO1")*(O30:Z30)*MOD(COLUMN($O$14:$Z$14)-COLUMN($O$14)+1,2))+SUMPRODUCT(($P$14:$Z$14="CO1")*(P30:Z30)*MOD(COLUMN($P$14:$Z$14)-COLUMN($P$14)+1,2))) -> 6 | AC30: =SUMIF($E$14:$N$14,"CO2",E30:N30)+IF(O30>=0,SUMPRODUCT(($O$14:$Z$14="CO2")*(O30:Z30)*MOD(COLUMN($O$14:$Z$14)-COLUMN($O$14)+1,2))+SUMPRODUCT(($P$14:$Z$14="CO2")*(Q30:AA30)*MOD(COLUMN($P$14:$Z$14)-COLUMN($P$14)+1,2))) -> 9 | AD30: =SUMIF($E$14:$N$14,"CO3",E30:N30)+IF(O30>=0, SUMPRODUCT(($O$14:$Z$14="CO3")*(O30:Z30)*MOD(COLUMN($O$14:$Z$14)-COLUMN($O$14)+1,2))+ SUMPRODUCT(($P$14:$Z$14="CO3")*(P30:Z30)*MOD(COLUMN($P$14:$Z$14)-COLUMN($P$14)+1,2))) -> 30 | AE30: =SUMIF($E$14:$N$14,"CO4",$E$17:$N$17) + IF(O30>=0, SUMPRODUCT(($O$14:$Z$14="CO4")*(O30:Z30)*MOD(COLUMN($O$14:$Z$14)-COLUMN($O$14)+1,2))+ SUMPRODUCT(($P$14:$Z$14="CO4")*(P30:Z30)*MOD(COLUMN($P$14:$Z$14)-COLUMN($P$14)+1,2))) -> 26 | AF30: =SUMIF($E$14:$N$14,"CO5",$E$17:$N$17) + IF(O30>=0, SUMPRODUCT(($O$14:$Z$14="CO5")*(O30:Z30)*MOD(COLUMN($O$14:$Z$14)-COLUMN($O$14)+1,2))+ SUMPRODUCT(($P$14:$Z$14="CO5")*(P30:Z30)*MOD(COLUMN($P$14:$Z$14)-COLUMN($P$14)+1,2)) ) -> 22 | AG30: =SUMIF($E$14:$N$14,"CO6",$E$17:$N$17) + IF(O30>0, SUMPRODUCT(($O$14:$Z$14="CO6")*($O$17:$Z$17)*MOD(COLUMN($O$14:$Z$14)-COLUMN($O$14)+1,2))+ SUMPRODUCT(($P$14:$Z$14="CO6")*($P$17:$Z$17)*MOD(COLUMN($P$14:$Z$14)-COLUMN($P$14)+1,2)) ) -> 0 | AH30: =SUM(AB30:AG30) -> 93 | AI30: =AB30/(SUMIF($E$14:$N$14,"CO1",$E$13:$N$13)+SUMPRODUCT(($O$14:$Z$14="CO1")*($O30:$Z30>0)*($O$13:$Z$13)))*100 -> 100 | AJ30: =AC30/(SUMIF($E$14:$N$14,"CO2",$E$13:$N$13)+SUMPRODUCT(($O$14:$Z$14="CO2")*($O30:$Z30>0)*($O$13:$Z$13)))*100 -> 90 | AK30: =AD30/(SUMIF($E$14:$N$14,"CO3",$E$13:$N$13)+SUMPRODUCT(($O$14:$Z$14="CO3")*($O30:$Z30>0)*($O$13:$Z$13)))*100 -> 100 | AL30: =AE30/(SUMIF($E$14:$N$14,"CO4",$E$13:$N$13)+SUMPRODUCT(($O$14:$Z$14="CO4")*($O30:$Z30>0)*($O$13:$Z$13)))*100 -> 100 | AM30: =AF30/(SUMIF($E$14:$N$14,"CO5",$E$13:$N$13)+SUMPRODUCT(($O$14:$Z$14="CO5")*($O30:$Z30>0)*($O$13:$Z$13)))*100 -> 78.571429 | AN30: =AG30/(SUMIF($E$14:$N$14,"CO5",$E$13:$N$13)+SUMPRODUCT(($O$14:$Z$14="CO5")*($O30:$Z30>0)*($O$13:$Z$13)))*100 -> 0
A31: 15 | B31: ='STUDENT NAMELIST'!B19 -> 2023PEC AI 549 | C31: ='STUDENT NAMELIST'!C19 -> 211423243015 | D31: ='STUDENT NAMELIST'!D19 -> AFRIN W A | E31: 2 | F31: 2 | G31: 2 | H31: 0 | I31: 0 | J31: 0 | K31: 0 | L31: 0 | M31: 0 | N31: 0 | O31: 5 | P31: 0 | Q31: 0 | R31: 5 | S31: 4 | T31: 0 | U31: 5 | V31: 0 | W31: 0 | X31: 0 | Y31: 5 | Z31: 0 | AA31: =SUM(E31,F31,G31,H31,I31,J31,K31,L31,M31,N31,O31,P31,Q31,R31,S31,T31,U31,V31,W31,X31,Y31,Z31) -> 30 | AB31: =SUMIF($E$14:$N$14,"CO1",E31:N31)+IF(O31>=0,SUMPRODUCT(($O$14:$Z$14="CO1")*(O31:Z31)*MOD(COLUMN($O$14:$Z$14)-COLUMN($O$14)+1,2))+SUMPRODUCT(($P$14:$Z$14="CO1")*(P31:Z31)*MOD(COLUMN($P$14:$Z$14)-COLUMN($P$14)+1,2))) -> 2 | AC31: =SUMIF($E$14:$N$14,"CO2",E31:N31)+IF(O31>=0,SUMPRODUCT(($O$14:$Z$14="CO2")*(O31:Z31)*MOD(COLUMN($O$14:$Z$14)-COLUMN($O$14)+1,2))+SUMPRODUCT(($P$14:$Z$14="CO2")*(Q31:AA31)*MOD(COLUMN($P$14:$Z$14)-COLUMN($P$14)+1,2))) -> 9 | AD31: =SUMIF($E$14:$N$14,"CO3",E31:N31)+IF(O31>=0, SUMPRODUCT(($O$14:$Z$14="CO3")*(O31:Z31)*MOD(COLUMN($O$14:$Z$14)-COLUMN($O$14)+1,2))+ SUMPRODUCT(($P$14:$Z$14="CO3")*(P31:Z31)*MOD(COLUMN($P$14:$Z$14)-COLUMN($P$14)+1,2))) -> 10 | AE31: =SUMIF($E$14:$N$14,"CO4",$E$17:$N$17) + IF(O31>=0, SUMPRODUCT(($O$14:$Z$14="CO4")*(O31:Z31)*MOD(COLUMN($O$14:$Z$14)-COLUMN($O$14)+1,2))+ SUMPRODUCT(($P$14:$Z$14="CO4")*(P31:Z31)*MOD(COLUMN($P$14:$Z$14)-COLUMN($P$14)+1,2))) -> 4 | AF31: =SUMIF($E$14:$N$14,"CO5",$E$17:$N$17) + IF(O31>=0, SUMPRODUCT(($O$14:$Z$14="CO5")*(O31:Z31)*MOD(COLUMN($O$14:$Z$14)-COLUMN($O$14)+1,2))+ SUMPRODUCT(($P$14:$Z$14="CO5")*(P31:Z31)*MOD(COLUMN($P$14:$Z$14)-COLUMN($P$14)+1,2)) ) -> 5 | AG31: =SUMIF($E$14:$N$14,"CO6",$E$17:$N$17) + IF(O31>0, SUMPRODUCT(($O$14:$Z$14="CO6")*($O$17:$Z$17)*MOD(COLUMN($O$14:$Z$14)-COLUMN($O$14)+1,2))+ SUMPRODUCT(($P$14:$Z$14="CO6")*($P$17:$Z$17)*MOD(COLUMN($P$14:$Z$14)-COLUMN($P$14)+1,2)) ) -> 0 | AH31: =SUM(AB31:AG31) -> 30 | AI31: =AB31/(SUMIF($E$14:$N$14,"CO1",$E$13:$N$13)+SUMPRODUCT(($O$14:$Z$14="CO1")*($O31:$Z31>0)*($O$13:$Z$13)))*100 -> 33.333333 | AJ31: =AC31/(SUMIF($E$14:$N$14,"CO2",$E$13:$N$13)+SUMPRODUCT(($O$14:$Z$14="CO2")*($O31:$Z31>0)*($O$13:$Z$13)))*100 -> 39.130435 | AK31: =AD31/(SUMIF($E$14:$N$14,"CO3",$E$13:$N$13)+SUMPRODUCT(($O$14:$Z$14="CO3")*($O31:$Z31>0)*($O$13:$Z$13)))*100 -> 33.333333 | AL31: =AE31/(SUMIF($E$14:$N$14,"CO4",$E$13:$N$13)+SUMPRODUCT(($O$14:$Z$14="CO4")*($O31:$Z31>0)*($O$13:$Z$13)))*100 -> 30.769231 | AM31: =AF31/(SUMIF($E$14:$N$14,"CO5",$E$13:$N$13)+SUMPRODUCT(($O$14:$Z$14="CO5")*($O31:$Z31>0)*($O$13:$Z$13)))*100 -> 33.333333 | AN31: =AG31/(SUMIF($E$14:$N$14,"CO5",$E$13:$N$13)+SUMPRODUCT(($O$14:$Z$14="CO5")*($O31:$Z31>0)*($O$13:$Z$13)))*100 -> 0
A32: 16 | B32: ='STUDENT NAMELIST'!B20 -> 2023PEC AI 107 | C32: ='STUDENT NAMELIST'!C20 -> 211423243016 | D32: ='STUDENT NAMELIST'!D20 -> AFSHAN TAJ F | E32: 2 | F32: 2 | G32: 2 | H32: 2 | I32: 2 | J32: 2 | K32: 2 | L32: 2 | M32: 1 | N32: 0 | O32: 0 | P32: 11 | Q32: 12 | R32: 0 | S32: 0 | T32: 12 | U32: 0 | V32: 12 | W32: 7 | X32: 0 | Y32: 0 | Z32: 12 | AA32: =SUM(E32,F32,G32,H32,I32,J32,K32,L32,M32,N32,O32,P32,Q32,R32,S32,T32,U32,V32,W32,X32,Y32,Z32) -> 83 | AB32: =SUMIF($E$14:$N$14,"CO1",E32:N32)+IF(O32>=0,SUMPRODUCT(($O$14:$Z$14="CO1")*(O32:Z32)*MOD(COLUMN($O$14:$Z$14)-COLUMN($O$14)+1,2))+SUMPRODUCT(($P$14:$Z$14="CO1")*(P32:Z32)*MOD(COLUMN($P$14:$Z$14)-COLUMN($P$14)+1,2))) -> 6 | AC32: =SUMIF($E$14:$N$14,"CO2",E32:N32)+IF(O32>=0,SUMPRODUCT(($O$14:$Z$14="CO2")*(O32:Z32)*MOD(COLUMN($O$14:$Z$14)-COLUMN($O$14)+1,2))+SUMPRODUCT(($P$14:$Z$14="CO2")*(Q32:AA32)*MOD(COLUMN($P$14:$Z$14)-COLUMN($P$14)+1,2))) -> 8 | AD32: =SUMIF($E$14:$N$14,"CO3",E32:N32)+IF(O32>=0, SUMPRODUCT(($O$14:$Z$14="CO3")*(O32:Z32)*MOD(COLUMN($O$14:$Z$14)-COLUMN($O$14)+1,2))+ SUMPRODUCT(($P$14:$Z$14="CO3")*(P32:Z32)*MOD(COLUMN($P$14:$Z$14)-COLUMN($P$14)+1,2))) -> 26 | AE32: =SUMIF($E$14:$N$14,"CO4",$E$17:$N$17) + IF(O32>=0, SUMPRODUCT(($O$14:$Z$14="CO4")*(O32:Z32)*MOD(COLUMN($O$14:$Z$14)-COLUMN($O$14)+1,2))+ SUMPRODUCT(($P$14:$Z$14="CO4")*(P32:Z32)*MOD(COLUMN($P$14:$Z$14)-COLUMN($P$14)+1,2))) -> 24 | AF32: =SUMIF($E$14:$N$14,"CO5",$E$17:$N$17) + IF(O32>=0, SUMPRODUCT(($O$14:$Z$14="CO5")*(O32:Z32)*MOD(COLUMN($O$14:$Z$14)-COLUMN($O$14)+1,2))+ SUMPRODUCT(($P$14:$Z$14="CO5")*(P32:Z32)*MOD(COLUMN($P$14:$Z$14)-COLUMN($P$14)+1,2)) ) -> 19 | AG32: =SUMIF($E$14:$N$14,"CO6",$E$17:$N$17) + IF(O32>0, SUMPRODUCT(($O$14:$Z$14="CO6")*($O$17:$Z$17)*MOD(COLUMN($O$14:$Z$14)-COLUMN($O$14)+1,2))+ SUMPRODUCT(($P$14:$Z$14="CO6")*($P$17:$Z$17)*MOD(COLUMN($P$14:$Z$14)-COLUMN($P$14)+1,2)) ) -> 0 | AH32: =SUM(AB32:AG32) -> 83 | AI32: =AB32/(SUMIF($E$14:$N$14,"CO1",$E$13:$N$13)+SUMPRODUCT(($O$14:$Z$14="CO1")*($O32:$Z32>0)*($O$13:$Z$13)))*100 -> 100 | AJ32: =AC32/(SUMIF($E$14:$N$14,"CO2",$E$13:$N$13)+SUMPRODUCT(($O$14:$Z$14="CO2")*($O32:$Z32>0)*($O$13:$Z$13)))*100 -> 80 | AK32: =AD32/(SUMIF($E$14:$N$14,"CO3",$E$13:$N$13)+SUMPRODUCT(($O$14:$Z$14="CO3")*($O32:$Z32>0)*($O$13:$Z$13)))*100 -> 86.666667 | AL32: =AE32/(SUMIF($E$14:$N$14,"CO4",$E$13:$N$13)+SUMPRODUCT(($O$14:$Z$14="CO4")*($O32:$Z32>0)*($O$13:$Z$13)))*100 -> 92.307692 | AM32: =AF32/(SUMIF($E$14:$N$14,"CO5",$E$13:$N$13)+SUMPRODUCT(($O$14:$Z$14="CO5")*($O32:$Z32>0)*($O$13:$Z$13)))*100 -> 67.857143 | AN32: =AG32/(SUMIF($E$14:$N$14,"CO5",$E$13:$N$13)+SUMPRODUCT(($O$14:$Z$14="CO5")*($O32:$Z32>0)*($O$13:$Z$13)))*100 -> 0
A33: 17 | B33: ='STUDENT NAMELIST'!B21 -> 2023PEC AI 108 | C33: ='STUDENT NAMELIST'!C21 -> 211423243017 | D33: ='STUDENT NAMELIST'!D21 -> AISHWARYA P | E33: 2 | F33: 2 | G33: 2 | H33: 2 | I33: 2 | J33: 2 | K33: 2 | L33: 2 | M33: 1 | N33: 0 | O33: 13 | P33: 0 | Q33: 0 | R33: 13 | S33: 11 | T33: 0 | U33: 13 | V33: 0 | W33: 0 | X33: 7 | Y33: 13 | Z33: 0 | AA33: =SUM(E33,F33,G33,H33,I33,J33,K33,L33,M33,N33,O33,P33,Q33,R33,S33,T33,U33,V33,W33,X33,Y33,Z33) -> 87 | AB33: =SUMIF($E$14:$N$14,"CO1",E33:N33)+IF(O33>=0,SUMPRODUCT(($O$14:$Z$14="CO1")*(O33:Z33)*MOD(COLUMN($O$14:$Z$14)-COLUMN($O$14)+1,2))+SUMPRODUCT(($P$14:$Z$14="CO1")*(P33:Z33)*MOD(COLUMN($P$14:$Z$14)-COLUMN($P$14)+1,2))) -> 6 | AC33: =SUMIF($E$14:$N$14,"CO2",E33:N33)+IF(O33>=0,SUMPRODUCT(($O$14:$Z$14="CO2")*(O33:Z33)*MOD(COLUMN($O$14:$Z$14)-COLUMN($O$14)+1,2))+SUMPRODUCT(($P$14:$Z$14="CO2")*(Q33:AA33)*MOD(COLUMN($P$14:$Z$14)-COLUMN($P$14)+1,2))) -> 21 | AD33: =SUMIF($E$14:$N$14,"CO3",E33:N33)+IF(O33>=0, SUMPRODUCT(($O$14:$Z$14="CO3")*(O33:Z33)*MOD(COLUMN($O$14:$Z$14)-COLUMN($O$14)+1,2))+ SUMPRODUCT(($P$14:$Z$14="CO3")*(P33:Z33)*MOD(COLUMN($P$14:$Z$14)-COLUMN($P$14)+1,2))) -> 29 | AE33: =SUMIF($E$14:$N$14,"CO4",$E$17:$N$17) + IF(O33>=0, SUMPRODUCT(($O$14:$Z$14="CO4")*(O33:Z33)*MOD(COLUMN($O$14:$Z$14)-COLUMN($O$14)+1,2))+ SUMPRODUCT(($P$14:$Z$14="CO4")*(P33:Z33)*MOD(COLUMN($P$14:$Z$14)-COLUMN($P$14)+1,2))) -> 11 | AF33: =SUMIF($E$14:$N$14,"CO5",$E$17:$N$17) + IF(O33>=0, SUMPRODUCT(($O$14:$Z$14="CO5")*(O33:Z33)*MOD(COLUMN($O$14:$Z$14)-COLUMN($O$14)+1,2))+ SUMPRODUCT(($P$14:$Z$14="CO5")*(P33:Z33)*MOD(COLUMN($P$14:$Z$14)-COLUMN($P$14)+1,2)) ) -> 20 | AG33: =SUMIF($E$14:$N$14,"CO6",$E$17:$N$17) + IF(O33>0, SUMPRODUCT(($O$14:$Z$14="CO6")*($O$17:$Z$17)*MOD(COLUMN($O$14:$Z$14)-COLUMN($O$14)+1,2))+ SUMPRODUCT(($P$14:$Z$14="CO6")*($P$17:$Z$17)*MOD(COLUMN($P$14:$Z$14)-COLUMN($P$14)+1,2)) ) -> 0 | AH33: =SUM(AB33:AG33) -> 87 | AI33: =AB33/(SUMIF($E$14:$N$14,"CO1",$E$13:$N$13)+SUMPRODUCT(($O$14:$Z$14="CO1")*($O33:$Z33>0)*($O$13:$Z$13)))*100 -> 100 | AJ33: =AC33/(SUMIF($E$14:$N$14,"CO2",$E$13:$N$13)+SUMPRODUCT(($O$14:$Z$14="CO2")*($O33:$Z33>0)*($O$13:$Z$13)))*100 -> 91.304348 | AK33: =AD33/(SUMIF($E$14:$N$14,"CO3",$E$13:$N$13)+SUMPRODUCT(($O$14:$Z$14="CO3")*($O33:$Z33>0)*($O$13:$Z$13)))*100 -> 96.666667 | AL33: =AE33/(SUMIF($E$14:$N$14,"CO4",$E$13:$N$13)+SUMPRODUCT(($O$14:$Z$14="CO4")*($O33:$Z33>0)*($O$13:$Z$13)))*100 -> 84.615385 | AM33: =AF33/(SUMIF($E$14:$N$14,"CO5",$E$13:$N$13)+SUMPRODUCT(($O$14:$Z$14="CO5")*($O33:$Z33>0)*($O$13:$Z$13)))*100 -> 71.428571 | AN33: =AG33/(SUMIF($E$14:$N$14,"CO5",$E$13:$N$13)+SUMPRODUCT(($O$14:$Z$14="CO5")*($O33:$Z33>0)*($O$13:$Z$13)))*100 -> 0
A34: 18 | B34: ='STUDENT NAMELIST'!B22 -> 2023PEC AI 550 | C34: ='STUDENT NAMELIST'!C22 -> 211423243018 | D34: ='STUDENT NAMELIST'!D22 -> AKASH A | E34: 2 | F34: 2 | G34: 2 | H34: 2 | I34: 2 | J34: 2 | K34: 2 | L34: 0 | M34: 0 | N34: 0 | O34: 0 | P34: 10 | Q34: 10 | R34: 0 | S34: 0 | T34: 10 | U34: 0 | V34: 10 | W34: 5 | X34: 0 | Y34: 0 | Z34: 11 | AA34: =SUM(E34,F34,G34,H34,I34,J34,K34,L34,M34,N34,O34,P34,Q34,R34,S34,T34,U34,V34,W34,X34,Y34,Z34) -> 70 | AB34: =SUMIF($E$14:$N$14,"CO1",E34:N34)+IF(O34>=0,SUMPRODUCT(($O$14:$Z$14="CO1")*(O34:Z34)*MOD(COLUMN($O$14:$Z$14)-COLUMN($O$14)+1,2))+SUMPRODUCT(($P$14:$Z$14="CO1")*(P34:Z34)*MOD(COLUMN($P$14:$Z$14)-COLUMN($P$14)+1,2))) -> 4 | AC34: =SUMIF($E$14:$N$14,"CO2",E34:N34)+IF(O34>=0,SUMPRODUCT(($O$14:$Z$14="CO2")*(O34:Z34)*MOD(COLUMN($O$14:$Z$14)-COLUMN($O$14)+1,2))+SUMPRODUCT(($P$14:$Z$14="CO2")*(Q34:AA34)*MOD(COLUMN($P$14:$Z$14)-COLUMN($P$14)+1,2))) -> 8 | AD34: =SUMIF($E$14:$N$14,"CO3",E34:N34)+IF(O34>=0, SUMPRODUCT(($O$14:$Z$14="CO3")*(O34:Z34)*MOD(COLUMN($O$14:$Z$14)-COLUMN($O$14)+1,2))+ SUMPRODUCT(($P$14:$Z$14="CO3")*(P34:Z34)*MOD(COLUMN($P$14:$Z$14)-COLUMN($P$14)+1,2))) -> 22 | AE34: =SUMIF($E$14:$N$14,"CO4",$E$17:$N$17) + IF(O34>=0, SUMPRODUCT(($O$14:$Z$14="CO4")*(O34:Z34)*MOD(COLUMN($O$14:$Z$14)-COLUMN($O$14)+1,2))+ SUMPRODUCT(($P$14:$Z$14="CO4")*(P34:Z34)*MOD(COLUMN($P$14:$Z$14)-COLUMN($P$14)+1,2))) -> 20 | AF34: =SUMIF($E$14:$N$14,"CO5",$E$17:$N$17) + IF(O34>=0, SUMPRODUCT(($O$14:$Z$14="CO5")*(O34:Z34)*MOD(COLUMN($O$14:$Z$14)-COLUMN($O$14)+1,2))+ SUMPRODUCT(($P$14:$Z$14="CO5")*(P34:Z34)*MOD(COLUMN($P$14:$Z$14)-COLUMN($P$14)+1,2)) ) -> 16 | AG34: =SUMIF($E$14:$N$14,"CO6",$E$17:$N$17) + IF(O34>0, SUMPRODUCT(($O$14:$Z$14="CO6")*($O$17:$Z$17)*MOD(COLUMN($O$14:$Z$14)-COLUMN($O$14)+1,2))+ SUMPRODUCT(($P$14:$Z$14="CO6")*($P$17:$Z$17)*MOD(COLUMN($P$14:$Z$14)-COLUMN($P$14)+1,2)) ) -> 0 | AH34: =SUM(AB34:AG34) -> 70 | AI34: =AB34/(SUMIF($E$14:$N$14,"CO1",$E$13:$N$13)+SUMPRODUCT(($O$14:$Z$14="CO1")*($O34:$Z34>0)*($O$13:$Z$13)))*100 -> 66.666667 | AJ34: =AC34/(SUMIF($E$14:$N$14,"CO2",$E$13:$N$13)+SUMPRODUCT(($O$14:$Z$14="CO2")*($O34:$Z34>0)*($O$13:$Z$13)))*100 -> 80 | AK34: =AD34/(SUMIF($E$14:$N$14,"CO3",$E$13:$N$13)+SUMPRODUCT(($O$14:$Z$14="CO3")*($O34:$Z34>0)*($O$13:$Z$13)))*100 -> 73.333333 | AL34: =AE34/(SUMIF($E$14:$N$14,"CO4",$E$13:$N$13)+SUMPRODUCT(($O$14:$Z$14="CO4")*($O34:$Z34>0)*($O$13:$Z$13)))*100 -> 76.923077 | AM34: =AF34/(SUMIF($E$14:$N$14,"CO5",$E$13:$N$13)+SUMPRODUCT(($O$14:$Z$14="CO5")*($O34:$Z34>0)*($O$13:$Z$13)))*100 -> 57.142857 | AN34: =AG34/(SUMIF($E$14:$N$14,"CO5",$E$13:$N$13)+SUMPRODUCT(($O$14:$Z$14="CO5")*($O34:$Z34>0)*($O$13:$Z$13)))*100 -> 0
A35: 19 | B35: ='STUDENT NAMELIST'!B23 -> 2023PEC AI 552 | C35: ='STUDENT NAMELIST'!C23 -> 211423243019 | D35: ='STUDENT NAMELIST'!D23 -> AKASH R | E35: 2 | F35: 2 | G35: 2 | H35: 2 | I35: 2 | J35: 0 | K35: 0 | L35: 0 | M35: 0 | N35: 0 | O35: 7 | P35: 0 | Q35: 0 | R35: 7 | S35: 6 | T35: 0 | U35: 7 | V35: 0 | W35: 0 | X35: 5 | Y35: 8 | Z35: 0 | AA35: =SUM(E35,F35,G35,H35,I35,J35,K35,L35,M35,N35,O35,P35,Q35,R35,S35,T35,U35,V35,W35,X35,Y35,Z35) -> 50 | AB35: =SUMIF($E$14:$N$14,"CO1",E35:N35)+IF(O35>=0,SUMPRODUCT(($O$14:$Z$14="CO1")*(O35:Z35)*MOD(COLUMN($O$14:$Z$14)-COLUMN($O$14)+1,2))+SUMPRODUCT(($P$14:$Z$14="CO1")*(P35:Z35)*MOD(COLUMN($P$14:$Z$14)-COLUMN($P$14)+1,2))) -> 2 | AC35: =SUMIF($E$14:$N$14,"CO2",E35:N35)+IF(O35>=0,SUMPRODUCT(($O$14:$Z$14="CO2")*(O35:Z35)*MOD(COLUMN($O$14:$Z$14)-COLUMN($O$14)+1,2))+SUMPRODUCT(($P$14:$Z$14="CO2")*(Q35:AA35)*MOD(COLUMN($P$14:$Z$14)-COLUMN($P$14)+1,2))) -> 13 | AD35: =SUMIF($E$14:$N$14,"CO3",E35:N35)+IF(O35>=0, SUMPRODUCT(($O$14:$Z$14="CO3")*(O35:Z35)*MOD(COLUMN($O$14:$Z$14)-COLUMN($O$14)+1,2))+ SUMPRODUCT(($P$14:$Z$14="CO3")*(P35:Z35)*MOD(COLUMN($P$14:$Z$14)-COLUMN($P$14)+1,2))) -> 16 | AE35: =SUMIF($E$14:$N$14,"CO4",$E$17:$N$17) + IF(O35>=0, SUMPRODUCT(($O$14:$Z$14="CO4")*(O35:Z35)*MOD(COLUMN($O$14:$Z$14)-COLUMN($O$14)+1,2))+ SUMPRODUCT(($P$14:$Z$14="CO4")*(P35:Z35)*MOD(COLUMN($P$14:$Z$14)-COLUMN($P$14)+1,2))) -> 6 | AF35: =SUMIF($E$14:$N$14,"CO5",$E$17:$N$17) + IF(O35>=0, SUMPRODUCT(($O$14:$Z$14="CO5")*(O35:Z35)*MOD(COLUMN($O$14:$Z$14)-COLUMN($O$14)+1,2))+ SUMPRODUCT(($P$14:$Z$14="CO5")*(P35:Z35)*MOD(COLUMN($P$14:$Z$14)-COLUMN($P$14)+1,2)) ) -> 13 | AG35: =SUMIF($E$14:$N$14,"CO6",$E$17:$N$17) + IF(O35>0, SUMPRODUCT(($O$14:$Z$14="CO6")*($O$17:$Z$17)*MOD(COLUMN($O$14:$Z$14)-COLUMN($O$14)+1,2))+ SUMPRODUCT(($P$14:$Z$14="CO6")*($P$17:$Z$17)*MOD(COLUMN($P$14:$Z$14)-COLUMN($P$14)+1,2)) ) -> 0 | AH35: =SUM(AB35:AG35) -> 50 | AI35: =AB35/(SUMIF($E$14:$N$14,"CO1",$E$13:$N$13)+SUMPRODUCT(($O$14:$Z$14="CO1")*($O35:$Z35>0)*($O$13:$Z$13)))*100 -> 33.333333 | AJ35: =AC35/(SUMIF($E$14:$N$14,"CO2",$E$13:$N$13)+SUMPRODUCT(($O$14:$Z$14="CO2")*($O35:$Z35>0)*($O$13:$Z$13)))*100 -> 56.521739 | AK35: =AD35/(SUMIF($E$14:$N$14,"CO3",$E$13:$N$13)+SUMPRODUCT(($O$14:$Z$14="CO3")*($O35:$Z35>0)*($O$13:$Z$13)))*100 -> 53.333333 | AL35: =AE35/(SUMIF($E$14:$N$14,"CO4",$E$13:$N$13)+SUMPRODUCT(($O$14:$Z$14="CO4")*($O35:$Z35>0)*($O$13:$Z$13)))*100 -> 46.153846 | AM35: =AF35/(SUMIF($E$14:$N$14,"CO5",$E$13:$N$13)+SUMPRODUCT(($O$14:$Z$14="CO5")*($O35:$Z35>0)*($O$13:$Z$13)))*100 -> 46.428571 | AN35: =AG35/(SUMIF($E$14:$N$14,"CO5",$E$13:$N$13)+SUMPRODUCT(($O$14:$Z$14="CO5")*($O35:$Z35>0)*($O$13:$Z$13)))*100 -> 0
A36: 20 | B36: ='STUDENT NAMELIST'!B24 -> 2023PEC AI 553 | C36: ='STUDENT NAMELIST'!C24 -> 211423243020 | D36: ='STUDENT NAMELIST'!D24 -> AKASH RAJA M | E36: 2 | F36: 2 | G36: 2 | H36: 2 | I36: 2 | J36: 2 | K36: 2 | L36: 0 | M36: 0 | N36: 0 | O36: 0 | P36: 10 | Q36: 10 | R36: 0 | S36: 0 | T36: 10 | U36: 0 | V36: 10 | W36: 5 | X36: 0 | Y36: 0 | Z36: 11 | AA36: =SUM(E36,F36,G36,H36,I36,J36,K36,L36,M36,N36,O36,P36,Q36,R36,S36,T36,U36,V36,W36,X36,Y36,Z36) -> 70 | AB36: =SUMIF($E$14:$N$14,"CO1",E36:N36)+IF(O36>=0,SUMPRODUCT(($O$14:$Z$14="CO1")*(O36:Z36)*MOD(COLUMN($O$14:$Z$14)-COLUMN($O$14)+1,2))+SUMPRODUCT(($P$14:$Z$14="CO1")*(P36:Z36)*MOD(COLUMN($P$14:$Z$14)-COLUMN($P$14)+1,2))) -> 4 | AC36: =SUMIF($E$14:$N$14,"CO2",E36:N36)+IF(O36>=0,SUMPRODUCT(($O$14:$Z$14="CO2")*(O36:Z36)*MOD(COLUMN($O$14:$Z$14)-COLUMN($O$14)+1,2))+SUMPRODUCT(($P$14:$Z$14="CO2")*(Q36:AA36)*MOD(COLUMN($P$14:$Z$14)-COLUMN($P$14)+1,2))) -> 8 | AD36: =SUMIF($E$14:$N$14,"CO3",E36:N36)+IF(O36>=0, SUMPRODUCT(($O$14:$Z$14="CO3")*(O36:Z36)*MOD(COLUMN($O$14:$Z$14)-COLUMN($O$14)+1,2))+ SUMPRODUCT(($P$14:$Z$14="CO3")*(P36:Z36)*MOD(COLUMN($P$14:$Z$14)-COLUMN($P$14)+1,2))) -> 22 | AE36: =SUMIF($E$14:$N$14,"CO4",$E$17:$N$17) + IF(O36>=0, SUMPRODUCT(($O$14:$Z$14="CO4")*(O36:Z36)*MOD(COLUMN($O$14:$Z$14)-COLUMN($O$14)+1,2))+ SUMPRODUCT(($P$14:$Z$14="CO4")*(P36:Z36)*MOD(COLUMN($P$14:$Z$14)-COLUMN($P$14)+1,2))) -> 20 | AF36: =SUMIF($E$14:$N$14,"CO5",$E$17:$N$17) + IF(O36>=0, SUMPRODUCT(($O$14:$Z$14="CO5")*(O36:Z36)*MOD(COLUMN($O$14:$Z$14)-COLUMN($O$14)+1,2))+ SUMPRODUCT(($P$14:$Z$14="CO5")*(P36:Z36)*MOD(COLUMN($P$14:$Z$14)-COLUMN($P$14)+1,2)) ) -> 16 | AG36: =SUMIF($E$14:$N$14,"CO6",$E$17:$N$17) + IF(O36>0, SUMPRODUCT(($O$14:$Z$14="CO6")*($O$17:$Z$17)*MOD(COLUMN($O$14:$Z$14)-COLUMN($O$14)+1,2))+ SUMPRODUCT(($P$14:$Z$14="CO6")*($P$17:$Z$17)*MOD(COLUMN($P$14:$Z$14)-COLUMN($P$14)+1,2)) ) -> 0 | AH36: =SUM(AB36:AG36) -> 70 | AI36: =AB36/(SUMIF($E$14:$N$14,"CO1",$E$13:$N$13)+SUMPRODUCT(($O$14:$Z$14="CO1")*($O36:$Z36>0)*($O$13:$Z$13)))*100 -> 66.666667 | AJ36: =AC36/(SUMIF($E$14:$N$14,"CO2",$E$13:$N$13)+SUMPRODUCT(($O$14:$Z$14="CO2")*($O36:$Z36>0)*($O$13:$Z$13)))*100 -> 80 | AK36: =AD36/(SUMIF($E$14:$N$14,"CO3",$E$13:$N$13)+SUMPRODUCT(($O$14:$Z$14="CO3")*($O36:$Z36>0)*($O$13:$Z$13)))*100 -> 73.333333 | AL36: =AE36/(SUMIF($E$14:$N$14,"CO4",$E$13:$N$13)+SUMPRODUCT(($O$14:$Z$14="CO4")*($O36:$Z36>0)*($O$13:$Z$13)))*100 -> 76.923077 | AM36: =AF36/(SUMIF($E$14:$N$14,"CO5",$E$13:$N$13)+SUMPRODUCT(($O$14:$Z$14="CO5")*($O36:$Z36>0)*($O$13:$Z$13)))*100 -> 57.142857 | AN36: =AG36/(SUMIF($E$14:$N$14,"CO5",$E$13:$N$13)+SUMPRODUCT(($O$14:$Z$14="CO5")*($O36:$Z36>0)*($O$13:$Z$13)))*100 -> 0
... A519: 503 | B519: ='STUDENT NAMELIST'!B507 -> 0 | C519: ='STUDENT NAMELIST'!C507 -> 211423243907 | D519: ='STUDENT NAMELIST'!D507 -> PRASANTH N | E519: 2 | F519: 2 | G519: 2 | H519: 2 | I519: 2 | J519: 2 | K519: 2 | L519: 0 | M519: 0 | N519: 0 | O519: 0 | P519: 10 | Q519: 10 | R519: 0 | S519: 0 | T519: 10 | U519: 0 | V519: 10 | W519: 5 | X519: 0 | Y519: 0 | Z519: 11 | AA519: =SUM(E519,F519,G519,H519,I519,J519,K519,L519,M519,N519,O519,P519,Q519,R519,S519,T519,U519,V519,W519,X519,Y519,Z519) -> 70 | AB519: =SUMIF($E$14:$N$14,"CO1",E519:N519)+IF(O519>=0,SUMPRODUCT(($O$14:$Z$14="CO1")*(O519:Z519)*MOD(COLUMN($O$14:$Z$14)-COLUMN($O$14)+1,2))+SUMPRODUCT(($P$14:$Z$14="CO1")*(P519:Z519)*MOD(COLUMN($P$14:$Z$14)-COLUMN($P$14)+1,2))) -> 4 | AC519: =SUMIF($E$14:$N$14,"CO2",E519:N519)+IF(O519>=0,SUMPRODUCT(($O$14:$Z$14="CO2")*(O519:Z519)*MOD(COLUMN($O$14:$Z$14)-COLUMN($O$14)+1,2))+SUMPRODUCT(($P$14:$Z$14="CO2")*(Q519:AA519)*MOD(COLUMN($P$14:$Z$14)-COLUMN($P$14)+1,2))) -> 8 | AD519: =SUMIF($E$14:$N$14,"CO3",E519:N519)+IF(O519>=0, SUMPRODUCT(($O$14:$Z$14="CO3")*(O519:Z519)*MOD(COLUMN($O$14:$Z$14)-COLUMN($O$14)+1,2))+ SUMPRODUCT(($P$14:$Z$14="CO3")*(P519:Z519)*MOD(COLUMN($P$14:$Z$14)-COLUMN($P$14)+1,2))) -> 22 | AE519: =SUMIF($E$14:$N$14,"CO4",$E$17:$N$17) + IF(O519>=0, SUMPRODUCT(($O$14:$Z$14="CO4")*(O519:Z519)*MOD(COLUMN($O$14:$Z$14)-COLUMN($O$14)+1,2))+ SUMPRODUCT(($P$14:$Z$14="CO4")*(P519:Z519)*MOD(COLUMN($P$14:$Z$14)-COLUMN($P$14)+1,2))) -> 20 | AF519: =SUMIF($E$14:$N$14,"CO5",$E$17:$N$17) + IF(O519>=0, SUMPRODUCT(($O$14:$Z$14="CO5")*(O519:Z519)*MOD(COLUMN($O$14:$Z$14)-COLUMN($O$14)+1,2))+ SUMPRODUCT(($P$14:$Z$14="CO5")*(P519:Z519)*MOD(COLUMN($P$14:$Z$14)-COLUMN($P$14)+1,2)) ) -> 16 | AG519: =SUMIF($E$14:$N$14,"CO6",$E$17:$N$17) + IF(O519>0, SUMPRODUCT(($O$14:$Z$14="CO6")*($O$17:$Z$17)*MOD(COLUMN($O$14:$Z$14)-COLUMN($O$14)+1,2))+ SUMPRODUCT(($P$14:$Z$14="CO6")*($P$17:$Z$17)*MOD(COLUMN($P$14:$Z$14)-COLUMN($P$14)+1,2)) ) -> 0 | AH519: =SUM(AB519:AG519) -> 70 | AI519: =AB519/(SUMIF($E$14:$N$14,"CO1",$E$13:$N$13)+SUMPRODUCT(($O$14:$Z$14="CO1")*($O519:$Z519>0)*($O$13:$Z$13)))*100 -> 66.666667 | AJ519: =AC519/(SUMIF($E$14:$N$14,"CO2",$E$13:$N$13)+SUMPRODUCT(($O$14:$Z$14="CO2")*($O519:$Z519>0)*($O$13:$Z$13)))*100 -> 80 | AK519: =AD519/(SUMIF($E$14:$N$14,"CO3",$E$13:$N$13)+SUMPRODUCT(($O$14:$Z$14="CO3")*($O519:$Z519>0)*($O$13:$Z$13)))*100 -> 73.333333 | AL519: =AE519/(SUMIF($E$14:$N$14,"CO4",$E$13:$N$13)+SUMPRODUCT(($O$14:$Z$14="CO4")*($O519:$Z519>0)*($O$13:$Z$13)))*100 -> 76.923077 | AM519: =AF519/(SUMIF($E$14:$N$14,"CO5",$E$13:$N$13)+SUMPRODUCT(($O$14:$Z$14="CO5")*($O519:$Z519>0)*($O$13:$Z$13)))*100 -> 57.142857 | AN519: =AG519/(SUMIF($E$14:$N$14,"CO5",$E$13:$N$13)+SUMPRODUCT(($O$14:$Z$14="CO5")*($O519:$Z519>0)*($O$13:$Z$13)))*100 -> 0

Sheet INTERNAL - II 
A1: SUBJECT NAME | C1: OBJECT ORIENTED PROGRAMMING PARADIGM | E1: =IF(E14="NA",1,0) -> 0 | F1: =IF(F14="NA",1,0) -> 0 | G1: =IF(G14="NA",1,0) -> 0 | H1: =IF(H14="NA",1,0) -> 0 | J1: =IF(J14="NA",1,0) -> 0 | K1: =IF(K14="NA",1,0) -> 0 | L1: =IF(L14="NA",1,0) -> 0 | M1: =IF(M14="NA",1,0) -> 0 | O1: =IF(O14="NA",1,0) -> 0 | P1: =IF(P14="NA",1,0) -> 0 | Q1: =IF(Q14="NA",1,0) -> 0 | R1: =IF(R14="NA",1,0) -> 0 | S1: =IF(S14="NA",1,0) -> 0 | T1: =IF(T14="NA",1,0) -> 0 | U1: =IF(U14="NA",1,0) -> 0 | V1: =IF(V14="NA",1,0) -> 0 | ... Z1: =IF(Z14="NA",1,0) -> 0
A2: SUBJECT CODE | C2: 21AD1303 | D2: COURSE CODE | E2: 0
A3: YEAR / SEM | C3: II / III | D3: BATCH | E3: 2022-26
A4: ACADEMIC YEAR | C4: 2023-24
A5: FACULTY NAME(S) | C5: MRS.J.ANITHA,MRS.S.SRINIDHI,Dr.S.HEMAMALINI
A6: REGULATION | C6: 0 | E6: INTERNAL ASSESSMENT - I
A7: PANIMALAR ENGINEERING COLLEGE
A8: ACEDAMIC YEAR: | E8: ='COURSE ASSESSMENT'!$B$6 -> FORMAL LANGUAGES AND AUTOMATA THEORY | H8: INTERNAL - II RESULT | AA8: INT-I TOTAL
A9: Sl. No | B9: ROLL NO. | C9: REG NO. | D9: QUESTION NUMBER >> | E9: PART A | O9: PART B
E10: Q. No.1 | F10: Q. No.2 | G10: Q. No.3 | H10: Q. No. 4 | I10: Q. No. 5 | J10: Q. No. 6 | K10: Q. No. 7 | L10: Q. No. 8 | M10: Q. No. 9 | N10: Q. No. 10 | O10: Q. No. 11 | Q10: Q. No. 12 | S10: Q. No. 13 | U10: Q. No. 14 | W10: Q. No. 15 | AA10: PART - A | AB10: =SUMIF($E$14:$N$14,"CO1",$E$13:$N$13) -> 6 | AC10: =SUMIF($E$14:$N$14,"CO2",$E$13:$N$13) -> 2 | AD10: =SUMIF($E$14:$N$14,"CO3",$E$13:$N$13) -> 4 | AE10: =SUMIF($E$14:$N$14,"CO4",$E$13:$N$13) -> 6 | AF10: =SUMIF($E$14:$N$14,"CO5",$E$13:$N$13) -> 2 | AG10: =SUMIF($E$14:$N$14,"CO6",$E$13:$N$13) -> 0
AA11: PART-B (a) | AB11: =SUMPRODUCT(($O$14:$Z$14="CO1")*($O$13:$Z$13)*MOD(COLUMN($O$14:$Z$14)-COLUMN($O$14)+1,2)) -> 0 | AC11: =SUMPRODUCT(($O$14:$Z$14="CO2")*($O$13:$Z$13)*MOD(COLUMN($O$14:$Z$14)-COLUMN($O$14)+1,2)) -> 0 | AD11: =SUMPRODUCT(($O$14:$Z$14="CO3")*($O$13:$Z$13)*MOD(COLUMN($O$14:$Z$14)-COLUMN($O$14)+1,2)) -> 52 | AE11: =SUMPRODUCT(($O$14:$Z$14="CO4")*($O$13:$Z$13)*MOD(COLUMN($O$14:$Z$14)-COLUMN($O$14)+1,2)) -> 0 | AF11: =SUMPRODUCT(($O$14:$Z$14="CO5")*($O$13:$Z$13)*MOD(COLUMN($O$14:$Z$14)-COLUMN($O$14)+1,2)) -> 0 | AG11: =SUMPRODUCT(($O$14:$Z$14="CO6")*($O$13:$Z$13)*MOD(COLUMN($O$14:$Z$14)-COLUMN($O$14)+1,2)) -> 28
O12: 11.a | P12: 11.b | Q12: 12.a | R12: 12.b | S12: 13.a | T12: 13.b | U12: 14.a | V12: 14.b | W12: 15.a | X12: 15.b | Y12: 16.a | Z12: 16.b | AA12: PART-B (b) | AB12: =SUMPRODUCT(($P$14:$Z$14="CO1")*($P$13:$Z$13)*MOD(COLUMN($P$14:$Z$14)-COLUMN($P$14)+1,2)) -> 0 | AC12: =SUMPRODUCT(($P$14:$Z$14="CO2")*($P$13:$Z$13)*MOD(COLUMN($P$14:$Z$14)-COLUMN($P$14)+1,2)) -> 0 | AD12: =SUMPRODUCT(($P$14:$Z$14="CO3")*($P$13:$Z$13)*MOD(COLUMN($P$14:$Z$14)-COLUMN($P$14)+1,2)) -> 39 | AE12: =SUMPRODUCT(($P$14:$Z$14="CO4")*($P$13:$Z$13)*MOD(COLUMN($P$14:$Z$14)-COLUMN($P$14)+1,2)) -> 0 | AF12: =SUMPRODUCT(($P$14:$Z$14="CO5")*($P$13:$Z$13)*MOD(COLUMN($P$14:$Z$14)-COLUMN($P$14)+1,2)) -> 28 | AG12: =SUMPRODUCT(($P$14:$Z$14="CO6")*($P$13:$Z$13)*MOD(COLUMN($P$14:$Z$14)-COLUMN($P$14)+1,2)) -> 13
D13: MAXIMUM MARK >> | E13: 2 | F13: 2 | G13: 2 | H13: 2 | I13: 2 | J13: 2 | K13: 2 | L13: 2 | M13: 2 | N13: 2 | O13: 13 | P13: 13 | Q13: 13 | R13: 13 | S13: 13 | T13: 13 | U13: 13 | V13: 13 | W13: 13 | X13: 13 | Y13: 15 | Z13: 15 | AA13: 100
D14: COURSE OUTCOME >> | E14: CO1 | F14: CO1 | G14: CO4 | H14: CO3 | I14: CO3 | J14: CO4 | K14: CO1 | L14: CO4 | M14: CO5 | N14: CO2 | O14: CO3 | P14: CO3 | Q14: CO3 | R14: CO3 | S14: CO3 | T14: CO3 | U14: CO3 | V14: CO6 | W14: CO6 | X14: CO5 | Y14: CO6 | Z14: CO5 | AB14: CO1 | AC14: CO2 | AD14: CO3 | AE14: CO4 | AF14: CO5 | AG14: CO6 | AH14: Total (100) | AI14: CO1% | AJ14: CO2% | AK14: CO3% | AL14: CO4% | AM14: CO5% | AN14: CO6%
D15: NAME | AB15: =SUMIF($E$14:$Z$14,"CO1",$E$13:$Z$13) -> 6 | AC15: =SUMIF($E$14:$Z$14,"CO2",$E$13:$Z$13) -> 2 | AD15: =SUMIF($E$14:$Z$14,"CO3",$E$13:$Z$13) -> 95 | AE15: =SUMIF($E$14:$Z$14,"CO4",$E$13:$Z$13) -> 6 | AF15: =SUMIF($E$14:$Z$14,"CO5",$E$13:$Z$13) -> 30 | AG15: =SUMIF($E$14:$Z$14,"CO6",$E$13:$Z$13) -> 41
A17: ='STUDENT NAMELIST'!A5 -> 1 | B17: ='STUDENT NAMELIST'!B5 -> 2023PEC AI 541 | C17: ='STUDENT NAMELIST'!C5 -> 211423243001 | D17: ='STUDENT NAMELIST'!D5 -> AATHISUDHAN A | E17: 2 | F17: 2 | G17: 2 | H17: 2 | I17: 2 | J17: 2 | K17: 2 | L17: 2 | M17: 2 | N17: 0 | O17: 13 | P17: 0 | Q17: 0 | R17: 13 | S17: 12 | T17: 0 | U17: 13 | V17: 0 | W17: 0 | X17: 9 | Y17: 14 | Z17: 0 | AA17: =SUM(E17,F17,G17,H17,I17,J17,K17,L17,M17,N17,O17,P17,Q17,R17,S17,T17,U17,V17,W17,X17,Y17,Z17) -> 92 | AB17: =SUMIF($E$14:$N$14,"CO1",E17:N17)+IF(O17>=0,SUMPRODUCT(($O$14:$Z$14="CO1")*(O17:Z17)*MOD(COLUMN($O$14:$Z$14)-COLUMN($O$14)+1,2))+SUMPRODUCT(($P$14:$Z$14="CO1")*(P17:Z17)*MOD(COLUMN($P$14:$Z$14)-COLUMN($P$14)+1,2))) -> 6 | AC17: =SUMIF($E$14:$N$14,"CO2",E17:N17)+IF(O17>=0,SUMPRODUCT(($O$14:$Z$14="CO2")*(O17:Z17)*MOD(COLUMN($O$14:$Z$14)-COLUMN($O$14)+1,2))+SUMPRODUCT(($P$14:$Z$14="CO2")*(Q17:AA17)*MOD(COLUMN($P$14:$Z$14)-COLUMN($P$14)+1,2))) -> 0 | AD17: =SUMIF($E$14:$N$14,"CO3",E17:N17)+IF(O17>=0, SUMPRODUCT(($O$14:$Z$14="CO3")*(O17:Z17)*MOD(COLUMN($O$14:$Z$14)-COLUMN($O$14)+1,2))+ SUMPRODUCT(($P$14:$Z$14="CO3")*(P17:Z17)*MOD(COLUMN($P$14:$Z$14)-COLUMN($P$14)+1,2))) -> 55 | AE17: =SUMIF($E$14:$N$14,"CO4",$E$17:$N$17) + IF(O17>=0, SUMPRODUCT(($O$14:$Z$14="CO4")*(O17:Z17)*MOD(COLUMN($O$14:$Z$14)-COLUMN($O$14)+1,2))+ SUMPRODUCT(($P$14:$Z$14="CO4")*(P17:Z17)*MOD(COLUMN($P$14:$Z$14)-COLUMN($P$14)+1,2))) -> 6 | AF17: =SUMIF($E$14:$N$14,"CO5",$E$17:$N$17) + IF(O17>=0, SUMPRODUCT(($O$14:$Z$14="CO5")*(O17:Z17)*MOD(COLUMN($O$14:$Z$14)-COLUMN($O$14)+1,2))+ SUMPRODUCT(($P$14:$Z$14="CO5")*(P17:Z17)*MOD(COLUMN($P$14:$Z$14)-COLUMN($P$14)+1,2))) -> 11 | AG17: =SUMIF($E$14:$N$14,"CO6",$E$17:$N$17) + IF(O17>=0, SUMPRODUCT(($O$14:$Z$14="CO6")*($O$17:$Z$17)*MOD(COLUMN($O$14:$Z$14)-COLUMN($O$14)+1,2))+ SUMPRODUCT(($P$14:$Z$14="CO6")*($P$17:$Z$17)*MOD(COLUMN($P$14:$Z$14)-COLUMN($P$14)+1,2)) ) -> 14 | AH17: =SUM(E17:Z17) -> 92 | AI17: =AB17/(SUMIF($E$14:$N$14,"CO1",$E$13:$N$13)+SUMPRODUCT(($O$14:$Z$14="CO1")*($O17:$Z17>0)*($O$13:$Z$13)))*100 -> 100 | AJ17: =AC17/(SUMIF($E$14:$N$14,"CO2",$E$13:$N$13)+SUMPRODUCT(($O$14:$Z$14="CO2")*($O17:$Z17>0)*($O$13:$Z$13)))*100 -> 0 | AK17: =AD17/(SUMIF($E$14:$N$14,"CO3",$E$13:$N$13)+SUMPRODUCT(($O$14:$Z$14="CO3")*($O17:$Z17>0)*($O$13:$Z$13)))*100 -> 98.214286 | AL17: =AE17/(SUMIF($E$14:$N$14,"CO4",$E$13:$N$13)+SUMPRODUCT(($O$14:$Z$14="CO4")*($O17:$Z17>0)*($O$13:$Z$13)))*100 -> 100 | AM17: =AF17/(SUMIF($E$14:$N$14,"CO5",$E$13:$N$13)+SUMPRODUCT(($O$14:$Z$14="CO5")*($O17:$Z17>0)*($O$13:$Z$13)))*100 -> 73.333333 | AN17: =AG17/(SUMIF($E$14:$N$14,"CO5",$E$13:$N$13)+SUMPRODUCT(($O$14:$Z$14="CO5")*($O17:$Z17>0)*($O$13:$Z$13)))*100 -> 93.333333
A18: ='STUDENT NAMELIST'!A6 -> 2 | B18: ='STUDENT NAMELIST'!B6 -> 2023PEC AI 542 | C18: ='STUDENT NAMELIST'!C6 -> 211423243002 | D18: ='STUDENT NAMELIST'!D6 -> ABESHEK SRIRAMN | E18: 2 | F18: 2 | G18: 2 | H18: 2 | I18: 2 | J18: 2 | K18: 2 | L18: 2 | M18: 2 | N18: 0 | O18: 0 | P18: 11 | Q18: 12 | R18: 0 | S18: 0 | T18: 12 | U18: 0 | V18: 12 | W18: 7 | X18: 0 | Y18: 0 | Z18: 14 | AA18: =SUM(E18,F18,G18,H18,I18,J18,K18,L18,M18,N18,O18,P18,Q18,R18,S18,T18,U18,V18,W18,X18,Y18,Z18) -> 86 | AB18: =SUMIF($E$14:$N$14,"CO1",E18:N18)+IF(O18>=0,SUMPRODUCT(($O$14:$Z$14="CO1")*(O18:Z18)*MOD(COLUMN($O$14:$Z$14)-COLUMN($O$14)+1,2))+SUMPRODUCT(($P$14:$Z$14="CO1")*(P18:Z18)*MOD(COLUMN($P$14:$Z$14)-COLUMN($P$14)+1,2))) -> 6 | AC18: =SUMIF($E$14:$N$14,"CO2",E18:N18)+IF(O18>=0,SUMPRODUCT(($O$14:$Z$14="CO2")*(O18:Z18)*MOD(COLUMN($O$14:$Z$14)-COLUMN($O$14)+1,2))+SUMPRODUCT(($P$14:$Z$14="CO2")*(Q18:AA18)*MOD(COLUMN($P$14:$Z$14)-COLUMN($P$14)+1,2))) -> 0 | AD18: =SUMIF($E$14:$N$14,"CO3",E18:N18)+IF(O18>=0, SUMPRODUCT(($O$14:$Z$14="CO3")*(O18:Z18)*MOD(COLUMN($O$14:$Z$14)-COLUMN($O$14)+1,2))+ SUMPRODUCT(($P$14:$Z$14="CO3")*(P18:Z18)*MOD(COLUMN($P$14:$Z$14)-COLUMN($P$14)+1,2))) -> 39 | AE18: =SUMIF($E$14:$N$14,"CO4",$E$17:$N$17) + IF(O18>=0, SUMPRODUCT(($O$14:$Z$14="CO4")*(O18:Z18)*MOD(COLUMN($O$14:$Z$14)-COLUMN($O$14)+1,2))+ SUMPRODUCT(($P$14:$Z$14="CO4")*(P18:Z18)*MOD(COLUMN($P$14:$Z$14)-COLUMN($P$14)+1,2))) -> 6 | AF18: =SUMIF($E$14:$N$14,"CO5",$E$17:$N$17) + IF(O18>=0, SUMPRODUCT(($O$14:$Z$14="CO5")*(O18:Z18)*MOD(COLUMN($O$14:$Z$14)-COLUMN($O$14)+1,2))+ SUMPRODUCT(($P$14:$Z$14="CO5")*(P18:Z18)*MOD(COLUMN($P$14:$Z$14)-COLUMN($P$14)+1,2)) ) -> 16 | AG18: =SUMIF($E$14:$N$14,"CO6",$E$17:$N$17) + IF(O18>0, SUMPRODUCT(($O$14:$Z$14="CO6")*($O$17:$Z$17)*MOD(COLUMN($O$14:$Z$14)-COLUMN($O$14)+1,2))+ SUMPRODUCT(($P$14:$Z$14="CO6")*($P$17:$Z$17)*MOD(COLUMN($P$14:$Z$14)-COLUMN($P$14)+1,2)) ) -> 0 | AH18: =SUM(E18:Z18) -> 86 | AI18: =AB18/(SUMIF($E$14:$N$14,"CO1",$E$13:$N$13)+SUMPRODUCT(($O$14:$Z$14="CO1")*($O18:$Z18>0)*($O$13:$Z$13)))*100 -> 100 | AJ18: =AC18/(SUMIF($E$14:$N$14,"CO2",$E$13:$N$13)+SUMPRODUCT(($O$14:$Z$14="CO2")*($O18:$Z18>0)*($O$13:$Z$13)))*100 -> 0 | AK18: =AD18/(SUMIF($E$14:$N$14,"CO3",$E$13:$N$13)+SUMPRODUCT(($O$14:$Z$14="CO3")*($O18:$Z18>0)*($O$13:$Z$13)))*100 -> 90.697674 | AL18: =AE18/(SUMIF($E$14:$N$14,"CO4",$E$13:$N$13)+SUMPRODUCT(($O$14:$Z$14="CO4")*($O18:$Z18>0)*($O$13:$Z$13)))*100 -> 100 | AM18: =AF18/(SUMIF($E$14:$N$14,"CO5",$E$13:$N$13)+SUMPRODUCT(($O$14:$Z$14="CO5")*($O18:$Z18>0)*($O$13:$Z$13)))*100 -> 94.117647 | AN18: =AG18/(SUMIF($E$14:$N$14,"CO5",$E$13:$N$13)+SUMPRODUCT(($O$14:$Z$14="CO5")*($O18:$Z18>0)*($O$13:$Z$13)))*100 -> 0
A19: ='STUDENT NAMELIST'!A7 -> 3 | B19: ='STUDENT NAMELIST'!B7 -> 2023PEC AI 101 | C19: ='STUDENT NAMELIST'!C7 -> 211423243003 | D19: ='STUDENT NAMELIST'!D7 -> ABINAYA M | E19: 2 | F19: 2 | G19: 2 | H19: 2 | I19: 2 | J19: 2 | K19: 2 | L19: 2 | M19: 0 | N19: 2 | O19: 0 | P19: 13 | Q19: 13 | R19: 0 | S19: 4 | T19: 0 | U19: 13 | V19: 0 | W19: 0 | X19: 13 | Y19: 15 | Z19: 0 | AA19: =SUM(E19,F19,G19,H19,I19,J19,K19,L19,M19,N19,O19,P19,Q19,R19,S19,T19,U19,V19,W19,X19,Y19,Z19) -> 89 | AB19: =SUMIF($E$14:$N$14,"CO1",E19:N19)+IF(O19>=0,SUMPRODUCT(($O$14:$Z$14="CO1")*(O19:Z19)*MOD(COLUMN($O$14:$Z$14)-COLUMN($O$14)+1,2))+SUMPRODUCT(($P$14:$Z$14="CO1")*(P19:Z19)*MOD(COLUMN($P$14:$Z$14)-COLUMN($P$14)+1,2))) -> 6 | AC19: =SUMIF($E$14:$N$14,"CO2",E19:N19)+IF(O19>=0,SUMPRODUCT(($O$14:$Z$14="CO2")*(O19:Z19)*MOD(COLUMN($O$14:$Z$14)-COLUMN($O$14)+1,2))+SUMPRODUCT(($P$14:$Z$14="CO2")*(Q19:AA19)*MOD(COLUMN($P$14:$Z$14)-COLUMN($P$14)+1,2))) -> 2 | AD19: =SUMIF($E$14:$N$14,"CO3",E19:N19)+IF(O19>=0, SUMPRODUCT(($O$14:$Z$14="CO3")*(O19:Z19)*MOD(COLUMN($O$14:$Z$14)-COLUMN($O$14)+1,2))+ SUMPRODUCT(($P$14:$Z$14="CO3")*(P19:Z19)*MOD(COLUMN($P$14:$Z$14)-COLUMN($P$14)+1,2))) -> 47 | AE19: =SUMIF($E$14:$N$14,"CO4",$E$17:$N$17) + IF(O19>=0, SUMPRODUCT(($O$14:$Z$14="CO4")*(O19:Z19)*MOD(COLUMN($O$14:$Z$14)-COLUMN($O$14)+1,2))+ SUMPRODUCT(($P$14:$Z$14="CO4")*(P19:Z19)*MOD(COLUMN($P$14:$Z$14)-COLUMN($P$14)+1,2))) -> 6 | AF19: =SUMIF($E$14:$N$14,"CO5",$E$17:$N$17) + IF(O19>=0, SUMPRODUCT(($O$14:$Z$14="CO5")*(O19:Z19)*MOD(COLUMN($O$14:$Z$14)-COLUMN($O$14)+1,2))+ SUMPRODUCT(($P$14:$Z$14="CO5")*(P19:Z19)*MOD(COLUMN($P$14:$Z$14)-COLUMN($P$14)+1,2)) ) -> 15 | AG19: =SUMIF($E$14:$N$14,"CO6",$E$17:$N$17) + IF(O19>0, SUMPRODUCT(($O$14:$Z$14="CO6")*($O$17:$Z$17)*MOD(COLUMN($O$14:$Z$14)-COLUMN($O$14)+1,2))+ SUMPRODUCT(($P$14:$Z$14="CO6")*($P$17:$Z$17)*MOD(COLUMN($P$14:$Z$14)-COLUMN($P$14)+1,2)) ) -> 0 | AH19: =SUM(E19:Z19) -> 89 | AI19: =AB19/(SUMIF($E$14:$N$14,"CO1",$E$13:$N$13)+SUMPRODUCT(($O$14:$Z$14="CO1")*($O19:$Z19>0)*($O$13:$Z$13)))*100 -> 100 | AJ19: =AC19/(SUMIF($E$14:$N$14,"CO2",$E$13:$N$13)+SUMPRODUCT(($O$14:$Z$14="CO2")*($O19:$Z19>0)*($O$13:$Z$13)))*100 -> 100 | AK19: =AD19/(SUMIF($E$14:$N$14,"CO3",$E$13:$N$13)+SUMPRODUCT(($O$14:$Z$14="CO3")*($O19:$Z19>0)*($O$13:$Z$13)))*100 -> 83.928571 | AL19: =AE19/(SUMIF($E$14:$N$14,"CO4",$E$13:$N$13)+SUMPRODUCT(($O$14:$Z$14="CO4")*($O19:$Z19>0)*($O$13:$Z$13)))*100 -> 100 | AM19: =AF19/(SUMIF($E$14:$N$14,"CO5",$E$13:$N$13)+SUMPRODUCT(($O$14:$Z$14="CO5")*($O19:$Z19>0)*($O$13:$Z$13)))*100 -> 100 | AN19: =AG19/(SUMIF($E$14:$N$14,"CO5",$E$13:$N$13)+SUMPRODUCT(($O$14:$Z$14="CO5")*($O19:$Z19>0)*($O$13:$Z$13)))*100 -> 0
A20: ='STUDENT NAMELIST'!A8 -> 4 | B20: ='STUDENT NAMELIST'!B8 -> 2023PEC AI 543 | C20: ='STUDENT NAMELIST'!C8 -> 211423243004 | D20: ='STUDENT NAMELIST'!D8 -> ABINESH KUMAR T | E20: 2 | F20: 2 | G20: 2 | H20: 2 | I20: 2 | J20: 2 | K20: 1 | L20: 0 | M20: 0 | N20: 0 | O20: 0 | P20: 9 | Q20: 10 | R20: 0 | S20: 0 | T20: 10 | U20: 0 | V20: 10 | W20: 5 | X20: 0 | Y20: 0 | Z20: 12 | AA20: =SUM(E20,F20,G20,H20,I20,J20,K20,L20,M20,N20,O20,P20,Q20,R20,S20,T20,U20,V20,W20,X20,Y20,Z20) -> 69 | AB20: =SUMIF($E$14:$N$14,"CO1",E20:N20)+IF(O20>=0,SUMPRODUCT(($O$14:$Z$14="CO1")*(O20:Z20)*MOD(COLUMN($O$14:$Z$14)-COLUMN($O$14)+1,2))+SUMPRODUCT(($P$14:$Z$14="CO1")*(P20:Z20)*MOD(COLUMN($P$14:$Z$14)-COLUMN($P$14)+1,2))) -> 5 | AC20: =SUMIF($E$14:$N$14,"CO2",E20:N20)+IF(O20>=0,SUMPRODUCT(($O$14:$Z$14="CO2")*(O20:Z20)*MOD(COLUMN($O$14:$Z$14)-COLUMN($O$14)+1,2))+SUMPRODUCT(($P$14:$Z$14="CO2")*(Q20:AA20)*MOD(COLUMN($P$14:$Z$14)-COLUMN($P$14)+1,2))) -> 0 | AD20: =SUMIF($E$14:$N$14,"CO3",E20:N20)+IF(O20>=0, SUMPRODUCT(($O$14:$Z$14="CO3")*(O20:Z20)*MOD(COLUMN($O$14:$Z$14)-COLUMN($O$14)+1,2))+ SUMPRODUCT(($P$14:$Z$14="CO3")*(P20:Z20)*MOD(COLUMN($P$14:$Z$14)-COLUMN($P$14)+1,2))) -> 33 | AE20: =SUMIF($E$14:$N$14,"CO4",$E$17:$N$17) + IF(O20>=0, SUMPRODUCT(($O$14:$Z$14="CO4")*(O20:Z20)*MOD(COLUMN($O$14:$Z$14)-COLUMN($O$14)+1,2))+ SUMPRODUCT(($P$14:$Z$14="CO4")*(P20:Z20)*MOD(COLUMN($P$14:$Z$14)-COLUMN($P$14)+1,2))) -> 6 | AF20: =SUMIF($E$14:$N$14,"CO5",$E$17:$N$17) + IF(O20>=0, SUMPRODUCT(($O$14:$Z$14="CO5")*(O20:Z20)*MOD(COLUMN($O$14:$Z$14)-COLUMN($O$14)+1,2))+ SUMPRODUCT(($P$14:$Z$14="CO5")*(P20:Z20)*MOD(COLUMN($P$14:$Z$14)-COLUMN($P$14)+1,2)) ) -> 14 | AG20: =SUMIF($E$14:$N$14,"CO6",$E$17:$N$17) + IF(O20>=0, SUMPRODUCT(($O$14:$Z$14="CO6")*($O$17:$Z$17)*MOD(COLUMN($O$14:$Z$14)-COLUMN($O$14)+1,2))+ SUMPRODUCT(($P$14:$Z$14="CO6")*($P$17:$Z$17)*MOD(COLUMN($P$14:$Z$14)-COLUMN($P$14)+1,2)) ) -> 14 | AH20: =SUM(E20:Z20) -> 69 | AI20: =AB20/(SUMIF($E$14:$N$14,"CO1",$E$13:$N$13)+SUMPRODUCT(($O$14:$Z$14="CO1")*($O20:$Z20>0)*($O$13:$Z$13)))*100 -> 83.333333 | AJ20: =AC20/(SUMIF($E$14:$N$14,"CO2",$E$13:$N$13)+SUMPRODUCT(($O$14:$Z$14="CO2")*($O20:$Z20>0)*($O$13:$Z$13)))*100 -> 0 | AK20: =AD20/(SUMIF($E$14:$N$14,"CO3",$E$13:$N$13)+SUMPRODUCT(($O$14:$Z$14="CO3")*($O20:$Z20>0)*($O$13:$Z$13)))*100 -> 76.744186 | AL20: =AE20/(SUMIF($E$14:$N$14,"CO4",$E$13:$N$13)+SUMPRODUCT(($O$14:$Z$14="CO4")*($O20:$Z20>0)*($O$13:$Z$13)))*100 -> 100 | AM20: =AF20/(SUMIF($E$14:$N$14,"CO5",$E$13:$N$13)+SUMPRODUCT(($O$14:$Z$14="CO5")*($O20:$Z20>0)*($O$13:$Z$13)))*100 -> 82.352941 | AN20: =AG20/(SUMIF($E$14:$N$14,"CO5",$E$13:$N$13)+SUMPRODUCT(($O$14:$Z$14="CO5")*($O20:$Z20>0)*($O$13:$Z$13)))*100 -> 82.352941
A21: ='STUDENT NAMELIST'!A9 -> 5 | B21: ='STUDENT NAMELIST'!B9 -> 2023PEC AI 102 | C21: ='STUDENT NAMELIST'!C9 -> 211423243005 | D21: ='STUDENT NAMELIST'!D9 -> ABIRAMI A | E21: 0 | F21: 2 | G21: 2 | H21: 2 | I21: 2 | J21: 1 | K21: 0 | L21: 0 | M21: 0 | N21: 0 | O21: 8 | P21: 0 | Q21: 0 | R21: 8 | S21: 7 | T21: 0 | U21: 8 | V21: 0 | W21: 0 | X21: 9 | Y21: 8 | Z21: 0 | AA21: =SUM(E21,F21,G21,H21,I21,J21,K21,L21,M21,N21,O21,P21,Q21,R21,S21,T21,U21,V21,W21,X21,Y21,Z21) -> 57 | AB21: =SUMIF($E$14:$N$14,"CO1",E21:N21)+IF(O21>=0,SUMPRODUCT(($O$14:$Z$14="CO1")*(O21:Z21)*MOD(COLUMN($O$14:$Z$14)-COLUMN($O$14)+1,2))+SUMPRODUCT(($P$14:$Z$14="CO1")*(P21:Z21)*MOD(COLUMN($P$14:$Z$14)-COLUMN($P$14)+1,2))) -> 2 | AC21: =SUMIF($E$14:$N$14,"CO2",E21:N21)+IF(O21>=0,SUMPRODUCT(($O$14:$Z$14="CO2")*(O21:Z21)*MOD(COLUMN($O$14:$Z$14)-COLUMN($O$14)+1,2))+SUMPRODUCT(($P$14:$Z$14="CO2")*(Q21:AA21)*MOD(COLUMN($P$14:$Z$14)-COLUMN($P$14)+1,2))) -> 0 | AD21: =SUMIF($E$14:$N$14,"CO3",E21:N21)+IF(O21>=0, SUMPRODUCT(($O$14:$Z$14="CO3")*(O21:Z21)*MOD(COLUMN($O$14:$Z$14)-COLUMN($O$14)+1,2))+ SUMPRODUCT(($P$14:$Z$14="CO3")*(P21:Z21)*MOD(COLUMN($P$14:$Z$14)-COLUMN($P$14)+1,2))) -> 35 | AE21: =SUMIF($E$14:$N$14,"CO4",$E$17:$N$17) + IF(O21>=0, SUMPRODUCT(($O$14:$Z$14="CO4")*(O21:Z21)*MOD(COLUMN($O$14:$Z$14)-COLUMN($O$14)+1,2))+ SUMPRODUCT(($P$14:$Z$14="CO4")*(P21:Z21)*MOD(COLUMN($P$14:$Z$14)-COLUMN($P$14)+1,2))) -> 6 | AF21: =SUMIF($E$14:$N$14,"CO5",$E$17:$N$17) + IF(O21>=0, SUMPRODUCT(($O$14:$Z$14="CO5")*(O21:Z21)*MOD(COLUMN($O$14:$Z$14)-COLUMN($O$14)+1,2))+ SUMPRODUCT(($P$14:$Z$14="CO5")*(P21:Z21)*MOD(COLUMN($P$14:$Z$14)-COLUMN($P$14)+1,2)) ) -> 11 | AG21: =SUMIF($E$14:$N$14,"CO6",$E$17:$N$17) + IF(O21>=0, SUMPRODUCT(($O$14:$Z$14="CO6")*($O$17:$Z$17)*MOD(COLUMN($O$14:$Z$14)-COLUMN($O$14)+1,2))+ SUMPRODUCT(($P$14:$Z$14="CO6")*($P$17:$Z$17)*MOD(COLUMN($P$14:$Z$14)-COLUMN($P$14)+1,2)) ) -> 14 | AH21: =SUM(E21:Z21) -> 57 | AI21: =AB21/(SUMIF($E$14:$N$14,"CO1",$E$13:$N$13)+SUMPRODUCT(($O$14:$Z$14="CO1")*($O21:$Z21>0)*($O$13:$Z$13)))*100 -> 33.333333 | AJ21: =AC21/(SUMIF($E$14:$N$14,"CO2",$E$13:$N$13)+SUMPRODUCT(($O$14:$Z$14="CO2")*($O21:$Z21>0)*($O$13:$Z$13)))*100 -> 0 | AK21: =AD21/(SUMIF($E$14:$N$14,"CO3",$E$13:$N$13)+SUMPRODUCT(($O$14:$Z$14="CO3")*($O21:$Z21>0)*($O$13:$Z$13)))*100 -> 62.5 | AL21: =AE21/(SUMIF($E$14:$N$14,"CO4",$E$13:$N$13)+SUMPRODUCT(($O$14:$Z$14="CO4")*($O21:$Z21>0)*($O$13:$Z$13)))*100 -> 100 | AM21: =AF21/(SUMIF($E$14:$N$14,"CO5",$E$13:$N$13)+SUMPRODUCT(($O$14:$Z$14="CO5")*($O21:$Z21>0)*($O$13:$Z$13)))*100 -> 73.333333 | AN21: =AG21/(SUMIF($E$14:$N$14,"CO5",$E$13:$N$13)+SUMPRODUCT(($O$14:$Z$14="CO5")*($O21:$Z21>0)*($O$13:$Z$13)))*100 -> 93.333333
A22: ='STUDENT NAMELIST'!A10 -> 6 | B22: ='STUDENT NAMELIST'!B10 -> 2023PEC AI 103 | C22: ='STUDENT NAMELIST'!C10 -> 211423243006 | D22: ='STUDENT NAMELIST'!D10 -> ABIRAMI G | E22: 0 | F22: 2 | G22: 0 | H22: 0 | I22: 0 | J22: 0 | K22: 1 | L22: 0 | M22: 0 | N22: 0 | O22: 13 | P22: 0 | Q22: 0 | R22: 4 | S22: 4 | T22: 0 | U22: 13 | V22: 0 | W22: 0 | X22: 13 | Y22: 0 | Z22: 10 | AA22: =SUM(E22,F22,G22,H22,I22,J22,K22,L22,M22,N22,O22,P22,Q22,R22,S22,T22,U22,V22,W22,X22,Y22,Z22) -> 60 | AB22: =SUMIF($E$14:$N$14,"CO1",E22:N22)+IF(O22>=0,SUMPRODUCT(($O$14:$Z$14="CO1")*(O22:Z22)*MOD(COLUMN($O$14:$Z$14)-COLUMN($O$14)+1,2))+SUMPRODUCT(($P$14:$Z$14="CO1")*(P22:Z22)*MOD(COLUMN($P$14:$Z$14)-COLUMN($P$14)+1,2))) -> 3 | AC22: =SUMIF($E$14:$N$14,"CO2",E22:N22)+IF(O22>=0,SUMPRODUCT(($O$14:$Z$14="CO2")*(O22:Z22)*MOD(COLUMN($O$14:$Z$14)-COLUMN($O$14)+1,2))+SUMPRODUCT(($P$14:$Z$14="CO2")*(Q22:AA22)*MOD(COLUMN($P$14:$Z$14)-COLUMN($P$14)+1,2))) -> 0 | AD22: =SUMIF($E$14:$N$14,"CO3",E22:N22)+IF(O22>=0, SUMPRODUCT(($O$14:$Z$14="CO3")*(O22:Z22)*MOD(COLUMN($O$14:$Z$14)-COLUMN($O$14)+1,2))+ SUMPRODUCT(($P$14:$Z$14="CO3")*(P22:Z22)*MOD(COLUMN($P$14:$Z$14)-COLUMN($P$14)+1,2))) -> 34 | AE22: =SUMIF($E$14:$N$14,"CO4",$E$17:$N$17) + IF(O22>=0, SUMPRODUCT(($O$14:$Z$14="CO4")*(O22:Z22)*MOD(COLUMN($O$14:$Z$14)-COLUMN($O$14)+1,2))+ SUMPRODUCT(($P$14:$Z$14="CO4")*(P22:Z22)*MOD(COLUMN($P$14:$Z$14)-COLUMN($P$14)+1,2))) -> 6 | AF22: =SUMIF($E$14:$N$14,"CO5",$E$17:$N$17) + IF(O22>=0, SUMPRODUCT(($O$14:$Z$14="CO5")*(O22:Z22)*MOD(COLUMN($O$14:$Z$14)-COLUMN($O$14)+1,2))+ SUMPRODUCT(($P$14:$Z$14="CO5")*(P22:Z22)*MOD(COLUMN($P$14:$Z$14)-COLUMN($P$14)+1,2)) ) -> 25 | AG22: =SUMIF($E$14:$N$14,"CO6",$E$17:$N$17) + IF(O22>=0, SUMPRODUCT(($O$14:$Z$14="CO6")*($O$17:$Z$17)*MOD(COLUMN($O$14:$Z$14)-COLUMN($O$14)+1,2))+ SUMPRODUCT(($P$14:$Z$14="CO6")*($P$17:$Z$17)*MOD(COLUMN($P$14:$Z$14)-COLUMN($P$14)+1,2)) ) -> 14 | AH22: =SUM(E22:Z22) -> 60 | AI22: =AB22/(SUMIF($E$14:$N$14,"CO1",$E$13:$N$13)+SUMPRODUCT(($O$14:$Z$14="CO1")*($O22:$Z22>0)*($O$13:$Z$13)))*100 -> 50 | AJ22: =AC22/(SUMIF($E$14:$N$14,"CO2",$E$13:$N$13)+SUMPRODUCT(($O$14:$Z$14="CO2")*($O22:$Z22>0)*($O$13:$Z$13)))*100 -> 0 | AK22: =AD22/(SUMIF($E$14:$N$14,"CO3",$E$13:$N$13)+SUMPRODUCT(($O$14:$Z$14="CO3")*($O22:$Z22>0)*($O$13:$Z$13)))*100 -> 60.714286 | AL22: =AE22/(SUMIF($E$14:$N$14,"CO4",$E$13:$N$13)+SUMPRODUCT(($O$14:$Z$14="CO4")*($O22:$Z22>0)*($O$13:$Z$13)))*100 -> 100 | AM22: =AF22/(SUMIF($E$14:$N$14,"CO5",$E$13:$N$13)+SUMPRODUCT(($O$14:$Z$14="CO5")*($O22:$Z22>0)*($O$13:$Z$13)))*100 -> 83.333333 | AN22: =AG22/(SUMIF($E$14:$N$14,"CO5",$E$13:$N$13)+SUMPRODUCT(($O$14:$Z$14="CO5")*($O22:$Z22>0)*($O$13:$Z$13)))*100 -> 46.666667
A23: ='STUDENT NAMELIST'!A11 -> 7 | B23: ='STUDENT NAMELIST'!B11 -> 2023PEC AI 544 | C23: ='STUDENT NAMELIST'!C11 -> 211423243007 | D23: ='STUDENT NAMELIST'!D11 -> ABISHAI SINGH J | E23: 2 | F23: 2 | G23: 2 | H23: 2 | I23: 0 | J23: 0 | K23: 0 | L23: 0 | M23: 0 | N23: 0 | O23: 6 | P23: 0 | Q23: 0 | R23: 6 | S23: 5 | T23: 0 | U23: 6 | V23: 0 | W23: 0 | X23: 3 | Y23: 6 | Z23: 0 | AA23: =SUM(E23,F23,G23,H23,I23,J23,K23,L23,M23,N23,O23,P23,Q23,R23,S23,T23,U23,V23,W23,X23,Y23,Z23) -> 40 | AB23: =SUMIF($E$14:$N$14,"CO1",E23:N23)+IF(O23>=0,SUMPRODUCT(($O$14:$Z$14="CO1")*(O23:Z23)*MOD(COLUMN($O$14:$Z$14)-COLUMN($O$14)+1,2))+SUMPRODUCT(($P$14:$Z$14="CO1")*(P23:Z23)*MOD(COLUMN($P$14:$Z$14)-COLUMN($P$14)+1,2))) -> 4 | AC23: =SUMIF($E$14:$N$14,"CO2",E23:N23)+IF(O23>=0,SUMPRODUCT(($O$14:$Z$14="CO2")*(O23:Z23)*MOD(COLUMN($O$14:$Z$14)-COLUMN($O$14)+1,2))+SUMPRODUCT(($P$14:$Z$14="CO2")*(Q23:AA23)*MOD(COLUMN($P$14:$Z$14)-COLUMN($P$14)+1,2))) -> 0 | AD23: =SUMIF($E$14:$N$14,"CO3",E23:N23)+IF(O23>=0, SUMPRODUCT(($O$14:$Z$14="CO3")*(O23:Z23)*MOD(COLUMN($O$14:$Z$14)-COLUMN($O$14)+1,2))+ SUMPRODUCT(($P$14:$Z$14="CO3")*(P23:Z23)*MOD(COLUMN($P$14:$Z$14)-COLUMN($P$14)+1,2))) -> 25 | AE23: =SUMIF($E$14:$N$14,"CO4",$E$17:$N$17) + IF(O23>=0, SUMPRODUCT(($O$14:$Z$14="CO4")*(O23:Z23)*MOD(COLUMN($O$14:$Z$14)-COLUMN($O$14)+1,2))+ SUMPRODUCT(($P$14:$Z$14="CO4")*(P23:Z23)*MOD(COLUMN($P$14:$Z$14)-COLUMN($P$14)+1,2))) -> 6 | AF23: =SUMIF($E$14:$N$14,"CO5",$E$17:$N$17) + IF(O23>=0, SUMPRODUCT(($O$14:$Z$14="CO5")*(O23:Z23)*MOD(COLUMN($O$14:$Z$14)-COLUMN($O$14)+1,2))+ SUMPRODUCT(($P$14:$Z$14="CO5")*(P23:Z23)*MOD(COLUMN($P$14:$Z$14)-COLUMN($P$14)+1,2)) ) -> 5 | AG23: =SUMIF($E$14:$N$14,"CO6",$E$17:$N$17) + IF(O23>=0, SUMPRODUCT(($O$14:$Z$14="CO6")*($O$17:$Z$17)*MOD(COLUMN($O$14:$Z$14)-COLUMN($O$14)+1,2))+ SUMPRODUCT(($P$14:$Z$14="CO6")*($P$17:$Z$17)*MOD(COLUMN($P$14:$Z$14)-COLUMN($P$14)+1,2)) ) -> 14 | AH23: =SUM(E23:Z23) -> 40 | AI23: =AB23/(SUMIF($E$14:$N$14,"CO1",$E$13:$N$13)+SUMPRODUCT(($O$14:$Z$14="CO1")*($O23:$Z23>0)*($O$13:$Z$13)))*100 -> 66.666667 | AJ23: =AC23/(SUMIF($E$14:$N$14,"CO2",$E$13:$N$13)+SUMPRODUCT(($O$14:$Z$14="CO2")*($O23:$Z23>0)*($O$13:$Z$13)))*100 -> 0 | AK23: =AD23/(SUMIF($E$14:$N$14,"CO3",$E$13:$N$13)+SUMPRODUCT(($O$14:$Z$14="CO3")*($O23:$Z23>0)*($O$13:$Z$13)))*100 -> 44.642857 | AL23: =AE23/(SUMIF($E$14:$N$14,"CO4",$E$13:$N$13)+SUMPRODUCT(($O$14:$Z$14="CO4")*($O23:$Z23>0)*($O$13:$Z$13)))*100 -> 100 | AM23: =AF23/(SUMIF($E$14:$N$14,"CO5",$E$13:$N$13)+SUMPRODUCT(($O$14:$Z$14="CO5")*($O23:$Z23>0)*($O$13:$Z$13)))*100 -> 33.333333 | AN23: =AG23/(SUMIF($E$14:$N$14,"CO5",$E$13:$N$13)+SUMPRODUCT(($O$14:$Z$14="CO5")*($O23:$Z23>0)*($O$13:$Z$13)))*100 -> 93.333333
A24: ='STUDENT NAMELIST'!A12 -> 8 | B24: ='STUDENT NAMELIST'!B12 -> 2023PEC AI 545 | C24: ='STUDENT NAMELIST'!C12 -> 211423243008 | D24: ='STUDENT NAMELIST'!D12 -> ABISHEK RANGARAJ M | E24: 2 | F24: 2 | G24: 2 | H24: 2 | I24: 0 | J24: 0 | K24: 0 | L24: 0 | M24: 0 | N24: 0 | O24: 0 | P24: 6 | Q24: 6 | R24: 0 | S24: 0 | T24: 6 | U24: 0 | V24: 6 | W24: 2 | X24: 0 | Y24: 0 | Z24: 10 | AA24: =SUM(E24,F24,G24,H24,I24,J24,K24,L24,M24,N24,O24,P24,Q24,R24,S24,T24,U24,V24,W24,X24,Y24,Z24) -> 44 | AB24: =SUMIF($E$14:$N$14,"CO1",E24:N24)+IF(O24>=0,SUMPRODUCT(($O$14:$Z$14="CO1")*(O24:Z24)*MOD(COLUMN($O$14:$Z$14)-COLUMN($O$14)+1,2))+SUMPRODUCT(($P$14:$Z$14="CO1")*(P24:Z24)*MOD(COLUMN($P$14:$Z$14)-COLUMN($P$14)+1,2))) -> 4 | AC24: =SUMIF($E$14:$N$14,"CO2",E24:N24)+IF(O24>=0,SUMPRODUCT(($O$14:$Z$14="CO2")*(O24:Z24)*MOD(COLUMN($O$14:$Z$14)-COLUMN($O$14)+1,2))+SUMPRODUCT(($P$14:$Z$14="CO2")*(Q24:AA24)*MOD(COLUMN($P$14:$Z$14)-COLUMN($P$14)+1,2))) -> 0 | AD24: =SUMIF($E$14:$N$14,"CO3",E24:N24)+IF(O24>=0, SUMPRODUCT(($O$14:$Z$14="CO3")*(O24:Z24)*MOD(COLUMN($O$14:$Z$14)-COLUMN($O$14)+1,2))+ SUMPRODUCT(($P$14:$Z$14="CO3")*(P24:Z24)*MOD(COLUMN($P$14:$Z$14)-COLUMN($P$14)+1,2))) -> 20 | AE24: =SUMIF($E$14:$N$14,"CO4",$E$17:$N$17) + IF(O24>=0, SUMPRODUCT(($O$14:$Z$14="CO4")*(O24:Z24)*MOD(COLUMN($O$14:$Z$14)-COLUMN($O$14)+1,2))+ SUMPRODUCT(($P$14:$Z$14="CO4")*(P24:Z24)*MOD(COLUMN($P$14:$Z$14)-COLUMN($P$14)+1,2))) -> 6 | AF24: =SUMIF($E$14:$N$14,"CO5",$E$17:$N$17) + IF(O24>=0, SUMPRODUCT(($O$14:$Z$14="CO5")*(O24:Z24)*MOD(COLUMN($O$14:$Z$14)-COLUMN($O$14)+1,2))+ SUMPRODUCT(($P$14:$Z$14="CO5")*(P24:Z24)*MOD(COLUMN($P$14:$Z$14)-COLUMN($P$14)+1,2)) ) -> 12 | AG24: =SUMIF($E$14:$N$14,"CO6",$E$17:$N$17) + IF(O24>=0, SUMPRODUCT(($O$14:$Z$14="CO6")*($O$17:$Z$17)*MOD(COLUMN($O$14:$Z$14)-COLUMN($O$14)+1,2))+ SUMPRODUCT(($P$14:$Z$14="CO6")*($P$17:$Z$17)*MOD(COLUMN($P$14:$Z$14)-COLUMN($P$14)+1,2)) ) -> 14 | AH24: =SUM(E24:Z24) -> 44 | AI24: =AB24/(SUMIF($E$14:$N$14,"CO1",$E$13:$N$13)+SUMPRODUCT(($O$14:$Z$14="CO1")*($O24:$Z24>0)*($O$13:$Z$13)))*100 -> 66.666667 | AJ24: =AC24/(SUMIF($E$14:$N$14,"CO2",$E$13:$N$13)+SUMPRODUCT(($O$14:$Z$14="CO2")*($O24:$Z24>0)*($O$13:$Z$13)))*100 -> 0 | AK24: =AD24/(SUMIF($E$14:$N$14,"CO3",$E$13:$N$13)+SUMPRODUCT(($O$14:$Z$14="CO3")*($O24:$Z24>0)*($O$13:$Z$13)))*100 -> 46.511628 | AL24: =AE24/(SUMIF($E$14:$N$14,"CO4",$E$13:$N$13)+SUMPRODUCT(($O$14:$Z$14="CO4")*($O24:$Z24>0)*($O$13:$Z$13)))*100 -> 100 | AM24: =AF24/(SUMIF($E$14:$N$14,"CO5",$E$13:$N$13)+SUMPRODUCT(($O$14:$Z$14="CO5")*($O24:$Z24>0)*($O$13:$Z$13)))*100 -> 70.588235 | AN24: =AG24/(SUMIF($E$14:$N$14,"CO5",$E$13:$N$13)+SUMPRODUCT(($O$14:$Z$14="CO5")*($O24:$Z24>0)*($O$13:$Z$13)))*100 -> 82.352941
A25: ='STUDENT NAMELIST'!A13 -> 9 | B25: ='STUDENT NAMELIST'!B13 -> 2023PEC AI 104 | C25: ='STUDENT NAMELIST'!C13 -> 211423243009 | D25: ='STUDENT NAMELIST'!D13 -> ABITHA R D | E25: 2 | F25: 2 | G25: 2 | H25: 2 | I25: 0 | J25: 0 | K25: 1 | L25: 0 | M25: 2 | N25: 2 | O25: 13 | P25: 0 | Q25: 0 | R25: 13 | S25: 13 | T25: 0 | U25: 13 | V25: 0 | W25: 0 | X25: 13 | Y25: 15 | Z25: 0 | AA25: =SUM(E25,F25,G25,H25,I25,J25,K25,L25,M25,N25,O25,P25,Q25,R25,S25,T25,U25,V25,W25,X25,Y25,Z25) -> 93 | AB25: =SUMIF($E$14:$N$14,"CO1",E25:N25)+IF(O25>=0,SUMPRODUCT(($O$14:$Z$14="CO1")*(O25:Z25)*MOD(COLUMN($O$14:$Z$14)-COLUMN($O$14)+1,2))+SUMPRODUCT(($P$14:$Z$14="CO1")*(P25:Z25)*MOD(COLUMN($P$14:$Z$14)-COLUMN($P$14)+1,2))) -> 5 | AC25: =SUMIF($E$14:$N$14,"CO2",E25:N25)+IF(O25>=0,SUMPRODUCT(($O$14:$Z$14="CO2")*(O25:Z25)*MOD(COLUMN($O$14:$Z$14)-COLUMN($O$14)+1,2))+SUMPRODUCT(($P$14:$Z$14="CO2")*(Q25:AA25)*MOD(COLUMN($P$14:$Z$14)-COLUMN($P$14)+1,2))) -> 2 | AD25: =SUMIF($E$14:$N$14,"CO3",E25:N25)+IF(O25>=0, SUMPRODUCT(($O$14:$Z$14="CO3")*(O25:Z25)*MOD(COLUMN($O$14:$Z$14)-COLUMN($O$14)+1,2))+ SUMPRODUCT(($P$14:$Z$14="CO3")*(P25:Z25)*MOD(COLUMN($P$14:$Z$14)-COLUMN($P$14)+1,2))) -> 54 | AE25: =SUMIF($E$14:$N$14,"CO4",$E$17:$N$17) + IF(O25>=0, SUMPRODUCT(($O$14:$Z$14="CO4")*(O25:Z25)*MOD(COLUMN($O$14:$Z$14)-COLUMN($O$14)+1,2))+ SUMPRODUCT(($P$14:$Z$14="CO4")*(P25:Z25)*MOD(COLUMN($P$14:$Z$14)-COLUMN($P$14)+1,2))) -> 6 | AF25: =SUMIF($E$14:$N$14,"CO5",$E$17:$N$17) + IF(O25>=0, SUMPRODUCT(($O$14:$Z$14="CO5")*(O25:Z25)*MOD(COLUMN($O$14:$Z$14)-COLUMN($O$14)+1,2))+ SUMPRODUCT(($P$14:$Z$14="CO5")*(P25:Z25)*MOD(COLUMN($P$14:$Z$14)-COLUMN($P$14)+1,2)) ) -> 15 | AG25: =SUMIF($E$14:$N$14,"CO6",$E$17:$N$17) + IF(O25>=0, SUMPRODUCT(($O$14:$Z$14="CO6")*($O$17:$Z$17)*MOD(COLUMN($O$14:$Z$14)-COLUMN($O$14)+1,2))+ SUMPRODUCT(($P$14:$Z$14="CO6")*($P$17:$Z$17)*MOD(COLUMN($P$14:$Z$14)-COLUMN($P$14)+1,2)) ) -> 14 | AH25: =SUM(E25:Z25) -> 93 | AI25: =AB25/(SUMIF($E$14:$N$14,"CO1",$E$13:$N$13)+SUMPRODUCT(($O$14:$Z$14="CO1")*($O25:$Z25>0)*($O$13:$Z$13)))*100 -> 83.333333 | AJ25: =AC25/(SUMIF($E$14:$N$14,"CO2",$E$13:$N$13)+SUMPRODUCT(($O$14:$Z$14="CO2")*($O25:$Z25>0)*($O$13:$Z$13)))*100 -> 100 | AK25: =AD25/(SUMIF($E$14:$N$14,"CO3",$E$13:$N$13)+SUMPRODUCT(($O$14:$Z$14="CO3")*($O25:$Z25>0)*($O$13:$Z$13)))*100 -> 96.428571 | AL25: =AE25/(SUMIF($E$14:$N$14,"CO4",$E$13:$N$13)+SUMPRODUCT(($O$14:$Z$14="CO4")*($O25:$Z25>0)*($O$13:$Z$13)))*100 -> 100 | AM25: =AF25/(SUMIF($E$14:$N$14,"CO5",$E$13:$N$13)+SUMPRODUCT(($O$14:$Z$14="CO5")*($O25:$Z25>0)*($O$13:$Z$13)))*100 -> 100 | AN25: =AG25/(SUMIF($E$14:$N$14,"CO5",$E$13:$N$13)+SUMPRODUCT(($O$14:$Z$14="CO5")*($O25:$Z25>0)*($O$13:$Z$13)))*100 -> 93.333333
A26: ='STUDENT NAMELIST'!A14 -> 10 | B26: ='STUDENT NAMELIST'!B14 -> 2023PEC AI 546 | C26: ='STUDENT NAMELIST'!C14 -> 211423243010 | D26: ='STUDENT NAMELIST'!D14 -> ABRAHAM S J | E26: 2 | F26: 2 | G26: 2 | H26: 0 | I26: 0 | J26: 0 | K26: 0 | L26: 0 | M26: 0 | N26: 0 | O26: 0 | P26: 4 | Q26: 5 | R26: 0 | S26: 0 | T26: 5 | U26: 0 | V26: 5 | W26: 0 | X26: 0 | Y26: 0 | Z26: 7 | AA26: =SUM(E26,F26,G26,H26,I26,J26,K26,L26,M26,N26,O26,P26,Q26,R26,S26,T26,U26,V26,W26,X26,Y26,Z26) -> 32 | AB26: =SUMIF($E$14:$N$14,"CO1",E26:N26)+IF(O26>=0,SUMPRODUCT(($O$14:$Z$14="CO1")*(O26:Z26)*MOD(COLUMN($O$14:$Z$14)-COLUMN($O$14)+1,2))+SUMPRODUCT(($P$14:$Z$14="CO1")*(P26:Z26)*MOD(COLUMN($P$14:$Z$14)-COLUMN($P$14)+1,2))) -> 4 | AC26: =SUMIF($E$14:$N$14,"CO2",E26:N26)+IF(O26>=0,SUMPRODUCT(($O$14:$Z$14="CO2")*(O26:Z26)*MOD(COLUMN($O$14:$Z$14)-COLUMN($O$14)+1,2))+SUMPRODUCT(($P$14:$Z$14="CO2")*(Q26:AA26)*MOD(COLUMN($P$14:$Z$14)-COLUMN($P$14)+1,2))) -> 0 | AD26: =SUMIF($E$14:$N$14,"CO3",E26:N26)+IF(O26>=0, SUMPRODUCT(($O$14:$Z$14="CO3")*(O26:Z26)*MOD(COLUMN($O$14:$Z$14)-COLUMN($O$14)+1,2))+ SUMPRODUCT(($P$14:$Z$14="CO3")*(P26:Z26)*MOD(COLUMN($P$14:$Z$14)-COLUMN($P$14)+1,2))) -> 14 | AE26: =SUMIF($E$14:$N$14,"CO4",$E$17:$N$17) + IF(O26>=0, SUMPRODUCT(($O$14:$Z$14="CO4")*(O26:Z26)*MOD(COLUMN($O$14:$Z$14)-COLUMN($O$14)+1,2))+ SUMPRODUCT(($P$14:$Z$14="CO4")*(P26:Z26)*MOD(COLUMN($P$14:$Z$14)-COLUMN($P$14)+1,2))) -> 6 | AF26: =SUMIF($E$14:$N$14,"CO5",$E$17:$N$17) + IF(O26>=0, SUMPRODUCT(($O$14:$Z$14="CO5")*(O26:Z26)*MOD(COLUMN($O$14:$Z$14)-COLUMN($O$14)+1,2))+ SUMPRODUCT(($P$14:$Z$14="CO5")*(P26:Z26)*MOD(COLUMN($P$14:$Z$14)-COLUMN($P$14)+1,2)) ) -> 9 | AG26: =SUMIF($E$14:$N$14,"CO6",$E$17:$N$17) + IF(O26>=0, SUMPRODUCT(($O$14:$Z$14="CO6")*($O$17:$Z$17)*MOD(COLUMN($O$14:$Z$14)-COLUMN($O$14)+1,2))+ SUMPRODUCT(($P$14:$Z$14="CO6")*($P$17:$Z$17)*MOD(COLUMN($P$14:$Z$14)-COLUMN($P$14)+1,2)) ) -> 14 | AH26: =SUM(E26:Z26) -> 32 | AI26: =AB26/(SUMIF($E$14:$N$14,"CO1",$E$13:$N$13)+SUMPRODUCT(($O$14:$Z$14="CO1")*($O26:$Z26>0)*($O$13:$Z$13)))*100 -> 66.666667 | AJ26: =AC26/(SUMIF($E$14:$N$14,"CO2",$E$13:$N$13)+SUMPRODUCT(($O$14:$Z$14="CO2")*($O26:$Z26>0)*($O$13:$Z$13)))*100 -> 0 | AK26: =AD26/(SUMIF($E$14:$N$14,"CO3",$E$13:$N$13)+SUMPRODUCT(($O$14:$Z$14="CO3")*($O26:$Z26>0)*($O$13:$Z$13)))*100 -> 32.55814 | AL26: =AE26/(SUMIF($E$14:$N$14,"CO4",$E$13:$N$13)+SUMPRODUCT(($O$14:$Z$14="CO4")*($O26:$Z26>0)*($O$13:$Z$13)))*100 -> 100 | AM26: =AF26/(SUMIF($E$14:$N$14,"CO5",$E$13:$N$13)+SUMPRODUCT(($O$14:$Z$14="CO5")*($O26:$Z26>0)*($O$13:$Z$13)))*100 -> 52.941176 | AN26: =AG26/(SUMIF($E$14:$N$14,"CO5",$E$13:$N$13)+SUMPRODUCT(($O$14:$Z$14="CO5")*($O26:$Z26>0)*($O$13:$Z$13)))*100 -> 82.352941
A27: ='STUDENT NAMELIST'!A15 -> 11 | B27: ='STUDENT NAMELIST'!B15 -> 2023PEC AI 105 | C27: ='STUDENT NAMELIST'!C15 -> 211423243011 | D27: ='STUDENT NAMELIST'!D15 -> ADELINE JERUSHA AUGUSTINE | E27: 2 | F27: 2 | G27: 0 | H27: 0 | I27: 2 | J27: 0 | K27: 2 | L27: 2 | M27: 0 | N27: 1 | O27: 13 | P27: 0 | Q27: 13 | R27: 0 | S27: 13 | T27: 0 | U27: 13 | V27: 0 | W27: 0 | X27: 13 | Y27: 0 | Z27: 15 | AA27: =SUM(E27,F27,G27,H27,I27,J27,K27,L27,M27,N27,O27,P27,Q27,R27,S27,T27,U27,V27,W27,X27,Y27,Z27) -> 91 | AB27: =SUMIF($E$14:$N$14,"CO1",E27:N27)+IF(O27>=0,SUMPRODUCT(($O$14:$Z$14="CO1")*(O27:Z27)*MOD(COLUMN($O$14:$Z$14)-COLUMN($O$14)+1,2))+SUMPRODUCT(($P$14:$Z$14="CO1")*(P27:Z27)*MOD(COLUMN($P$14:$Z$14)-COLUMN($P$14)+1,2))) -> 6 | AC27: =SUMIF($E$14:$N$14,"CO2",E27:N27)+IF(O27>=0,SUMPRODUCT(($O$14:$Z$14="CO2")*(O27:Z27)*MOD(COLUMN($O$14:$Z$14)-COLUMN($O$14)+1,2))+SUMPRODUCT(($P$14:$Z$14="CO2")*(Q27:AA27)*MOD(COLUMN($P$14:$Z$14)-COLUMN($P$14)+1,2))) -> 1 | AD27: =SUMIF($E$14:$N$14,"CO3",E27:N27)+IF(O27>=0, SUMPRODUCT(($O$14:$Z$14="CO3")*(O27:Z27)*MOD(COLUMN($O$14:$Z$14)-COLUMN($O$14)+1,2))+ SUMPRODUCT(($P$14:$Z$14="CO3")*(P27:Z27)*MOD(COLUMN($P$14:$Z$14)-COLUMN($P$14)+1,2))) -> 54 | AE27: =SUMIF($E$14:$N$14,"CO4",$E$17:$N$17) + IF(O27>=0, SUMPRODUCT(($O$14:$Z$14="CO4")*(O27:Z27)*MOD(COLUMN($O$14:$Z$14)-COLUMN($O$14)+1,2))+ SUMPRODUCT(($P$14:$Z$14="CO4")*(P27:Z27)*MOD(COLUMN($P$14:$Z$14)-COLUMN($P$14)+1,2))) -> 6 | AF27: =SUMIF($E$14:$N$14,"CO5",$E$17:$N$17) + IF(O27>=0, SUMPRODUCT(($O$14:$Z$14="CO5")*(O27:Z27)*MOD(COLUMN($O$14:$Z$14)-COLUMN($O$14)+1,2))+ SUMPRODUCT(($P$14:$Z$14="CO5")*(P27:Z27)*MOD(COLUMN($P$14:$Z$14)-COLUMN($P$14)+1,2)) ) -> 30 | AG27: =SUMIF($E$14:$N$14,"CO6",$E$17:$N$17) + IF(O27>=0, SUMPRODUCT(($O$14:$Z$14="CO6")*($O$17:$Z$17)*MOD(COLUMN($O$14:$Z$14)-COLUMN($O$14)+1,2))+ SUMPRODUCT(($P$14:$Z$14="CO6")*($P$17:$Z$17)*MOD(COLUMN($P$14:$Z$14)-COLUMN($P$14)+1,2)) ) -> 14 | AH27: =SUM(E27:Z27) -> 91 | AI27: =AB27/(SUMIF($E$14:$N$14,"CO1",$E$13:$N$13)+SUMPRODUCT(($O$14:$Z$14="CO1")*($O27:$Z27>0)*($O$13:$Z$13)))*100 -> 100 | AJ27: =AC27/(SUMIF($E$14:$N$14,"CO2",$E$13:$N$13)+SUMPRODUCT(($O$14:$Z$14="CO2")*($O27:$Z27>0)*($O$13:$Z$13)))*100 -> 50 | AK27: =AD27/(SUMIF($E$14:$N$14,"CO3",$E$13:$N$13)+SUMPRODUCT(($O$14:$Z$14="CO3")*($O27:$Z27>0)*($O$13:$Z$13)))*100 -> 96.428571 | AL27: =AE27/(SUMIF($E$14:$N$14,"CO4",$E$13:$N$13)+SUMPRODUCT(($O$14:$Z$14="CO4")*($O27:$Z27>0)*($O$13:$Z$13)))*100 -> 100 | AM27: =AF27/(SUMIF($E$14:$N$14,"CO5",$E$13:$N$13)+SUMPRODUCT(($O$14:$Z$14="CO5")*($O27:$Z27>0)*($O$13:$Z$13)))*100 -> 100 | AN27: =AG27/(SUMIF($E$14:$N$14,"CO5",$E$13:$N$13)+SUMPRODUCT(($O$14:$Z$14="CO5")*($O27:$Z27>0)*($O$13:$Z$13)))*100 -> 46.666667
A28: ='STUDENT NAMELIST'!A16 -> 12 | B28: ='STUDENT NAMELIST'!B16 -> 2023PEC AI 547 | C28: ='STUDENT NAMELIST'!C16 -> 211423243012 | D28: ='STUDENT NAMELIST'!D16 -> ADHINARAYANAN A | E28: 2 | F28: 2 | G28: 2 | H28: 2 | I28: 1 | J28: 0 | K28: 0 | L28: 0 | M28: 0 | N28: 0 | O28: 0 | P28: 6 | Q28: 7 | R28: 0 | S28: 0 | T28: 7 | U28: 0 | V28: 7 | W28: 1 | X28: 0 | Y28: 0 | Z28: 12 | AA28: =SUM(E28,F28,G28,H28,I28,J28,K28,L28,M28,N28,O28,P28,Q28,R28,S28,T28,U28,V28,W28,X28,Y28,Z28) -> 49 | AB28: =SUMIF($E$14:$N$14,"CO1",E28:N28)+IF(O28>=0,SUMPRODUCT(($O$14:$Z$14="CO1")*(O28:Z28)*MOD(COLUMN($O$14:$Z$14)-COLUMN($O$14)+1,2))+SUMPRODUCT(($P$14:$Z$14="CO1")*(P28:Z28)*MOD(COLUMN($P$14:$Z$14)-COLUMN($P$14)+1,2))) -> 4 | AC28: =SUMIF($E$14:$N$14,"CO2",E28:N28)+IF(O28>=0,SUMPRODUCT(($O$14:$Z$14="CO2")*(O28:Z28)*MOD(COLUMN($O$14:$Z$14)-COLUMN($O$14)+1,2))+SUMPRODUCT(($P$14:$Z$14="CO2")*(Q28:AA28)*MOD(COLUMN($P$14:$Z$14)-COLUMN($P$14)+1,2))) -> 0 | AD28: =SUMIF($E$14:$N$14,"CO3",E28:N28)+IF(O28>=0, SUMPRODUCT(($O$14:$Z$14="CO3")*(O28:Z28)*MOD(COLUMN($O$14:$Z$14)-COLUMN($O$14)+1,2))+ SUMPRODUCT(($P$14:$Z$14="CO3")*(P28:Z28)*MOD(COLUMN($P$14:$Z$14)-COLUMN($P$14)+1,2))) -> 23 | AE28: =SUMIF($E$14:$N$14,"CO4",$E$17:$N$17) + IF(O28>=0, SUMPRODUCT(($O$14:$Z$14="CO4")*(O28:Z28)*MOD(COLUMN($O$14:$Z$14)-COLUMN($O$14)+1,2))+ SUMPRODUCT(($P$14:$Z$14="CO4")*(P28:Z28)*MOD(COLUMN($P$14:$Z$14)-COLUMN($P$14)+1,2))) -> 6 | AF28: =SUMIF($E$14:$N$14,"CO5",$E$17:$N$17) + IF(O28>=0, SUMPRODUCT(($O$14:$Z$14="CO5")*(O28:Z28)*MOD(COLUMN($O$14:$Z$14)-COLUMN($O$14)+1,2))+ SUMPRODUCT(($P$14:$Z$14="CO5")*(P28:Z28)*MOD(COLUMN($P$14:$Z$14)-COLUMN($P$14)+1,2)) ) -> 14 | AG28: =SUMIF($E$14:$N$14,"CO6",$E$17:$N$17) + IF(O28>=0, SUMPRODUCT(($O$14:$Z$14="CO6")*($O$17:$Z$17)*MOD(COLUMN($O$14:$Z$14)-COLUMN($O$14)+1,2))+ SUMPRODUCT(($P$14:$Z$14="CO6")*($P$17:$Z$17)*MOD(COLUMN($P$14:$Z$14)-COLUMN($P$14)+1,2)) ) -> 14 | AH28: =SUM(E28:Z28) -> 49 | AI28: =AB28/(SUMIF($E$14:$N$14,"CO1",$E$13:$N$13)+SUMPRODUCT(($O$14:$Z$14="CO1")*($O28:$Z28>0)*($O$13:$Z$13)))*100 -> 66.666667 | AJ28: =AC28/(SUMIF($E$14:$N$14,"CO2",$E$13:$N$13)+SUMPRODUCT(($O$14:$Z$14="CO2")*($O28:$Z28>0)*($O$13:$Z$13)))*100 -> 0 | AK28: =AD28/(SUMIF($E$14:$N$14,"CO3",$E$13:$N$13)+SUMPRODUCT(($O$14:$Z$14="CO3")*($O28:$Z28>0)*($O$13:$Z$13)))*100 -> 53.488372 | AL28: =AE28/(SUMIF($E$14:$N$14,"CO4",$E$13:$N$13)+SUMPRODUCT(($O$14:$Z$14="CO4")*($O28:$Z28>0)*($O$13:$Z$13)))*100 -> 100 | AM28: =AF28/(SUMIF($E$14:$N$14,"CO5",$E$13:$N$13)+SUMPRODUCT(($O$14:$Z$14="CO5")*($O28:$Z28>0)*($O$13:$Z$13)))*100 -> 82.352941 | AN28: =AG28/(SUMIF($E$14:$N$14,"CO5",$E$13:$N$13)+SUMPRODUCT(($O$14:$Z$14="CO5")*($O28:$Z28>0)*($O$13:$Z$13)))*100 -> 82.352941
A29: ='STUDENT NAMELIST'!A17 -> 13 | B29: ='STUDENT NAMELIST'!B17 -> 2023PEC AI 548 | C29: ='STUDENT NAMELIST'!C17 -> 211423243013 | D29: ='STUDENT NAMELIST'!D17 -> ADHITYAN R | E29: 2 | F29: 2 | G29: 2 | H29: 2 | I29: 2 | J29: 0 | K29: 0 | L29: 0 | M29: 0 | N29: 0 | O29: 7 | P29: 0 | Q29: 0 | R29: 7 | S29: 6 | T29: 0 | U29: 7 | V29: 0 | W29: 0 | X29: 5 | Y29: 8 | Z29: 0 | AA29: =SUM(E29,F29,G29,H29,I29,J29,K29,L29,M29,N29,O29,P29,Q29,R29,S29,T29,U29,V29,W29,X29,Y29,Z29) -> 50 | AB29: =SUMIF($E$14:$N$14,"CO1",E29:N29)+IF(O29>=0,SUMPRODUCT(($O$14:$Z$14="CO1")*(O29:Z29)*MOD(COLUMN($O$14:$Z$14)-COLUMN($O$14)+1,2))+SUMPRODUCT(($P$14:$Z$14="CO1")*(P29:Z29)*MOD(COLUMN($P$14:$Z$14)-COLUMN($P$14)+1,2))) -> 4 | AC29: =SUMIF($E$14:$N$14,"CO2",E29:N29)+IF(O29>=0,SUMPRODUCT(($O$14:$Z$14="CO2")*(O29:Z29)*MOD(COLUMN($O$14:$Z$14)-COLUMN($O$14)+1,2))+SUMPRODUCT(($P$14:$Z$14="CO2")*(Q29:AA29)*MOD(COLUMN($P$14:$Z$14)-COLUMN($P$14)+1,2))) -> 0 | AD29: =SUMIF($E$14:$N$14,"CO3",E29:N29)+IF(O29>=0, SUMPRODUCT(($O$14:$Z$14="CO3")*(O29:Z29)*MOD(COLUMN($O$14:$Z$14)-COLUMN($O$14)+1,2))+ SUMPRODUCT(($P$14:$Z$14="CO3")*(P29:Z29)*MOD(COLUMN($P$14:$Z$14)-COLUMN($P$14)+1,2))) -> 31 | AE29: =SUMIF($E$14:$N$14,"CO4",$E$17:$N$17) + IF(O29>=0, SUMPRODUCT(($O$14:$Z$14="CO4")*(O29:Z29)*MOD(COLUMN($O$14:$Z$14)-COLUMN($O$14)+1,2))+ SUMPRODUCT(($P$14:$Z$14="CO4")*(P29:Z29)*MOD(COLUMN($P$14:$Z$14)-COLUMN($P$14)+1,2))) -> 6 | AF29: =SUMIF($E$14:$N$14,"CO5",$E$17:$N$17) + IF(O29>=0, SUMPRODUCT(($O$14:$Z$14="CO5")*(O29:Z29)*MOD(COLUMN($O$14:$Z$14)-COLUMN($O$14)+1,2))+ SUMPRODUCT(($P$14:$Z$14="CO5")*(P29:Z29)*MOD(COLUMN($P$14:$Z$14)-COLUMN($P$14)+1,2)) ) -> 7 | AG29: =SUMIF($E$14:$N$14,"CO6",$E$17:$N$17) + IF(O29>=0, SUMPRODUCT(($O$14:$Z$14="CO6")*($O$17:$Z$17)*MOD(COLUMN($O$14:$Z$14)-COLUMN($O$14)+1,2))+ SUMPRODUCT(($P$14:$Z$14="CO6")*($P$17:$Z$17)*MOD(COLUMN($P$14:$Z$14)-COLUMN($P$14)+1,2)) ) -> 14 | AH29: =SUM(E29:Z29) -> 50 | AI29: =AB29/(SUMIF($E$14:$N$14,"CO1",$E$13:$N$13)+SUMPRODUCT(($O$14:$Z$14="CO1")*($O29:$Z29>0)*($O$13:$Z$13)))*100 -> 66.666667 | AJ29: =AC29/(SUMIF($E$14:$N$14,"CO2",$E$13:$N$13)+SUMPRODUCT(($O$14:$Z$14="CO2")*($O29:$Z29>0)*($O$13:$Z$13)))*100 -> 0 | AK29: =AD29/(SUMIF($E$14:$N$14,"CO3",$E$13:$N$13)+SUMPRODUCT(($O$14:$Z$14="CO3")*($O29:$Z29>0)*($O$13:$Z$13)))*100 -> 55.357143 | AL29: =AE29/(SUMIF($E$14:$N$14,"CO4",$E$13:$N$13)+SUMPRODUCT(($O$14:$Z$14="CO4")*($O29:$Z29>0)*($O$13:$Z$13)))*100 -> 100 | AM29: =AF29/(SUMIF($E$14:$N$14,"CO5",$E$13:$N$13)+SUMPRODUCT(($O$14:$Z$14="CO5")*($O29:$Z29>0)*($O$13:$Z$13)))*100 -> 46.666667 | AN29: =AG29/(SUMIF($E$14:$N$14,"CO5",$E$13:$N$13)+SUMPRODUCT(($O$14:$Z$14="CO5")*($O29:$Z29>0)*($O$13:$Z$13)))*100 -> 93.333333
A30: ='STUDENT NAMELIST'!A18 -> 14 | B30: ='STUDENT NAMELIST'!B18 -> 2023PEC AI 106 | C30: ='STUDENT NAMELIST'!C18 -> 211423243014 | D30: ='STUDENT NAMELIST'!D18 -> AFIFA FATHIMA S | E30: 2 | F30: 2 | G30: 2 | H30: 0 | I30: 2 | J30: 0 | K30: 2 | L30: 0 | M30: 2 | N30: 2 | O30: 13 | P30: 0 | Q30: 0 | R30: 13 | S30: 13 | T30: 0 | U30: 13 | V30: 0 | W30: 0 | X30: 13 | Y30: 0 | Z30: 10 | AA30: =SUM(E30,F30,G30,H30,I30,J30,K30,L30,M30,N30,O30,P30,Q30,R30,S30,T30,U30,V30,W30,X30,Y30,Z30) -> 89 | AB30: =SUMIF($E$14:$N$14,"CO1",E30:N30)+IF(O30>=0,SUMPRODUCT(($O$14:$Z$14="CO1")*(O30:Z30)*MOD(COLUMN($O$14:$Z$14)-COLUMN($O$14)+1,2))+SUMPRODUCT(($P$14:$Z$14="CO1")*(P30:Z30)*MOD(COLUMN($P$14:$Z$14)-COLUMN($P$14)+1,2))) -> 6 | AC30: =SUMIF($E$14:$N$14,"CO2",E30:N30)+IF(O30>=0,SUMPRODUCT(($O$14:$Z$14="CO2")*(O30:Z30)*MOD(COLUMN($O$14:$Z$14)-COLUMN($O$14)+1,2))+SUMPRODUCT(($P$14:$Z$14="CO2")*(Q30:AA30)*MOD(COLUMN($P$14:$Z$14)-COLUMN($P$14)+1,2))) -> 2 | AD30: =SUMIF($E$14:$N$14,"CO3",E30:N30)+IF(O30>=0, SUMPRODUCT(($O$14:$Z$14="CO3")*(O30:Z30)*MOD(COLUMN($O$14:$Z$14)-COLUMN($O$14)+1,2))+ SUMPRODUCT(($P$14:$Z$14="CO3")*(P30:Z30)*MOD(COLUMN($P$14:$Z$14)-COLUMN($P$14)+1,2))) -> 54 | AE30: =SUMIF($E$14:$N$14,"CO4",$E$17:$N$17) + IF(O30>=0, SUMPRODUCT(($O$14:$Z$14="CO4")*(O30:Z30)*MOD(COLUMN($O$14:$Z$14)-COLUMN($O$14)+1,2))+ SUMPRODUCT(($P$14:$Z$14="CO4")*(P30:Z30)*MOD(COLUMN($P$14:$Z$14)-COLUMN($P$14)+1,2))) -> 6 | AF30: =SUMIF($E$14:$N$14,"CO5",$E$17:$N$17) + IF(O30>=0, SUMPRODUCT(($O$14:$Z$14="CO5")*(O30:Z30)*MOD(COLUMN($O$14:$Z$14)-COLUMN($O$14)+1,2))+ SUMPRODUCT(($P$14:$Z$14="CO5")*(P30:Z30)*MOD(COLUMN($P$14:$Z$14)-COLUMN($P$14)+1,2)) ) -> 25 | AG30: =SUMIF($E$14:$N$14,"CO6",$E$17:$N$17) + IF(O30>=0, SUMPRODUCT(($O$14:$Z$14="CO6")*($O$17:$Z$17)*MOD(COLUMN($O$14:$Z$14)-COLUMN($O$14)+1,2))+ SUMPRODUCT(($P$14:$Z$14="CO6")*($P$17:$Z$17)*MOD(COLUMN($P$14:$Z$14)-COLUMN($P$14)+1,2)) ) -> 14 | AH30: =SUM(E30:Z30) -> 89 | AI30: =AB30/(SUMIF($E$14:$N$14,"CO1",$E$13:$N$13)+SUMPRODUCT(($O$14:$Z$14="CO1")*($O30:$Z30>0)*($O$13:$Z$13)))*100 -> 100 | AJ30: =AC30/(SUMIF($E$14:$N$14,"CO2",$E$13:$N$13)+SUMPRODUCT(($O$14:$Z$14="CO2")*($O30:$Z30>0)*($O$13:$Z$13)))*100 -> 100 | AK30: =AD30/(SUMIF($E$14:$N$14,"CO3",$E$13:$N$13)+SUMPRODUCT(($O$14:$Z$14="CO3")*($O30:$Z30>0)*($O$13:$Z$13)))*100 -> 96.428571 | AL30: =AE30/(SUMIF($E$14:$N$14,"CO4",$E$13:$N$13)+SUMPRODUCT(($O$14:$Z$14="CO4")*($O30:$Z30>0)*($O$13:$Z$13)))*100 -> 100 | AM30: =AF30/(SUMIF($E$14:$N$14,"CO5",$E$13:$N$13)+SUMPRODUCT(($O$14:$Z$14="CO5")*($O30:$Z30>0)*($O$13:$Z$13)))*100 -> 83.333333 | AN30: =AG30/(SUMIF($E$14:$N$14,"CO5",$E$13:$N$13)+SUMPRODUCT(($O$14:$Z$14="CO5")*($O30:$Z30>0)*($O$13:$Z$13)))*100 -> 46.666667
A31: ='STUDENT NAMELIST'!A19 -> 15 | B31: ='STUDENT NAMELIST'!B19 -> 2023PEC AI 549 | C31: ='STUDENT NAMELIST'!C19 -> 211423243015 | D31: ='STUDENT NAMELIST'!D19 -> AFRIN W A | E31: 2 | F31: 2 | G31: 2 | H31: 0 | I31: 0 | J31: 0 | K31: 0 | L31: 0 | M31: 0 | N31: 0 | O31: 5 | P31: 0 | Q31: 0 | R31: 5 | S31: 4 | T31: 0 | U31: 5 | V31: 0 | W31: 0 | X31: 0 | Y31: 5 | Z31: 0 | AA31: =SUM(E31,F31,G31,H31,I31,J31,K31,L31,M31,N31,O31,P31,Q31,R31,S31,T31,U31,V31,W31,X31,Y31,Z31) -> 30 | AB31: =SUMIF($E$14:$N$14,"CO1",E31:N31)+IF(O31>=0,SUMPRODUCT(($O$14:$Z$14="CO1")*(O31:Z31)*MOD(COLUMN($O$14:$Z$14)-COLUMN($O$14)+1,2))+SUMPRODUCT(($P$14:$Z$14="CO1")*(P31:Z31)*MOD(COLUMN($P$14:$Z$14)-COLUMN($P$14)+1,2))) -> 4 | AC31: =SUMIF($E$14:$N$14,"CO2",E31:N31)+IF(O31>=0,SUMPRODUCT(($O$14:$Z$14="CO2")*(O31:Z31)*MOD(COLUMN($O$14:$Z$14)-COLUMN($O$14)+1,2))+SUMPRODUCT(($P$14:$Z$14="CO2")*(Q31:AA31)*MOD(COLUMN($P$14:$Z$14)-COLUMN($P$14)+1,2))) -> 0 | AD31: =SUMIF($E$14:$N$14,"CO3",E31:N31)+IF(O31>=0, SUMPRODUCT(($O$14:$Z$14="CO3")*(O31:Z31)*MOD(COLUMN($O$14:$Z$14)-COLUMN($O$14)+1,2))+ SUMPRODUCT(($P$14:$Z$14="CO3")*(P31:Z31)*MOD(COLUMN($P$14:$Z$14)-COLUMN($P$14)+1,2))) -> 19 | AE31: =SUMIF($E$14:$N$14,"CO4",$E$17:$N$17) + IF(O31>=0, SUMPRODUCT(($O$14:$Z$14="CO4")*(O31:Z31)*MOD(COLUMN($O$14:$Z$14)-COLUMN($O$14)+1,2))+ SUMPRODUCT(($P$14:$Z$14="CO4")*(P31:Z31)*MOD(COLUMN($P$14:$Z$14)-COLUMN($P$14)+1,2))) -> 6 | AF31: =SUMIF($E$14:$N$14,"CO5",$E$17:$N$17) + IF(O31>=0, SUMPRODUCT(($O$14:$Z$14="CO5")*(O31:Z31)*MOD(COLUMN($O$14:$Z$14)-COLUMN($O$14)+1,2))+ SUMPRODUCT(($P$14:$Z$14="CO5")*(P31:Z31)*MOD(COLUMN($P$14:$Z$14)-COLUMN($P$14)+1,2)) ) -> 2 | AG31: =SUMIF($E$14:$N$14,"CO6",$E$17:$N$17) + IF(O31>=0, SUMPRODUCT(($O$14:$Z$14="CO6")*($O$17:$Z$17)*MOD(COLUMN($O$14:$Z$14)-COLUMN($O$14)+1,2))+ SUMPRODUCT(($P$14:$Z$14="CO6")*($P$17:$Z$17)*MOD(COLUMN($P$14:$Z$14)-COLUMN($P$14)+1,2)) ) -> 14 | AH31: =SUM(E31:Z31) -> 30 | AI31: =AB31/(SUMIF($E$14:$N$14,"CO1",$E$13:$N$13)+SUMPRODUCT(($O$14:$Z$14="CO1")*($O31:$Z31>0)*($O$13:$Z$13)))*100 -> 66.666667 | AJ31: =AC31/(SUMIF($E$14:$N$14,"CO2",$E$13:$N$13)+SUMPRODUCT(($O$14:$Z$14="CO2")*($O31:$Z31>0)*($O$13:$Z$13)))*100 -> 0 | AK31: =AD31/(SUMIF($E$14:$N$14,"CO3",$E$13:$N$13)+SUMPRODUCT(($O$14:$Z$14="CO3")*($O31:$Z31>0)*($O$13:$Z$13)))*100 -> 33.928571 | AL31: =AE31/(SUMIF($E$14:$N$14,"CO4",$E$13:$N$13)+SUMPRODUCT(($O$14:$Z$14="CO4")*($O31:$Z31>0)*($O$13:$Z$13)))*100 -> 100 | AM31: =AF31/(SUMIF($E$14:$N$14,"CO5",$E$13:$N$13)+SUMPRODUCT(($O$14:$Z$14="CO5")*($O31:$Z31>0)*($O$13:$Z$13)))*100 -> 100 | AN31: =AG31/(SUMIF($E$14:$N$14,"CO5",$E$13:$N$13)+SUMPRODUCT(($O$14:$Z$14="CO5")*($O31:$Z31>0)*($O$13:$Z$13)))*100 -> 700
... A518: ='STUDENT NAMELIST'!A506 -> 502 | B518: ='STUDENT NAMELIST'!B506 -> 0 | C518: ='STUDENT NAMELIST'!C506 -> 211423243906 | D518: ='STUDENT NAMELIST'!D506 -> NIRANJAN N | E518: 2 | F518: 2 | G518: 2 | H518: 2 | I518: 0 | J518: 0 | K518: 0 | L518: 0 | M518: 0 | N518: 0 | O518: 6 | P518: 0 | Q518: 0 | R518: 6 | S518: 5 | T518: 0 | U518: 6 | V518: 0 | W518: 0 | X518: 10 | Y518: 6 | Z518: 0 | AA518: =SUM(E518,F518,G518,H518,I518,J518,K518,L518,M518,N518,O518,P518,Q518,R518,S518,T518,U518,V518,W518,X518,Y518,Z518) -> 47 | AB518: =SUMIF($E$14:$N$14,"CO1",E518:N518)+IF(O518>=0,SUMPRODUCT(($O$14:$Z$14="CO1")*(O518:Z518)*MOD(COLUMN($O$14:$Z$14)-COLUMN($O$14)+1,2))+SUMPRODUCT(($P$14:$Z$14="CO1")*(P518:Z518)*MOD(COLUMN($P$14:$Z$14)-COLUMN($P$14)+1,2))) -> 4 | AC518: =SUMIF($E$14:$N$14,"CO2",E518:N518)+IF(O518>=0,SUMPRODUCT(($O$14:$Z$14="CO2")*(O518:Z518)*MOD(COLUMN($O$14:$Z$14)-COLUMN($O$14)+1,2))+SUMPRODUCT(($P$14:$Z$14="CO2")*(Q518:AA518)*MOD(COLUMN($P$14:$Z$14)-COLUMN($P$14)+1,2))) -> 0 | AD518: =SUMIF($E$14:$N$14,"CO3",E518:N518)+IF(O518>=0, SUMPRODUCT(($O$14:$Z$14="CO3")*(O518:Z518)*MOD(COLUMN($O$14:$Z$14)-COLUMN($O$14)+1,2))+ SUMPRODUCT(($P$14:$Z$14="CO3")*(P518:Z518)*MOD(COLUMN($P$14:$Z$14)-COLUMN($P$14)+1,2))) -> 25 | AE518: =SUMIF($E$14:$N$14,"CO4",$E$17:$N$17) + IF(O518>=0, SUMPRODUCT(($O$14:$Z$14="CO4")*(O518:Z518)*MOD(COLUMN($O$14:$Z$14)-COLUMN($O$14)+1,2))+ SUMPRODUCT(($P$14:$Z$14="CO4")*(P518:Z518)*MOD(COLUMN($P$14:$Z$14)-COLUMN($P$14)+1,2))) -> 6 | AF518: =SUMIF($E$14:$N$14,"CO5",$E$17:$N$17) + IF(O518>=0, SUMPRODUCT(($O$14:$Z$14="CO5")*(O518:Z518)*MOD(COLUMN($O$14:$Z$14)-COLUMN($O$14)+1,2))+ SUMPRODUCT(($P$14:$Z$14="CO5")*(P518:Z518)*MOD(COLUMN($P$14:$Z$14)-COLUMN($P$14)+1,2)) ) -> 12 | AG518: =SUMIF($E$14:$N$14,"CO6",$E$17:$N$17) + IF(O518>=0, SUMPRODUCT(($O$14:$Z$14="CO6")*($O$17:$Z$17)*MOD(COLUMN($O$14:$Z$14)-COLUMN($O$14)+1,2))+ SUMPRODUCT(($P$14:$Z$14="CO6")*($P$17:$Z$17)*MOD(COLUMN($P$14:$Z$14)-COLUMN($P$14)+1,2)) ) -> 14 | AH518: =SUM(E518:Z518) -> 47 | AI518: =AB518/(SUMIF($E$14:$N$14,"CO1",$E$13:$N$13)+SUMPRODUCT(($O$14:$Z$14="CO1")*($O518:$Z518>0)*($O$13:$Z$13)))*100 -> 66.666667 | AJ518: =AC518/(SUMIF($E$14:$N$14,"CO2",$E$13:$N$13)+SUMPRODUCT(($O$14:$Z$14="CO2")*($O518:$Z518>0)*($O$13:$Z$13)))*100 -> 0 | AK518: =AD518/(SUMIF($E$14:$N$14,"CO3",$E$13:$N$13)+SUMPRODUCT(($O$14:$Z$14="CO3")*($O518:$Z518>0)*($O$13:$Z$13)))*100 -> 44.642857 | AL518: =AE518/(SUMIF($E$14:$N$14,"CO4",$E$13:$N$13)+SUMPRODUCT(($O$14:$Z$14="CO4")*($O518:$Z518>0)*($O$13:$Z$13)))*100 -> 100 | AM518: =AF518/(SUMIF($E$14:$N$14,"CO5",$E$13:$N$13)+SUMPRODUCT(($O$14:$Z$14="CO5")*($O518:$Z518>0)*($O$13:$Z$13)))*100 -> 80 | AN518: =AG518/(SUMIF($E$14:$N$14,"CO5",$E$13:$N$13)+SUMPRODUCT(($O$14:$Z$14="CO5")*($O518:$Z518>0)*($O$13:$Z$13)))*100 -> 93.333333
A519: ='STUDENT NAMELIST'!A507 -> 503 | B519: ='STUDENT NAMELIST'!B507 -> 0 | C519: ='STUDENT NAMELIST'!C507 -> 211423243907 | D519: ='STUDENT NAMELIST'!D507 -> PRASANTH N | E519: 2 | F519: 2 | G519: 2 | H519: 0 | I519: 0 | J519: 0 | K519: 0 | L519: 0 | M519: 0 | N519: 0 | O519: 0 | P519: 4 | Q519: 5 | R519: 0 | S519: 0 | T519: 5 | U519: 0 | V519: 5 | W519: 0 | X519: 0 | Y519: 0 | Z519: 5 | AB519: =SUMIF($E$14:$N$14,"CO1",E519:N519)+IF(O519>=0,SUMPRODUCT(($O$14:$Z$14="CO1")*(O519:Z519)*MOD(COLUMN($O$14:$Z$14)-COLUMN($O$14)+1,2))+SUMPRODUCT(($P$14:$Z$14="CO1")*(P519:Z519)*MOD(COLUMN($P$14:$Z$14)-COLUMN($P$14)+1,2))) -> 4 | AC519: =SUMIF($E$14:$N$14,"CO2",E519:N519)+IF(O519>=0,SUMPRODUCT(($O$14:$Z$14="CO2")*(O519:Z519)*MOD(COLUMN($O$14:$Z$14)-COLUMN($O$14)+1,2))+SUMPRODUCT(($P$14:$Z$14="CO2")*(Q519:AA519)*MOD(COLUMN($P$14:$Z$14)-COLUMN($P$14)+1,2))) -> 0 | AD519: =SUMIF($E$14:$N$14,"CO3",E519:N519)+IF(O519>=0, SUMPRODUCT(($O$14:$Z$14="CO3")*(O519:Z519)*MOD(COLUMN($O$14:$Z$14)-COLUMN($O$14)+1,2))+ SUMPRODUCT(($P$14:$Z$14="CO3")*(P519:Z519)*MOD(COLUMN($P$14:$Z$14)-COLUMN($P$14)+1,2))) -> 14 | AE519: =SUMIF($E$14:$N$14,"CO4",$E$17:$N$17) + IF(O519>=0, SUMPRODUCT(($O$14:$Z$14="CO4")*(O519:Z519)*MOD(COLUMN($O$14:$Z$14)-COLUMN($O$14)+1,2))+ SUMPRODUCT(($P$14:$Z$14="CO4")*(P519:Z519)*MOD(COLUMN($P$14:$Z$14)-COLUMN($P$14)+1,2))) -> 6 | AF519: =SUMIF($E$14:$N$14,"CO5",$E$17:$N$17) + IF(O519>=0, SUMPRODUCT(($O$14:$Z$14="CO5")*(O519:Z519)*MOD(COLUMN($O$14:$Z$14)-COLUMN($O$14)+1,2))+ SUMPRODUCT(($P$14:$Z$14="CO5")*(P519:Z519)*MOD(COLUMN($P$14:$Z$14)-COLUMN($P$14)+1,2)) ) -> 7 | AG519: =SUMIF($E$14:$N$14,"CO6",$E$17:$N$17) + IF(O519>=0, SUMPRODUCT(($O$14:$Z$14="CO6")*($O$17:$Z$17)*MOD(COLUMN($O$14:$Z$14)-COLUMN($O$14)+1,2))+ SUMPRODUCT(($P$14:$Z$14="CO6")*($P$17:$Z$17)*MOD(COLUMN($P$14:$Z$14)-COLUMN($P$14)+1,2)) ) -> 14 | AH519: =SUM(E519:Z519) -> 30 | AI519: =AB519/(SUMIF($E$14:$N$14,"CO1",$E$13:$N$13)+SUMPRODUCT(($O$14:$Z$14="CO1")*($O519:$Z519>0)*($O$13:$Z$13)))*100 -> 66.666667 | AJ519: =AC519/(SUMIF($E$14:$N$14,"CO2",$E$13:$N$13)+SUMPRODUCT(($O$14:$Z$14="CO2")*($O519:$Z519>0)*($O$13:$Z$13)))*100 -> 0 | AK519: =AD519/(SUMIF($E$14:$N$14,"CO3",$E$13:$N$13)+SUMPRODUCT(($O$14:$Z$14="CO3")*($O519:$Z519>0)*($O$13:$Z$13)))*100 -> 32.55814 | AL519: =AE519/(SUMIF($E$14:$N$14,"CO4",$E$13:$N$13)+SUMPRODUCT(($O$14:$Z$14="CO4")*($O519:$Z519>0)*($O$13:$Z$13)))*100 -> 100 | AM519: =AF519/(SUMIF($E$14:$N$14,"CO5",$E$13:$N$13)+SUMPRODUCT(($O$14:$Z$14="CO5")*($O519:$Z519>0)*($O$13:$Z$13)))*100 -> 41.176471 | AN519: =AG519/(SUMIF($E$14:$N$14,"CO5",$E$13:$N$13)+SUMPRODUCT(($O$14:$Z$14="CO5")*($O519:$Z519>0)*($O$13:$Z$13)))*100 -> 82.352941

Sheet CO's Attainment
A1: PANIMALAR ENGINEERING COLLEGE
A3: S.NO | B3: REG.NO | C3: ROLL.NO | D3: NAME | E3: INTERNAL COs %
E4: CO1 | F4: CO2 | G4: CO3 | H4: CO4 | I4: CO5 | J4: CO6
A5: 1 | B5: ='STUDENT NAMELIST'!B5 -> 2023PEC AI 541 | C5: ='STUDENT NAMELIST'!C5 -> 211423243001 | D5: ='STUDENT NAMELIST'!D5 -> AATHISUDHAN A | E5: =IF(AND('INTERNAL - I'!AI17>0,'INTERNAL - II '!AI17>0),('INTERNAL - I'!AI17+'INTERNAL - II '!AI17)/2,'INTERNAL - I'!AI17+'INTERNAL - II '!AI17) -> 100 | F5: =IF(AND('INTERNAL - I'!AJ17>0,'INTERNAL - II '!AJ17>0),('INTERNAL - I'!AJ17+'INTERNAL - II '!AJ17)/2,'INTERNAL - I'!AJ17+'INTERNAL - II '!AJ17) -> 91.304348 | G5: =IF(AND('INTERNAL - I'!AK17>0,'INTERNAL - II '!AK17>0),('INTERNAL - I'!AK17+'INTERNAL - II '!AK17)/2,'INTERNAL - I'!AK17+'INTERNAL - II '!AK17) -> 99.107143 | H5: =IF(AND('INTERNAL - I'!AL17>0,'INTERNAL - II '!AL17>0),('INTERNAL - I'!AL17+'INTERNAL - II '!AL17)/2,'INTERNAL - I'!AL17+'INTERNAL - II '!AL17) -> 92.307692 | I5: =IF(AND('INTERNAL - I'!AM17>0,'INTERNAL - II '!AM17>0),('INTERNAL - I'!AM17+'INTERNAL - II '!AM17)/2,'INTERNAL - I'!AM17+'INTERNAL - II '!AM17) -> 75.952381 | J5: =IF(AND('INTERNAL - I'!AN17>0,'INTERNAL - II '!AN17>0),('INTERNAL - I'!AN17+'INTERNAL - II '!AN17)/2,'INTERNAL - I'!AN17+'INTERNAL - II '!AN17) -> 93.333333
A6: 2 | B6: ='STUDENT NAMELIST'!B6 -> 2023PEC AI 542 | C6: ='STUDENT NAMELIST'!C6 -> 211423243002 | D6: ='STUDENT NAMELIST'!D6 -> ABESHEK SRIRAMN | E6: =('INTERNAL - I'!AI18+'INTERNAL - II '!AI18)/2 -> 83.333333 | F6: =IF(AND('INTERNAL - I'!AJ18>0,'INTERNAL - II '!AJ18>0),('INTERNAL - I'!AJ18+'INTERNAL - II '!AJ18)/2,'INTERNAL - I'!AJ18+'INTERNAL - II '!AJ18) -> 80 | G6: =('INTERNAL - I'!AK18+'INTERNAL - II '!AK18)/2 -> 82.015504 | H6: =IF(AND('INTERNAL - I'!AL18>0,'INTERNAL - II '!AL18>0),('INTERNAL - I'!AL18+'INTERNAL - II '!AL18)/2,'INTERNAL - I'!AL18+'INTERNAL - II '!AL18) -> 88.461538 | I6: =IF(AND('INTERNAL - I'!AM18>0,'INTERNAL - II '!AM18>0),('INTERNAL - I'!AM18+'INTERNAL - II '!AM18)/2,'INTERNAL - I'!AM18+'INTERNAL - II '!AM18) -> 75.630252 | J6: =IF(AND('INTERNAL - I'!AN18>0,'INTERNAL - II '!AN18>0),('INTERNAL - I'!AN18+'INTERNAL - II '!AN18)/2,'INTERNAL - I'!AN18+'INTERNAL - II '!AN18) -> 0
A7: 3 | B7: ='STUDENT NAMELIST'!B7 -> 2023PEC AI 101 | C7: ='STUDENT NAMELIST'!C7 -> 211423243003 | D7: ='STUDENT NAMELIST'!D7 -> ABINAYA M | E7: =('INTERNAL - I'!AI19+'INTERNAL - II '!AI19)/2 -> 100 | F7: =IF(AND('INTERNAL - I'!AJ19>0,'INTERNAL - II '!AJ19>0),('INTERNAL - I'!AJ19+'INTERNAL - II '!AJ19)/2,'INTERNAL - I'!AJ19+'INTERNAL - II '!AJ19) -> 93.478261 | G7: =('INTERNAL - I'!AK19+'INTERNAL - II '!AK19)/2 -> 86.964286 | H7: =IF(AND('INTERNAL - I'!AL19>0,'INTERNAL - II '!AL19>0),('INTERNAL - I'!AL19+'INTERNAL - II '!AL19)/2,'INTERNAL - I'!AL19+'INTERNAL - II '!AL19) -> 92.307692 | I7: =IF(AND('INTERNAL - I'!AM19>0,'INTERNAL - II '!AM19>0),('INTERNAL - I'!AM19+'INTERNAL - II '!AM19)/2,'INTERNAL - I'!AM19+'INTERNAL - II '!AM19) -> 87.5 | J7: =IF(AND('INTERNAL - I'!AN19>0,'INTERNAL - II '!AN19>0),('INTERNAL - I'!AN19+'INTERNAL - II '!AN19)/2,'INTERNAL - I'!AN19+'INTERNAL - II '!AN19) -> 0
A8: 4 | B8: ='STUDENT NAMELIST'!B8 -> 2023PEC AI 543 | C8: ='STUDENT NAMELIST'!C8 -> 211423243004 | D8: ='STUDENT NAMELIST'!D8 -> ABINESH KUMAR T | E8: =('INTERNAL - I'!AI20+'INTERNAL - II '!AI20)/2 -> 58.333333 | F8: =IF(AND('INTERNAL - I'!AJ20>0,'INTERNAL - II '!AJ20>0),('INTERNAL - I'!AJ20+'INTERNAL - II '!AJ20)/2,'INTERNAL - I'!AJ20+'INTERNAL - II '!AJ20) -> 80 | G8: =('INTERNAL - I'!AK20+'INTERNAL - II '!AK20)/2 -> 70.03876 | H8: =IF(AND('INTERNAL - I'!AL20>0,'INTERNAL - II '!AL20>0),('INTERNAL - I'!AL20+'INTERNAL - II '!AL20)/2,'INTERNAL - I'!AL20+'INTERNAL - II '!AL20) -> 84.615385 | I8: =IF(AND('INTERNAL - I'!AM20>0,'INTERNAL - II '!AM20>0),('INTERNAL - I'!AM20+'INTERNAL - II '!AM20)/2,'INTERNAL - I'!AM20+'INTERNAL - II '!AM20) -> 64.390756 | J8: =IF(AND('INTERNAL - I'!AN20>0,'INTERNAL - II '!AN20>0),('INTERNAL - I'!AN20+'INTERNAL - II '!AN20)/2,'INTERNAL - I'!AN20+'INTERNAL - II '!AN20) -> 82.352941
A9: 5 | B9: ='STUDENT NAMELIST'!B9 -> 2023PEC AI 102 | C9: ='STUDENT NAMELIST'!C9 -> 211423243005 | D9: ='STUDENT NAMELIST'!D9 -> ABIRAMI A | E9: =('INTERNAL - I'!AI21+'INTERNAL - II '!AI21)/2 -> 66.666667 | F9: =IF(AND('INTERNAL - I'!AJ21>0,'INTERNAL - II '!AJ21>0),('INTERNAL - I'!AJ21+'INTERNAL - II '!AJ21)/2,'INTERNAL - I'!AJ21+'INTERNAL - II '!AJ21) -> 95.652174 | G9: =('INTERNAL - I'!AK21+'INTERNAL - II '!AK21)/2 -> 81.25 | H9: =IF(AND('INTERNAL - I'!AL21>0,'INTERNAL - II '!AL21>0),('INTERNAL - I'!AL21+'INTERNAL - II '!AL21)/2,'INTERNAL - I'!AL21+'INTERNAL - II '!AL21) -> 96.153846 | I9: =IF(AND('INTERNAL - I'!AM21>0,'INTERNAL - II '!AM21>0),('INTERNAL - I'!AM21+'INTERNAL - II '!AM21)/2,'INTERNAL - I'!AM21+'INTERNAL - II '!AM21) -> 81.309524 | J9: =IF(AND('INTERNAL - I'!AN21>0,'INTERNAL - II '!AN21>0),('INTERNAL - I'!AN21+'INTERNAL - II '!AN21)/2,'INTERNAL - I'!AN21+'INTERNAL - II '!AN21) -> 93.333333
A10: 6 | B10: ='STUDENT NAMELIST'!B10 -> 2023PEC AI 103 | C10: ='STUDENT NAMELIST'!C10 -> 211423243006 | D10: ='STUDENT NAMELIST'!D10 -> ABIRAMI G | E10: =('INTERNAL - I'!AI22+'INTERNAL - II '!AI22)/2 -> 41.666667 | F10: =IF(AND('INTERNAL - I'!AJ22>0,'INTERNAL - II '!AJ22>0),('INTERNAL - I'!AJ22+'INTERNAL - II '!AJ22)/2,'INTERNAL - I'!AJ22+'INTERNAL - II '!AJ22) -> 80 | G10: =('INTERNAL - I'!AK22+'INTERNAL - II '!AK22)/2 -> 63.690476 | H10: =IF(AND('INTERNAL - I'!AL22>0,'INTERNAL - II '!AL22>0),('INTERNAL - I'!AL22+'INTERNAL - II '!AL22)/2,'INTERNAL - I'!AL22+'INTERNAL - II '!AL22) -> 84.615385 | I10: =IF(AND('INTERNAL - I'!AM22>0,'INTERNAL - II '!AM22>0),('INTERNAL - I'!AM22+'INTERNAL - II '!AM22)/2,'INTERNAL - I'!AM22+'INTERNAL - II '!AM22) -> 66.666667 | J10: =IF(AND('INTERNAL - I'!AN22>0,'INTERNAL - II '!AN22>0),('INTERNAL - I'!AN22+'INTERNAL - II '!AN22)/2,'INTERNAL - I'!AN22+'INTERNAL - II '!AN22) -> 46.666667
A11: 7 | B11: ='STUDENT NAMELIST'!B11 -> 2023PEC AI 544 | C11: ='STUDENT NAMELIST'!C11 -> 211423243007 | D11: ='STUDENT NAMELIST'!D11 -> ABISHAI SINGH J | E11: =('INTERNAL - I'!AI23+'INTERNAL - II '!AI23)/2 -> 50 | F11: =IF(AND('INTERNAL - I'!AJ23>0,'INTERNAL - II '!AJ23>0),('INTERNAL - I'!AJ23+'INTERNAL - II '!AJ23)/2,'INTERNAL - I'!AJ23+'INTERNAL - II '!AJ23) -> 65.217391 | G11: =('INTERNAL - I'!AK23+'INTERNAL - II '!AK23)/2 -> 52.321429 | H11: =IF(AND('INTERNAL - I'!AL23>0,'INTERNAL - II '!AL23>0),('INTERNAL - I'!AL23+'INTERNAL - II '!AL23)/2,'INTERNAL - I'!AL23+'INTERNAL - II '!AL23) -> 76.923077 | I11: =IF(AND('INTERNAL - I'!AM23>0,'INTERNAL - II '!AM23>0),('INTERNAL - I'!AM23+'INTERNAL - II '!AM23)/2,'INTERNAL - I'!AM23+'INTERNAL - II '!AM23) -> 41.666667 | J11: =IF(AND('INTERNAL - I'!AN23>0,'INTERNAL - II '!AN23>0),('INTERNAL - I'!AN23+'INTERNAL - II '!AN23)/2,'INTERNAL - I'!AN23+'INTERNAL - II '!AN23) -> 93.333333
A12: 8 | B12: ='STUDENT NAMELIST'!B12 -> 2023PEC AI 545 | C12: ='STUDENT NAMELIST'!C12 -> 211423243008 | D12: ='STUDENT NAMELIST'!D12 -> ABISHEK RANGARAJ M | E12: =('INTERNAL - I'!AI24+'INTERNAL - II '!AI24)/2 -> 50 | F12: =IF(AND('INTERNAL - I'!AJ24>0,'INTERNAL - II '!AJ24>0),('INTERNAL - I'!AJ24+'INTERNAL - II '!AJ24)/2,'INTERNAL - I'!AJ24+'INTERNAL - II '!AJ24) -> 40 | G12: =('INTERNAL - I'!AK24+'INTERNAL - II '!AK24)/2 -> 38.255814 | H12: =IF(AND('INTERNAL - I'!AL24>0,'INTERNAL - II '!AL24>0),('INTERNAL - I'!AL24+'INTERNAL - II '!AL24)/2,'INTERNAL - I'!AL24+'INTERNAL - II '!AL24) -> 69.230769 | I12: =IF(AND('INTERNAL - I'!AM24>0,'INTERNAL - II '!AM24>0),('INTERNAL - I'!AM24+'INTERNAL - II '!AM24)/2,'INTERNAL - I'!AM24+'INTERNAL - II '!AM24) -> 68.627451 | J12: =IF(AND('INTERNAL - I'!AN24>0,'INTERNAL - II '!AN24>0),('INTERNAL - I'!AN24+'INTERNAL - II '!AN24)/2,'INTERNAL - I'!AN24+'INTERNAL - II '!AN24) -> 82.352941
A13: 9 | B13: ='STUDENT NAMELIST'!B13 -> 2023PEC AI 104 | C13: ='STUDENT NAMELIST'!C13 -> 211423243009 | D13: ='STUDENT NAMELIST'!D13 -> ABITHA R D | E13: =('INTERNAL - I'!AI25+'INTERNAL - II '!AI25)/2 -> 91.666667 | F13: =IF(AND('INTERNAL - I'!AJ25>0,'INTERNAL - II '!AJ25>0),('INTERNAL - I'!AJ25+'INTERNAL - II '!AJ25)/2,'INTERNAL - I'!AJ25+'INTERNAL - II '!AJ25) -> 97.826087 | G13: =('INTERNAL - I'!AK25+'INTERNAL - II '!AK25)/2 -> 98.214286 | H13: =IF(AND('INTERNAL - I'!AL25>0,'INTERNAL - II '!AL25>0),('INTERNAL - I'!AL25+'INTERNAL - II '!AL25)/2,'INTERNAL - I'!AL25+'INTERNAL - II '!AL25) -> 96.153846 | I13: =IF(AND('INTERNAL - I'!AM25>0,'INTERNAL - II '!AM25>0),('INTERNAL - I'!AM25+'INTERNAL - II '!AM25)/2,'INTERNAL - I'!AM25+'INTERNAL - II '!AM25) -> 91.071429 | J13: =IF(AND('INTERNAL - I'!AN25>0,'INTERNAL - II '!AN25>0),('INTERNAL - I'!AN25+'INTERNAL - II '!AN25)/2,'INTERNAL - I'!AN25+'INTERNAL - II '!AN25) -> 93.333333
A14: 10 | B14: ='STUDENT NAMELIST'!B14 -> 2023PEC AI 546 | C14: ='STUDENT NAMELIST'!C14 -> 211423243010 | D14: ='STUDENT NAMELIST'!D14 -> ABRAHAM S J | E14: =('INTERNAL - I'!AI26+'INTERNAL - II '!AI26)/2 -> 50 | F14: =IF(AND('INTERNAL - I'!AJ26>0,'INTERNAL - II '!AJ26>0),('INTERNAL - I'!AJ26+'INTERNAL - II '!AJ26)/2,'INTERNAL - I'!AJ26+'INTERNAL - II '!AJ26) -> 60 | G14: =('INTERNAL - I'!AK26+'INTERNAL - II '!AK26)/2 -> 42.945736 | H14: =IF(AND('INTERNAL - I'!AL26>0,'INTERNAL - II '!AL26>0),('INTERNAL - I'!AL26+'INTERNAL - II '!AL26)/2,'INTERNAL - I'!AL26+'INTERNAL - II '!AL26) -> 76.923077 | I14: =IF(AND('INTERNAL - I'!AM26>0,'INTERNAL - II '!AM26>0),('INTERNAL - I'!AM26+'INTERNAL - II '!AM26)/2,'INTERNAL - I'!AM26+'INTERNAL - II '!AM26) -> 47.89916 | J14: =IF(AND('INTERNAL - I'!AN26>0,'INTERNAL - II '!AN26>0),('INTERNAL - I'!AN26+'INTERNAL - II '!AN26)/2,'INTERNAL - I'!AN26+'INTERNAL - II '!AN26) -> 82.352941
A15: 11 | B15: ='STUDENT NAMELIST'!B15 -> 2023PEC AI 105 | C15: ='STUDENT NAMELIST'!C15 -> 211423243011 | D15: ='STUDENT NAMELIST'!D15 -> ADELINE JERUSHA AUGUSTINE | E15: =('INTERNAL - I'!AI27+'INTERNAL - II '!AI27)/2 -> 91.666667 | F15: =IF(AND('INTERNAL - I'!AJ27>0,'INTERNAL - II '!AJ27>0),('INTERNAL - I'!AJ27+'INTERNAL - II '!AJ27)/2,'INTERNAL - I'!AJ27+'INTERNAL - II '!AJ27) -> 66.304348 | G15: =('INTERNAL - I'!AK27+'INTERNAL - II '!AK27)/2 -> 88.214286 | H15: =IF(AND('INTERNAL - I'!AL27>0,'INTERNAL - II '!AL27>0),('INTERNAL - I'!AL27+'INTERNAL - II '!AL27)/2,'INTERNAL - I'!AL27+'INTERNAL - II '!AL27) -> 84.615385 | I15: =IF(AND('INTERNAL - I'!AM27>0,'INTERNAL - II '!AM27>0),('INTERNAL - I'!AM27+'INTERNAL - II '!AM27)/2,'INTERNAL - I'!AM27+'INTERNAL - II '!AM27) -> 82.142857 | J15: =IF(AND('INTERNAL - I'!AN27>0,'INTERNAL - II '!AN27>0),('INTERNAL - I'!AN27+'INTERNAL - II '!AN27)/2,'INTERNAL - I'!AN27+'INTERNAL - II '!AN27) -> 46.666667
A16: 12 | B16: ='STUDENT NAMELIST'!B16 -> 2023PEC AI 547 | C16: ='STUDENT NAMELIST'!C16 -> 211423243012 | D16: ='STUDENT NAMELIST'!D16 -> ADHINARAYANAN A | E16: =('INTERNAL - I'!AI28+'INTERNAL - II '!AI28)/2 -> 50 | F16: =IF(AND('INTERNAL - I'!AJ28>0,'INTERNAL - II '!AJ28>0),('INTERNAL - I'!AJ28+'INTERNAL - II '!AJ28)/2,'INTERNAL - I'!AJ28+'INTERNAL - II '!AJ28) -> 40 | G16: =('INTERNAL - I'!AK28+'INTERNAL - II '!AK28)/2 -> 41.744186 | H16: =IF(AND('INTERNAL - I'!AL28>0,'INTERNAL - II '!AL28>0),('INTERNAL - I'!AL28+'INTERNAL - II '!AL28)/2,'INTERNAL - I'!AL28+'INTERNAL - II '!AL28) -> 69.230769 | I16: =IF(AND('INTERNAL - I'!AM28>0,'INTERNAL - II '!AM28>0),('INTERNAL - I'!AM28+'INTERNAL - II '!AM28)/2,'INTERNAL - I'!AM28+'INTERNAL - II '!AM28) -> 57.843137 | J16: =IF(AND('INTERNAL - I'!AN28>0,'INTERNAL - II '!AN28>0),('INTERNAL - I'!AN28+'INTERNAL - II '!AN28)/2,'INTERNAL - I'!AN28+'INTERNAL - II '!AN28) -> 82.352941
A17: 13 | B17: ='STUDENT NAMELIST'!B17 -> 2023PEC AI 548 | C17: ='STUDENT NAMELIST'!C17 -> 211423243013 | D17: ='STUDENT NAMELIST'!D17 -> ADHITYAN R | E17: =('INTERNAL - I'!AI29+'INTERNAL - II '!AI29)/2 -> 50 | F17: =IF(AND('INTERNAL - I'!AJ29>0,'INTERNAL - II '!AJ29>0),('INTERNAL - I'!AJ29+'INTERNAL - II '!AJ29)/2,'INTERNAL - I'!AJ29+'INTERNAL - II '!AJ29) -> 60.869565 | G17: =('INTERNAL - I'!AK29+'INTERNAL - II '!AK29)/2 -> 57.678571 | H17: =IF(AND('INTERNAL - I'!AL29>0,'INTERNAL - II '!AL29>0),('INTERNAL - I'!AL29+'INTERNAL - II '!AL29)/2,'INTERNAL - I'!AL29+'INTERNAL - II '!AL29) -> 76.923077 | I17: =IF(AND('INTERNAL - I'!AM29>0,'INTERNAL - II '!AM29>0),('INTERNAL - I'!AM29+'INTERNAL - II '!AM29)/2,'INTERNAL - I'!AM29+'INTERNAL - II '!AM29) -> 41.190476 | J17: =IF(AND('INTERNAL - I'!AN29>0,'INTERNAL - II '!AN29>0),('INTERNAL - I'!AN29+'INTERNAL - II '!AN29)/2,'INTERNAL - I'!AN29+'INTERNAL - II '!AN29) -> 93.333333
... A507: 503 | B507: ='STUDENT NAMELIST'!B507 -> 0 | C507: ='STUDENT NAMELIST'!C507 -> 211423243907 | D507: ='STUDENT NAMELIST'!D507 -> PRASANTH N | E507: =('INTERNAL - I'!AI519+'INTERNAL - II '!AI519)/2 -> 66.666667 | F507: =IF(AND('INTERNAL - I'!AJ519>0,'INTERNAL - II '!AJ519>0),('INTERNAL - I'!AJ519+'INTERNAL - II '!AJ519)/2,'INTERNAL - I'!AJ519+'INTERNAL - II '!AJ519) -> 80 | G507: =('INTERNAL - I'!AK519+'INTERNAL - II '!AK519)/2 -> 52.945736 | H507: =IF(AND('INTERNAL - I'!AL519>0,'INTERNAL - II '!AL519>0),('INTERNAL - I'!AL519+'INTERNAL - II '!AL519)/2,'INTERNAL - I'!AL519+'INTERNAL - II '!AL519) -> 88.461538 | I507: =IF(AND('INTERNAL - I'!AM519>0,'INTERNAL - II '!AM519>0),('INTERNAL - I'!AM519+'INTERNAL - II '!AM519)/2,'INTERNAL - I'!AM519+'INTERNAL - II '!AM519) -> 49.159664 | J507: =IF(AND('INTERNAL - I'!AN519>0,'INTERNAL - II '!AN519>0),('INTERNAL - I'!AN519+'INTERNAL - II '!AN519)/2,'INTERNAL - I'!AN519+'INTERNAL - II '!AN519) -> 82.352941
D508: Internal Assessment Marks
D509: No of Students Attended | E509: =COUNTIF(E5:E507,">0") -> 503 | F509: =COUNTIF(F5:F507,">0") -> 503 | G509: =COUNTIF(G5:G507,">0") -> 503 | H509: =COUNTIF(H5:H507,">0") -> 503 | I509: =COUNTIF(I5:I507,">0") -> 503 | J509: =COUNTIF(J5:J507,">=0") -> 503
D510: No. of Studetns Scoring >=60% | E510: =COUNTIF(E5:E507,">=60") -> 353 | F510: =COUNTIF(F5:F507,">=60") -> 420 | G510: =COUNTIF(G5:G507,">=60") -> 380 | H510: =COUNTIF(H5:H507,">=60") -> 503 | I510: =COUNTIF(I5:I507,">=60") -> 353 | J510: =COUNTIF(J5:J507,">=60") -> 451
D511: % of Students Scoing >=60% | E511: =E510/E509*100 -> 70.178926 | F511: =F510/F509*100 -> 83.499006 | G511: =G510/G509*100 -> 75.54672 | H511: =H510/H509*100 -> 100 | I511: =I510/I509*100 -> 70.178926 | J511: =J510/J509*100 -> 89.662028
D512: Attainment Level | E512: =IF(E511>=80,3,IF(E511>=70,2,IF(E511>=60,1,0))) -> 2 | F512: =IF(F511>80,3,IF(F511>=70,2,IF(F511>=60,1,0))) -> 3 | G512: =IF(G511>80,3,IF(G511>=70,2,IF(G511>=60,1,0))) -> 2 | H512: =IF(H511>80,3,IF(H511>=70,2,IF(H511>=60,1,0))) -> 3 | I512: =IF(I511>80,3,IF(I511>=70,2,IF(I511>=60,1,0))) -> 2 | J512: =IF(J511>80,3,IF(J511>=70,2,IF(J511>=60,1,0))) -> 3

Sheet UNIT TEST
A1: PANIMALAR ENGINEERING COLLEGE
E2: UNIT TEST ATTAINMENT ( 15%)
A3: S.NO | B3: REG.NO | C3: ROLL.NO | D3: NAME | E3: Unit Test 1 | G3: Unit Test 2 | J3: Unit Test 3 | L3: Unit Test 4 | O3: Unit Test 5 | R3: CO s | Y3: =SUMIF($E$4:$P$4,"CO 1",$E$5:$P$5) -> 20 | Z3: =SUMIF($E$4:$P$4,"CO 2",$E$5:$P$5) -> 46 | AA3: =SUMIF($E$4:$P$4,"CO 3",$E$5:$P$5) -> 46 | AB3: =SUMIF($E$4:$P$4,"CO 4",$E$5:$P$5) -> 48 | AC3: =SUMIF($E$4:$P$4,"CO 5",$E$5:$P$5) -> 20 | AD3: =SUMIF($E$4:$P$4,"CO 6",$E$5:$P$5) -> 20
E4: CO 1 | F4: CO 2 | G4: CO 2 | H4: CO 3 | I4: CO 4 | J4: CO 3 | K4: CO 4 | L4: CO 2 | M4: CO 3 | N4: CO 4 | O4: CO 5 | P4: CO 6 | R4: CO1 | S4: CO2 | T4: CO3 | U4: CO4 | V4: CO5 | W4: CO6 | Y4: CO1 % | Z4: CO2 % | AA4: CO3 % | AB4: CO4 % | AC4: CO5 % | AD4: CO6 %
A5: ='STUDENT NAMELIST'!A5 -> 1 | B5: ='STUDENT NAMELIST'!B5 -> 2023PEC AI 541 | C5: ='STUDENT NAMELIST'!C5 -> 211423243001 | D5: ='STUDENT NAMELIST'!D5 -> AATHISUDHAN A | E5: 20 | F5: 20 | G5: 13 | H5: 13 | I5: 14 | J5: 20 | K5: 20 | L5: 13 | M5: 13 | N5: 14 | O5: 20 | P5: 20 | R5: =SUMIF($E$4:$P$4,"CO 1",E5:P5) -> 20 | S5: =SUMIF($E$4:$P$4,"CO 2",E5:P5) -> 46 | T5: =SUMIF($E$4:$P$4,"CO 3",E5:P5) -> 46 | U5: =SUMIF($E$4:$P$4,"CO 4",E5:P5) -> 48 | V5: =SUMIF($E$4:$P$4,"CO 5",E5:P5) -> 20 | W5: =SUMIF($E$4:$P$4,"CO 6",E5:P5) -> 20 | Y5: =(R5/$Y$3)*100 -> 100 | Z5: =(S5/$Z$3)*100 -> 100 | AA5: =(T5/$AA$3)*100 -> 100 | AB5: =(U5/$AB$3)*100 -> 100 | AC5: =(V5/$AC$3)*100 -> 100 | AD5: =(W5/$AD$3)*100 -> 100
A6: ='STUDENT NAMELIST'!A6 -> 2 | B6: ='STUDENT NAMELIST'!B6 -> 2023PEC AI 542 | C6: ='STUDENT NAMELIST'!C6 -> 211423243002 | D6: ='STUDENT NAMELIST'!D6 -> ABESHEK SRIRAMN | E6: 20 | F6: 20 | G6: 13 | H6: 13 | I6: 14 | J6: 20 | K6: 20 | L6: 13 | M6: 13 | N6: 14 | O6: 20 | P6: 20 | R6: =SUMIF($E$4:$P$4,"CO 1",E6:P6) -> 20 | S6: =SUMIF($E$4:$P$4,"CO 2",E6:P6) -> 46 | T6: =SUMIF($E$4:$P$4,"CO 3",E6:P6) -> 46 | U6: =SUMIF($E$4:$P$4,"CO 4",E6:P6) -> 48 | V6: =SUMIF($E$4:$P$4,"CO 5",E6:P6) -> 20 | W6: =SUMIF($E$4:$P$4,"CO 6",E6:P6) -> 20 | Y6: =(R6/$Y$3)*100 -> 100 | Z6: =(S6/$Z$3)*100 -> 100 | AA6: =(T6/$AA$3)*100 -> 100 | AB6: =(U6/$AB$3)*100 -> 100 | AC6: =(V6/$AC$3)*100 -> 100 | AD6: =(W6/$AD$3)*100 -> 100
A7: ='STUDENT NAMELIST'!A7 -> 3 | B7: ='STUDENT NAMELIST'!B7 -> 2023PEC AI 101 | C7: ='STUDENT NAMELIST'!C7 -> 211423243003 | D7: ='STUDENT NAMELIST'!D7 -> ABINAYA M | E7: 19 | F7: 17 | G7: 12 | H7: 11 | I7: 14 | J7: 20 | K7: 17 | L7: 12 | M7: 11 | N7: 13 | O7: 18 | P7: 20 | R7: =SUMIF($E$4:$P$4,"CO 1",E7:P7) -> 19 | S7: =SUMIF($E$4:$P$4,"CO 2",E7:P7) -> 41 | T7: =SUMIF($E$4:$P$4,"CO 3",E7:P7) -> 42 | U7: =SUMIF($E$4:$P$4,"CO 4",E7:P7) -> 44 | V7: =SUMIF($E$4:$P$4,"CO 5",E7:P7) -> 18 | W7: =SUMIF($E$4:$P$4,"CO 6",E7:P7) -> 20 | Y7: =(R7/$Y$3)*100 -> 95 | Z7: =(S7/$Z$3)*100 -> 89.130435 | AA7: =(T7/$AA$3)*100 -> 91.304348 | AB7: =(U7/$AB$3)*100 -> 91.666667 | AC7: =(V7/$AC$3)*100 -> 90 | AD7: =(W7/$AD$3)*100 -> 100
A8: ='STUDENT NAMELIST'!A8 -> 4 | B8: ='STUDENT NAMELIST'!B8 -> 2023PEC AI 543 | C8: ='STUDENT NAMELIST'!C8 -> 211423243004 | D8: ='STUDENT NAMELIST'!D8 -> ABINESH KUMAR T | E8: 20 | F8: 20 | G8: 11 | H8: 13 | I8: 13 | J8: 17 | K8: 17 | L8: 12 | M8: 12 | N8: 12 | O8: 19 | P8: 18 | R8: =SUMIF($E$4:$P$4,"CO 1",E8:P8) -> 20 | S8: =SUMIF($E$4:$P$4,"CO 2",E8:P8) -> 43 | T8: =SUMIF($E$4:$P$4,"CO 3",E8:P8) -> 42 | U8: =SUMIF($E$4:$P$4,"CO 4",E8:P8) -> 42 | V8: =SUMIF($E$4:$P$4,"CO 5",E8:P8) -> 19 | W8: =SUMIF($E$4:$P$4,"CO 6",E8:P8) -> 18 | Y8: =(R8/$Y$3)*100 -> 100 | Z8: =(S8/$Z$3)*100 -> 93.478261 | AA8: =(T8/$AA$3)*100 -> 91.304348 | AB8: =(U8/$AB$3)*100 -> 87.5 | AC8: =(V8/$AC$3)*100 -> 95 | AD8: =(W8/$AD$3)*100 -> 90
A9: ='STUDENT NAMELIST'!A9 -> 5 | B9: ='STUDENT NAMELIST'!B9 -> 2023PEC AI 102 | C9: ='STUDENT NAMELIST'!C9 -> 211423243005 | D9: ='STUDENT NAMELIST'!D9 -> ABIRAMI A | E9: 20 | F9: 20 | G9: 12 | H9: 12 | I9: 13 | J9: 19 | K9: 19 | L9: 11 | M9: 12 | N9: 11 | O9: 18 | P9: 18 | R9: =SUMIF($E$4:$P$4,"CO 1",E9:P9) -> 20 | S9: =SUMIF($E$4:$P$4,"CO 2",E9:P9) -> 43 | T9: =SUMIF($E$4:$P$4,"CO 3",E9:P9) -> 43 | U9: =SUMIF($E$4:$P$4,"CO 4",E9:P9) -> 43 | V9: =SUMIF($E$4:$P$4,"CO 5",E9:P9) -> 18 | W9: =SUMIF($E$4:$P$4,"CO 6",E9:P9) -> 18 | Y9: =(R9/$Y$3)*100 -> 100 | Z9: =(S9/$Z$3)*100 -> 93.478261 | AA9: =(T9/$AA$3)*100 -> 93.478261 | AB9: =(U9/$AB$3)*100 -> 89.583333 | AC9: =(V9/$AC$3)*100 -> 90 | AD9: =(W9/$AD$3)*100 -> 90
A10: ='STUDENT NAMELIST'!A10 -> 6 | B10: ='STUDENT NAMELIST'!B10 -> 2023PEC AI 103 | C10: ='STUDENT NAMELIST'!C10 -> 211423243006 | D10: ='STUDENT NAMELIST'!D10 -> ABIRAMI G | E10: 19 | F10: 17 | G10: 11 | H10: 12 | I10: 13 | J10: 19 | K10: 19 | L10: 12 | M10: 11 | N10: 11 | O10: 18 | P10: 20 | R10: =SUMIF($E$4:$P$4,"CO 1",E10:P10) -> 19 | S10: =SUMIF($E$4:$P$4,"CO 2",E10:P10) -> 40 | T10: =SUMIF($E$4:$P$4,"CO 3",E10:P10) -> 42 | U10: =SUMIF($E$4:$P$4,"CO 4",E10:P10) -> 43 | V10: =SUMIF($E$4:$P$4,"CO 5",E10:P10) -> 18 | W10: =SUMIF($E$4:$P$4,"CO 6",E10:P10) -> 20 | Y10: =(R10/$Y$3)*100 -> 95 | Z10: =(S10/$Z$3)*100 -> 86.956522 | AA10: =(T10/$AA$3)*100 -> 91.304348 | AB10: =(U10/$AB$3)*100 -> 89.583333 | AC10: =(V10/$AC$3)*100 -> 90 | AD10: =(W10/$AD$3)*100 -> 100
A11: ='STUDENT NAMELIST'!A11 -> 7 | B11: ='STUDENT NAMELIST'!B11 -> 2023PEC AI 544 | C11: ='STUDENT NAMELIST'!C11 -> 211423243007 | D11: ='STUDENT NAMELIST'!D11 -> ABISHAI SINGH J | E11: 19 | F11: 17 | G11: 13 | H11: 12 | I11: 11 | J11: 20 | K11: 20 | L11: 13 | M11: 12 | N11: 12 | O11: 18 | P11: 20 | R11: =SUMIF($E$4:$P$4,"CO 1",E11:P11) -> 19 | S11: =SUMIF($E$4:$P$4,"CO 2",E11:P11) -> 43 | T11: =SUMIF($E$4:$P$4,"CO 3",E11:P11) -> 44 | U11: =SUMIF($E$4:$P$4,"CO 4",E11:P11) -> 43 | V11: =SUMIF($E$4:$P$4,"CO 5",E11:P11) -> 18 | W11: =SUMIF($E$4:$P$4,"CO 6",E11:P11) -> 20 | Y11: =(R11/$Y$3)*100 -> 95 | Z11: =(S11/$Z$3)*100 -> 93.478261 | AA11: =(T11/$AA$3)*100 -> 95.652174 | AB11: =(U11/$AB$3)*100 -> 89.583333 | AC11: =(V11/$AC$3)*100 -> 90 | AD11: =(W11/$AD$3)*100 -> 100
A12: ='STUDENT NAMELIST'!A12 -> 8 | B12: ='STUDENT NAMELIST'!B12 -> 2023PEC AI 545 | C12: ='STUDENT NAMELIST'!C12 -> 211423243008 | D12: ='STUDENT NAMELIST'!D12 -> ABISHEK RANGARAJ M | E12: 18 | F12: 19 | G12: 13 | H12: 12 | I12: 11 | J12: 17 | K12: 18 | L12: 13 | M12: 11 | N12: 11 | O12: 18 | P12: 17 | R12: =SUMIF($E$4:$P$4,"CO 1",E12:P12) -> 18 | S12: =SUMIF($E$4:$P$4,"CO 2",E12:P12) -> 45 | T12: =SUMIF($E$4:$P$4,"CO 3",E12:P12) -> 40 | U12: =SUMIF($E$4:$P$4,"CO 4",E12:P12) -> 40 | V12: =SUMIF($E$4:$P$4,"CO 5",E12:P12) -> 18 | W12: =SUMIF($E$4:$P$4,"CO 6",E12:P12) -> 17 | Y12: =(R12/$Y$3)*100 -> 90 | Z12: =(S12/$Z$3)*100 -> 97.826087 | AA12: =(T12/$AA$3)*100 -> 86.956522 | AB12: =(U12/$AB$3)*100 -> 83.333333 | AC12: =(V12/$AC$3)*100 -> 90 | AD12: =(W12/$AD$3)*100 -> 85
A13: ='STUDENT NAMELIST'!A13 -> 9 | B13: ='STUDENT NAMELIST'!B13 -> 2023PEC AI 104 | C13: ='STUDENT NAMELIST'!C13 -> 211423243009 | D13: ='STUDENT NAMELIST'!D13 -> ABITHA R D | E13: 20 | F13: 18 | G13: 12 | H13: 11 | I13: 11 | J13: 17 | K13: 19 | L13: 13 | M13: 12 | N13: 12 | O13: 20 | P13: 17 | R13: =SUMIF($E$4:$P$4,"CO 1",E13:P13) -> 20 | S13: =SUMIF($E$4:$P$4,"CO 2",E13:P13) -> 43 | T13: =SUMIF($E$4:$P$4,"CO 3",E13:P13) -> 40 | U13: =SUMIF($E$4:$P$4,"CO 4",E13:P13) -> 42 | V13: =SUMIF($E$4:$P$4,"CO 5",E13:P13) -> 20 | W13: =SUMIF($E$4:$P$4,"CO 6",E13:P13) -> 17 | Y13: =(R13/$Y$3)*100 -> 100 | Z13: =(S13/$Z$3)*100 -> 93.478261 | AA13: =(T13/$AA$3)*100 -> 86.956522 | AB13: =(U13/$AB$3)*100 -> 87.5 | AC13: =(V13/$AC$3)*100 -> 100 | AD13: =(W13/$AD$3)*100 -> 85
A14: ='STUDENT NAMELIST'!A14 -> 10 | B14: ='STUDENT NAMELIST'!B14 -> 2023PEC AI 546 | C14: ='STUDENT NAMELIST'!C14 -> 211423243010 | D14: ='STUDENT NAMELIST'!D14 -> ABRAHAM S J | E14: 20 | F14: 19 | G14: 11 | H14: 12 | I14: 14 | J14: 18 | K14: 18 | L14: 12 | M14: 12 | N14: 13 | O14: 19 | P14: 19 | R14: =SUMIF($E$4:$P$4,"CO 1",E14:P14) -> 20 | S14: =SUMIF($E$4:$P$4,"CO 2",E14:P14) -> 42 | T14: =SUMIF($E$4:$P$4,"CO 3",E14:P14) -> 42 | U14: =SUMIF($E$4:$P$4,"CO 4",E14:P14) -> 45 | V14: =SUMIF($E$4:$P$4,"CO 5",E14:P14) -> 19 | W14: =SUMIF($E$4:$P$4,"CO 6",E14:P14) -> 19 | Y14: =(R14/$Y$3)*100 -> 100 | Z14: =(S14/$Z$3)*100 -> 91.304348 | AA14: =(T14/$AA$3)*100 -> 91.304348 | AB14: =(U14/$AB$3)*100 -> 93.75 | AC14: =(V14/$AC$3)*100 -> 95 | AD14: =(W14/$AD$3)*100 -> 95
A15: ='STUDENT NAMELIST'!A15 -> 11 | B15: ='STUDENT NAMELIST'!B15 -> 2023PEC AI 105 | C15: ='STUDENT NAMELIST'!C15 -> 211423243011 | D15: ='STUDENT NAMELIST'!D15 -> ADELINE JERUSHA AUGUSTINE | E15: 18 | F15: 18 | G15: 13 | H15: 13 | I15: 13 | J15: 17 | K15: 20 | L15: 11 | M15: 11 | N15: 13 | O15: 20 | P15: 17 | R15: =SUMIF($E$4:$P$4,"CO 1",E15:P15) -> 18 | S15: =SUMIF($E$4:$P$4,"CO 2",E15:P15) -> 42 | T15: =SUMIF($E$4:$P$4,"CO 3",E15:P15) -> 41 | U15: =SUMIF($E$4:$P$4,"CO 4",E15:P15) -> 46 | V15: =SUMIF($E$4:$P$4,"CO 5",E15:P15) -> 20 | W15: =SUMIF($E$4:$P$4,"CO 6",E15:P15) -> 17 | Y15: =(R15/$Y$3)*100 -> 90 | Z15: =(S15/$Z$3)*100 -> 91.304348 | AA15: =(T15/$AA$3)*100 -> 89.130435 | AB15: =(U15/$AB$3)*100 -> 95.833333 | AC15: =(V15/$AC$3)*100 -> 100 | AD15: =(W15/$AD$3)*100 -> 85
A16: ='STUDENT NAMELIST'!A16 -> 12 | B16: ='STUDENT NAMELIST'!B16 -> 2023PEC AI 547 | C16: ='STUDENT NAMELIST'!C16 -> 211423243012 | D16: ='STUDENT NAMELIST'!D16 -> ADHINARAYANAN A | E16: 19 | F16: 20 | G16: 11 | H16: 12 | I16: 12 | J16: 17 | K16: 20 | L16: 11 | M16: 13 | N16: 13 | O16: 19 | P16: 20 | R16: =SUMIF($E$4:$P$4,"CO 1",E16:P16) -> 19 | S16: =SUMIF($E$4:$P$4,"CO 2",E16:P16) -> 42 | T16: =SUMIF($E$4:$P$4,"CO 3",E16:P16) -> 42 | U16: =SUMIF($E$4:$P$4,"CO 4",E16:P16) -> 45 | V16: =SUMIF($E$4:$P$4,"CO 5",E16:P16) -> 19 | W16: =SUMIF($E$4:$P$4,"CO 6",E16:P16) -> 20 | Y16: =(R16/$Y$3)*100 -> 95 | Z16: =(S16/$Z$3)*100 -> 91.304348 | AA16: =(T16/$AA$3)*100 -> 91.304348 | AB16: =(U16/$AB$3)*100 -> 93.75 | AC16: =(V16/$AC$3)*100 -> 95 | AD16: =(W16/$AD$3)*100 -> 100
... A507: ='STUDENT NAMELIST'!A507 -> 503 | B507: ='STUDENT NAMELIST'!B507 -> 0 | C507: ='STUDENT NAMELIST'!C507 -> 211423243907 | D507: ='STUDENT NAMELIST'!D507 -> PRASANTH N | E507: 17 | F507: 19 | G507: 12 | H507: 12 | I507: 12 | J507: 19 | K507: 17 | L507: 13 | M507: 11 | N507: 13 | O507: 17 | P507: 20 | R507: =SUMIF($E$4:$P$4,"CO 1",E507:P507) -> 17 | S507: =SUMIF($E$4:$P$4,"CO 2",E507:P507) -> 44 | T507: =SUMIF($E$4:$P$4,"CO 3",E507:P507) -> 42 | U507: =SUMIF($E$4:$P$4,"CO 4",E507:P507) -> 42 | V507: =SUMIF($E$4:$P$4,"CO 5",E507:P507) -> 17 | W507: =SUMIF($E$4:$P$4,"CO 6",E507:P507) -> 20 | Y507: =(R507/$Y$3)*100 -> 85 | Z507: =(S507/$Z$3)*100 -> 95.652174 | AA507: =(T507/$AA$3)*100 -> 91.304348 | AB507: =(U507/$AB$3)*100 -> 87.5 | AC507: =(V507/$AC$3)*100 -> 85 | AD507: =(W507/$AD$3)*100 -> 100
T509: No of Students Attended | Y509: =COUNTIF(Y5:Y507,">0") -> 503 | Z509: =COUNTIF(Z5:Z507,">0") -> 503 | AA509: =COUNTIF(AA5:AA507,">0") -> 503 | AB509: =COUNTIF(AB5:AB507,">0") -> 503 | AC509: =COUNTIF(AC5:AC507,">0") -> 503 | AD509: =COUNTIF(AD5:AD507,">0") -> 503
T510: No. of Studetns Scoring >=Threshold | Y510: =COUNTIF(Y5:Y507,">60%") -> 503 | Z510: =COUNTIF(Z5:Z507,">60%") -> 503 | AA510: =COUNTIF(AA5:AA507,">60%") -> 503 | AB510: =COUNTIF(AB5:AB507,">60%") -> 503 | AC510: =COUNTIF(AC5:AC507,">60%") -> 503 | AD510: =COUNTIF(AD5:AD507,">60%") -> 503
T511: % of Students Scoing >=Threshold | Y511: =(Y510/Y509)*100 -> 100 | Z511: =(Z510/Z509)*100 -> 100 | AA511: =(AA510/AA509)*100 -> 100 | AB511: =(AB510/AB509)*100 -> 100 | AC511: =(AC510/AC509)*100 -> 100 | AD511: =(AD510/AD509)*100 -> 100
T512: Attainment Level | Y512: =IF(Y511>80,3,IF(Y511>=70,2,IF(Y511>=60,1,0))) -> 3 | Z512: =IF(Z511>80,3,IF(Z511>=70,2,IF(Z511>=60,1,0))) -> 3 | AA512: =IF(AA511>80,3,IF(AA511>=70,2,IF(AA511>=60,1,0))) -> 3 | AB512: =IF(AB511>80,3,IF(AB511>=70,2,IF(AB511>=60,1,0))) -> 3 | AC512: =IF(AC511>80,3,IF(AC511>=70,2,IF(AC511>=60,1,0))) -> 3 | AD512: =IF(AD511>80,3,IF(AD511>=70,2,IF(AD511>=60,1,0))) -> 3

Sheet Assingment Attainment
A1: PANIMALAR ENGINEERING COLLEGE
E2: ASSIGNMENT (25%)
A3: S.NO | B3: REG.NO | C3: ROLL.NO | D3: NAME | E3: 10 | F3: 10 | G3: 10 | H3: 10 | I3: 10 | J3: 10
E4: CO1 | F4: CO2 | G4: CO3 | H4: CO4 | I4: CO5 | J4: CO6 | K4: %CO1 | L4: %CO2 | M4: %CO3 | N4: %CO4 | O4: %CO5 | P4: %CO6
A5: ='STUDENT NAMELIST'!A5 -> 1 | B5: ='STUDENT NAMELIST'!B5 -> 2023PEC AI 541 | C5: ='STUDENT NAMELIST'!C5 -> 211423243001 | D5: ='STUDENT NAMELIST'!D5 -> AATHISUDHAN A | E5: 10 | F5: 9 | G5: 9 | H5: 8 | I5: 7 | J5: 6 | K5: =(E5/10)*25 -> 25 | L5: =(F5/10)*25 -> 22.5 | M5: =(G5/10)*25 -> 22.5 | N5: =(H5/10)*25 -> 20 | O5: =(I5/10)*25 -> 17.5 | P5: =(J5/10)*25 -> 15
A6: ='STUDENT NAMELIST'!A6 -> 2 | B6: ='STUDENT NAMELIST'!B6 -> 2023PEC AI 542 | C6: ='STUDENT NAMELIST'!C6 -> 211423243002 | D6: ='STUDENT NAMELIST'!D6 -> ABESHEK SRIRAMN | E6: 9 | F6: 8 | G6: 7 | H6: 8 | I6: 7 | J6: 6 | K6: =(E6/10)*25 -> 22.5 | L6: =(F6/10)*25 -> 20 | M6: =(G6/10)*25 -> 17.5 | N6: =(H6/10)*25 -> 20 | O6: =(I6/10)*25 -> 17.5 | P6: =(J6/10)*25 -> 15
A7: ='STUDENT NAMELIST'!A7 -> 3 | B7: ='STUDENT NAMELIST'!B7 -> 2023PEC AI 101 | C7: ='STUDENT NAMELIST'!C7 -> 211423243003 | D7: ='STUDENT NAMELIST'!D7 -> ABINAYA M | E7: 10 | F7: 8 | G7: 10 | H7: 10 | I7: 7 | J7: 6 | K7: =(E7/10)*25 -> 25 | L7: =(F7/10)*25 -> 20 | M7: =(G7/10)*25 -> 25 | N7: =(H7/10)*25 -> 25 | O7: =(I7/10)*25 -> 17.5 | P7: =(J7/10)*25 -> 15
A8: ='STUDENT NAMELIST'!A8 -> 4 | B8: ='STUDENT NAMELIST'!B8 -> 2023PEC AI 543 | C8: ='STUDENT NAMELIST'!C8 -> 211423243004 | D8: ='STUDENT NAMELIST'!D8 -> ABINESH KUMAR T | E8: 8 | F8: 10 | G8: 8 | H8: 8 | I8: 8 | J8: 9 | K8: =(E8/10)*25 -> 20 | L8: =(F8/10)*25 -> 25 | M8: =(G8/10)*25 -> 20 | N8: =(H8/10)*25 -> 20 | O8: =(I8/10)*25 -> 20 | P8: =(J8/10)*25 -> 22.5
A9: ='STUDENT NAMELIST'!A9 -> 5 | B9: ='STUDENT NAMELIST'!B9 -> 2023PEC AI 102 | C9: ='STUDENT NAMELIST'!C9 -> 211423243005 | D9: ='STUDENT NAMELIST'!D9 -> ABIRAMI A | E9: 8 | F9: 8 | G9: 7 | H9: 6 | I9: 10 | J9: 9 | K9: =(E9/10)*25 -> 20 | L9: =(F9/10)*25 -> 20 | M9: =(G9/10)*25 -> 17.5 | N9: =(H9/10)*25 -> 15 | O9: =(I9/10)*25 -> 25 | P9: =(J9/10)*25 -> 22.5
A10: ='STUDENT NAMELIST'!A10 -> 6 | B10: ='STUDENT NAMELIST'!B10 -> 2023PEC AI 103 | C10: ='STUDENT NAMELIST'!C10 -> 211423243006 | D10: ='STUDENT NAMELIST'!D10 -> ABIRAMI G | E10: 10 | F10: 9 | G10: 6 | H10: 10 | I10: 6 | J10: 6 | K10: =(E10/10)*25 -> 25 | L10: =(F10/10)*25 -> 22.5 | M10: =(G10/10)*25 -> 15 | N10: =(H10/10)*25 -> 25 | O10: =(I10/10)*25 -> 15 | P10: =(J10/10)*25 -> 15
A11: ='STUDENT NAMELIST'!A11 -> 7 | B11: ='STUDENT NAMELIST'!B11 -> 2023PEC AI 544 | C11: ='STUDENT NAMELIST'!C11 -> 211423243007 | D11: ='STUDENT NAMELIST'!D11 -> ABISHAI SINGH J | E11: 8 | F11: 7 | G11: 9 | H11: 10 | I11: 6 | J11: 6 | K11: =(E11/10)*25 -> 20 | L11: =(F11/10)*25 -> 17.5 | M11: =(G11/10)*25 -> 22.5 | N11: =(H11/10)*25 -> 25 | O11: =(I11/10)*25 -> 15 | P11: =(J11/10)*25 -> 15
A12: ='STUDENT NAMELIST'!A12 -> 8 | B12: ='STUDENT NAMELIST'!B12 -> 2023PEC AI 545 | C12: ='STUDENT NAMELIST'!C12 -> 211423243008 | D12: ='STUDENT NAMELIST'!D12 -> ABISHEK RANGARAJ M | E12: 7 | F12: 7 | G12: 7 | H12: 8 | I12: 6 | J12: 8 | K12: =(E12/10)*25 -> 17.5 | L12: =(F12/10)*25 -> 17.5 | M12: =(G12/10)*25 -> 17.5 | N12: =(H12/10)*25 -> 20 | O12: =(I12/10)*25 -> 15 | P12: =(J12/10)*25 -> 20
A13: ='STUDENT NAMELIST'!A13 -> 9 | B13: ='STUDENT NAMELIST'!B13 -> 2023PEC AI 104 | C13: ='STUDENT NAMELIST'!C13 -> 211423243009 | D13: ='STUDENT NAMELIST'!D13 -> ABITHA R D | E13: 6 | F13: 8 | G13: 8 | H13: 10 | I13: 10 | J13: 8 | K13: =(E13/10)*25 -> 15 | L13: =(F13/10)*25 -> 20 | M13: =(G13/10)*25 -> 20 | N13: =(H13/10)*25 -> 25 | O13: =(I13/10)*25 -> 25 | P13: =(J13/10)*25 -> 20
A14: ='STUDENT NAMELIST'!A14 -> 10 | B14: ='STUDENT NAMELIST'!B14 -> 2023PEC AI 546 | C14: ='STUDENT NAMELIST'!C14 -> 211423243010 | D14: ='STUDENT NAMELIST'!D14 -> ABRAHAM S J | E14: 10 | F14: 8 | G14: 10 | H14: 9 | I14: 9 | J14: 7 | K14: =(E14/10)*25 -> 25 | L14: =(F14/10)*25 -> 20 | M14: =(G14/10)*25 -> 25 | N14: =(H14/10)*25 -> 22.5 | O14: =(I14/10)*25 -> 22.5 | P14: =(J14/10)*25 -> 17.5
A15: ='STUDENT NAMELIST'!A15 -> 11 | B15: ='STUDENT NAMELIST'!B15 -> 2023PEC AI 105 | C15: ='STUDENT NAMELIST'!C15 -> 211423243011 | D15: ='STUDENT NAMELIST'!D15 -> ADELINE JERUSHA AUGUSTINE | E15: 8 | F15: 8 | G15: 7 | H15: 8 | I15: 6 | J15: 10 | K15: =(E15/10)*25 -> 20 | L15: =(F15/10)*25 -> 20 | M15: =(G15/10)*25 -> 17.5 | N15: =(H15/10)*25 -> 20 | O15: =(I15/10)*25 -> 15 | P15: =(J15/10)*25 -> 25
A16: ='STUDENT NAMELIST'!A16 -> 12 | B16: ='STUDENT NAMELIST'!B16 -> 2023PEC AI 547 | C16: ='STUDENT NAMELIST'!C16 -> 211423243012 | D16: ='STUDENT NAMELIST'!D16 -> ADHINARAYANAN A | E16: 6 | F16: 10 | G16: 9 | H16: 10 | I16: 8 | J16: 6 | K16: =(E16/10)*25 -> 15 | L16: =(F16/10)*25 -> 25 | M16: =(G16/10)*25 -> 22.5 | N16: =(H16/10)*25 -> 25 | O16: =(I16/10)*25 -> 20 | P16: =(J16/10)*25 -> 15
... A507: ='STUDENT NAMELIST'!A507 -> 503 | B507: ='STUDENT NAMELIST'!B507 -> 0 | C507: ='STUDENT NAMELIST'!C507 -> 211423243907 | D507: ='STUDENT NAMELIST'!D507 -> PRASANTH N | E507: 8 | F507: 8 | G507: 9 | H507: 10 | I507: 7 | J507: 10 | K507: =(E507/10)*25 -> 20 | L507: =(F507/10)*25 -> 20 | M507: =(G507/10)*25 -> 22.5 | N507: =(H507/10)*25 -> 25 | O507: =(I507/10)*25 -> 17.5 | P507: =(J507/10)*25 -> 25
E508: Assignment Marks | K508: =AVERAGE(K5:K507) -> 20.144135 | L508: =AVERAGE(L5:L507) -> 20.223658 | M508: =AVERAGE(M5:M507) -> 20.084493 | N508: =AVERAGE(N5:N507) -> 19.975149 | O508: =AVERAGE(O5:O507) -> 20.114314 | P508: =AVERAGE(P5:P507) -> 19.99006
E509: No of Students Attended | K509: =COUNTIF(K5:K507,">0") -> 503 | L509: =COUNTIF(L5:L507,">0") -> 503 | M509: =COUNTIF(M5:M507,">0") -> 503 | N509: =COUNTIF(N5:N507,">0") -> 503 | O509: =COUNTIF(O5:O507,">0") -> 503 | P509: =COUNTIF(P5:P507,">0") -> 503
E510: No. of Studetns Scoring >Threshold | K510: =COUNTIF(K5:K507,">=70%") -> 503 | L510: =COUNTIF(L5:L507,">=70%") -> 503 | M510: =COUNTIF(M5:M507,">=70%") -> 503 | N510: =COUNTIF(N5:N507,">=70%") -> 503 | O510: =COUNTIF(O5:O507,">=70%") -> 503 | P510: =COUNTIF(P5:P507,">=70%") -> 503
E511: % of Students Scoing <=Threshold | K511: =(K510/507)*100 -> 99.211045 | L511: =(L510/507)*100 -> 99.211045 | M511: =(M510/507)*100 -> 99.211045 | N511: =(N510/507)*100 -> 99.211045 | O511: =(O510/507)*100 -> 99.211045 | P511: =(P510/507)*100 -> 99.211045
E512: Attainment Level | K512: =IF(K511>80,3,IF(K511>=70,2,IF(K511>=60,1,0))) -> 3 | L512: =IF(L511>80,3,IF(L511>=70,2,IF(L511>=60,1,0))) -> 3 | M512: =IF(M511>80,3,IF(M511>=70,2,IF(M511>=60,1,0))) -> 3 | N512: =IF(N511>80,3,IF(N511>=70,2,IF(N511>=60,1,0))) -> 3 | O512: =IF(O511>80,3,IF(O511>=70,2,IF(O511>=60,1,0))) -> 3 | P512: =IF(P511>80,3,IF(P511>=70,2,IF(P511>=60,1,0))) -> 3

Sheet Direct Attainment
C21: CO1 | D21: CO2 | E21: CO3 | F21: CO4 | G21: CO5 | H21: CO6
B22: Course Outcome (IA) | C22: ='CO''s Attainment'!E512 -> 2 | D22: ='CO''s Attainment'!F512 -> 3 | E22: ='CO''s Attainment'!G512 -> 2 | F22: ='CO''s Attainment'!H512 -> 3 | G22: ='CO''s Attainment'!I512 -> 2 | H22: ='CO''s Attainment'!J512 -> 3 | I22: 0.6
B23: UNIT TEST | C23: ='UNIT TEST'!Y512 -> 3 | D23: ='UNIT TEST'!Z512 -> 3 | E23: ='UNIT TEST'!AA512 -> 3 | F23: ='UNIT TEST'!AB512 -> 3 | G23: ='UNIT TEST'!AC512 -> 3 | H23: ='UNIT TEST'!AD512 -> 3 | I23: 0.15
B24: ASSIGNMENT | C24: ='Assingment Attainment'!K512 -> 3 | D24: ='Assingment Attainment'!L512 -> 3 | E24: ='Assingment Attainment'!M512 -> 3 | F24: ='Assingment Attainment'!N512 -> 3 | G24: ='Assingment Attainment'!O512 -> 3 | H24: ='Assingment Attainment'!P512 -> 3 | I24: 0.25
B25: Internal | C25: =C22*0.6+ ((C23+C24)/2)*0.4 -> 2.4 | D25: =D22*0.6+ ((D23+D24)/2)*0.4 -> 3 | E25: =E22*0.6+ ((E23+E24)/2)*0.4 -> 2.4 | F25: =F22*0.6+ ((F23+F24)/2)*0.4 -> 3 | G25: =G22*0.6+ ((G23+G24)/2)*0.4 -> 2.4 | H25: =H22*0.6+ ((H23+H24)/2)*0.4 -> 3 | I25: 1 | J25: 0.4
B26: SEE | C26: ='UNIVERSITY EXAM'!$F$514 -> 3 | D26: ='UNIVERSITY EXAM'!$F$514 -> 3 | E26: ='UNIVERSITY EXAM'!$F$514 -> 3 | F26: ='UNIVERSITY EXAM'!$F$514 -> 3 | G26: ='UNIVERSITY EXAM'!$F$514 -> 3 | H26: ='UNIVERSITY EXAM'!$F$514 -> 3 | J26: 0.6
B27: DIRECT ATTAINMENT | C27: =((C25*40%)+(C26*60%)) -> 2.76 | D27: =((D25*40%)+(D26*60%)) -> 3 | E27: =((E25*40%)+(E26*60%)) -> 2.76 | F27: =((F25*40%)+(F26*60%)) -> 3 | G27: =((G25*40%)+(G26*60%)) -> 2.76 | H27: =((H25*40%)+(H26*60%)) -> 3 | K27: 0.9
B28: Indirect Attainment | C28: 2.82 | D28: 2.93 | E28: 2.78 | F28: 2.89 | G28: 2.77 | H28: 2.88 | K28: 0.1
B29: Final Attainment | C29: =((C27*90%)+(C28*10%)) -> 2.766 | D29: =((D27*90%)+(D28*10%)) -> 2.993 | E29: =((E27*90%)+(E28*10%)) -> 2.762 | F29: =((F27*90%)+(F28*10%)) -> 2.989 | G29: =((G27*90%)+(G28*10%)) -> 2.761 | H29: =((H27*90%)+(H28*10%)) -> 2.988

Sheet UNIVERSITY EXAM
A1: PANIMALAR ENGINEERING COLLEGE
A2: UNIVERSITY EXAM
A3: ='COURSE ASSESSMENT'!$B$7 -> 23AD1501 | D3: ='COURSE ASSESSMENT'!$B$6 -> FORMAL LANGUAGES AND AUTOMATA THEORY
A4: YEAR:
A5: S.NO | B5: REG.NO | C5: ROLL.NO | D5: STUDENT NAME | E5: GRADE | F5: TOTAL
A7: ='STUDENT NAMELIST'!A5 -> 1 | B7: ='STUDENT NAMELIST'!B5 -> 2023PEC AI 541 | C7: 2024PEC AI 315 | D7: ='STUDENT NAMELIST'!D5 -> AATHISUDHAN A | E7: A | F7: =IF(E7="O",100, IF(E7="A+",89, IF(E7="A",79, IF(E7="B+",69, IF(E7="B",59, IF(E7="C",49, IF(E7="U",32,"Invalid Grade"))))))) -> 79
A8: ='STUDENT NAMELIST'!A6 -> 2 | B8: ='STUDENT NAMELIST'!B6 -> 2023PEC AI 542 | C8: 2024PEC AI 316 | D8: ='STUDENT NAMELIST'!D6 -> ABESHEK SRIRAMN | E8: A | F8: =IF(E8="O",100, IF(E8="A+",89, IF(E8="A",79, IF(E8="B+",69, IF(E8="B",59, IF(E8="C",49, IF(E8="U",32,"Invalid Grade"))))))) -> 79
A9: ='STUDENT NAMELIST'!A7 -> 3 | B9: ='STUDENT NAMELIST'!B7 -> 2023PEC AI 101 | C9: 2024PEC AI 317 | D9: ='STUDENT NAMELIST'!D7 -> ABINAYA M | E9: A | F9: =IF(E9="O",100, IF(E9="A+",89, IF(E9="A",79, IF(E9="B+",69, IF(E9="B",59, IF(E9="C",49, IF(E9="U",32,"Invalid Grade"))))))) -> 79
A10: ='STUDENT NAMELIST'!A8 -> 4 | B10: ='STUDENT NAMELIST'!B8 -> 2023PEC AI 543 | C10: 2024PEC AI 101 | D10: ='STUDENT NAMELIST'!D8 -> ABINESH KUMAR T | E10: A+ | F10: =IF(E10="O",100, IF(E10="A+",89, IF(E10="A",79, IF(E10="B+",69, IF(E10="B",59, IF(E10="C",49, IF(E10="U",32,"Invalid Grade"))))))) -> 89
A11: ='STUDENT NAMELIST'!A9 -> 5 | B11: ='STUDENT NAMELIST'!B9 -> 2023PEC AI 102 | C11: 2024PEC AI 102 | D11: ='STUDENT NAMELIST'!D9 -> ABIRAMI A | E11: A | F11: =IF(E11="O",100, IF(E11="A+",89, IF(E11="A",79, IF(E11="B+",69, IF(E11="B",59, IF(E11="C",49, IF(E11="U",32,"Invalid Grade"))))))) -> 79
A12: ='STUDENT NAMELIST'!A10 -> 6 | B12: ='STUDENT NAMELIST'!B10 -> 2023PEC AI 103 | C12: 2024PEC AI 318 | D12: ='STUDENT NAMELIST'!D10 -> ABIRAMI G | E12: A | F12: =IF(E12="O",100, IF(E12="A+",89, IF(E12="A",79, IF(E12="B+",69, IF(E12="B",59, IF(E12="C",49, IF(E12="U",32,"Invalid Grade"))))))) -> 79
A13: ='STUDENT NAMELIST'!A11 -> 7 | B13: ='STUDENT NAMELIST'!B11 -> 2023PEC AI 544 | C13: 2024PEC AI 319 | D13: ='STUDENT NAMELIST'!D11 -> ABISHAI SINGH J | E13: B | F13: =IF(E13="O",100, IF(E13="A+",89, IF(E13="A",79, IF(E13="B+",69, IF(E13="B",59, IF(E13="C",49, IF(E13="U",32,"Invalid Grade"))))))) -> 59
A14: ='STUDENT NAMELIST'!A12 -> 8 | B14: ='STUDENT NAMELIST'!B12 -> 2023PEC AI 545 | C14: 2024PEC AI 320 | D14: ='STUDENT NAMELIST'!D12 -> ABISHEK RANGARAJ M | E14: A | F14: =IF(E14="O",100, IF(E14="A+",89, IF(E14="A",79, IF(E14="B+",69, IF(E14="B",59, IF(E14="C",49, IF(E14="U",32,"Invalid Grade"))))))) -> 79
A15: ='STUDENT NAMELIST'!A13 -> 9 | B15: ='STUDENT NAMELIST'!B13 -> 2023PEC AI 104 | C15: 2024PEC AI 321 | D15: ='STUDENT NAMELIST'!D13 -> ABITHA R D | E15: A | F15: =IF(E15="O",100, IF(E15="A+",89, IF(E15="A",79, IF(E15="B+",69, IF(E15="B",59, IF(E15="C",49, IF(E15="U",32,"Invalid Grade"))))))) -> 79
A16: ='STUDENT NAMELIST'!A14 -> 10 | B16: ='STUDENT NAMELIST'!B14 -> 2023PEC AI 546 | C16: 2024PEC AI 322 | D16: ='STUDENT NAMELIST'!D14 -> ABRAHAM S J | E16: B+ | F16: =IF(E16="O",100, IF(E16="A+",89, IF(E16="A",79, IF(E16="B+",69, IF(E16="B",59, IF(E16="C",49, IF(E16="U",32,"Invalid Grade"))))))) -> 69
A17: ='STUDENT NAMELIST'!A15 -> 11 | B17: ='STUDENT NAMELIST'!B15 -> 2023PEC AI 105 | C17: 2024PEC AI 323 | D17: ='STUDENT NAMELIST'!D15 -> ADELINE JERUSHA AUGUSTINE | E17: A+ | F17: =IF(E17="O",100, IF(E17="A+",89, IF(E17="A",79, IF(E17="B+",69, IF(E17="B",59, IF(E17="C",49, IF(E17="U",32,"Invalid Grade"))))))) -> 89
A18: ='STUDENT NAMELIST'!A16 -> 12 | B18: ='STUDENT NAMELIST'!B16 -> 2023PEC AI 547 | C18: 2024PEC AI 103 | D18: ='STUDENT NAMELIST'!D16 -> ADHINARAYANAN A | E18: B+ | F18: =IF(E18="O",100, IF(E18="A+",89, IF(E18="A",79, IF(E18="B+",69, IF(E18="B",59, IF(E18="C",49, IF(E18="U",32,"Invalid Grade"))))))) -> 69
... A106: ='STUDENT NAMELIST'!A104 -> 100 | B106: ='STUDENT NAMELIST'!B104 -> 2023PEC AI 144 | C106: 2024PEC AI 136 | D106: ='STUDENT NAMELIST'!D104 -> DHARSHINI K | E106: A | F106: =IF(E106="O",100, IF(E106="A+",89, IF(E106="A",79, IF(E106="B+",69, IF(E106="B",59, IF(E106="C",49, IF(E106="U",32,"Invalid Grade"))))))) -> 79
A107: ='STUDENT NAMELIST'!A105 -> 101 | B107: ='STUDENT NAMELIST'!B105 -> 2023PEC AI 145 | C107: 2024PEC AI 310 | D107: ='STUDENT NAMELIST'!D105 -> DHARSHINI S | F107: =IF(E107="O",100, IF(E107="A+",89, IF(E107="A",79, IF(E107="B+",69, IF(E107="B",59, IF(E107="C",49, IF(E107="U",32,"Invalid Grade"))))))) -> Invalid Grade
A108: ='STUDENT NAMELIST'!A106 -> 102 | B108: ='STUDENT NAMELIST'!B106 -> 2023PEC AI 146 | C108: 2024PEC AI 378 | D108: ='STUDENT NAMELIST'!D106 -> DHARSHINI S | E108: A | F108: =IF(E108="O",100, IF(E108="A+",89, IF(E108="A",79, IF(E108="B+",69, IF(E108="B",59, IF(E108="C",49, IF(E108="U",32,"Invalid Grade"))))))) -> 79
A109: ='STUDENT NAMELIST'!A107 -> 103 | B109: ='STUDENT NAMELIST'!B107 -> 2023PEC AI 597 | C109: 2024PEC AI 484 | D109: ='STUDENT NAMELIST'!D107 -> DHAWAL SEERVI R | E109: B | F109: =IF(E109="O",100, IF(E109="A+",89, IF(E109="A",79, IF(E109="B+",69, IF(E109="B",59, IF(E109="C",49, IF(E109="U",32,"Invalid Grade"))))))) -> 59
A110: ='STUDENT NAMELIST'!A108 -> 104 | B110: ='STUDENT NAMELIST'!B108 -> 2023PEC AI 598 | C110: 2024PEC AI 137 | D110: ='STUDENT NAMELIST'!D108 -> DHAYANITHI M | E110: A | F110: =IF(E110="O",100, IF(E110="A+",89, IF(E110="A",79, IF(E110="B+",69, IF(E110="B",59, IF(E110="C",49, IF(E110="U",32,"Invalid Grade"))))))) -> 79
A111: ='STUDENT NAMELIST'!A109 -> 105 | B111: ='STUDENT NAMELIST'!B109 -> 2023PEC AI 599 | C111: 2024PEC AI 379 | D111: ='STUDENT NAMELIST'!D109 -> DHIVINDHARSHAN R | E111: B+ | F111: =IF(E111="O",100, IF(E111="A+",89, IF(E111="A",79, IF(E111="B+",69, IF(E111="B",59, IF(E111="C",49, IF(E111="U",32,"Invalid Grade"))))))) -> 69
A112: ='STUDENT NAMELIST'!A110 -> 106 | B112: ='STUDENT NAMELIST'!B110 -> 2023PEC AI 600 | C112: 2024PEC AI 380 | D112: ='STUDENT NAMELIST'!D110 -> DINESH R | E112: B+ | F112: =IF(E112="O",100, IF(E112="A+",89, IF(E112="A",79, IF(E112="B+",69, IF(E112="B",59, IF(E112="C",49, IF(E112="U",32,"Invalid Grade"))))))) -> 69
A113: ='STUDENT NAMELIST'!A111 -> 107 | B113: ='STUDENT NAMELIST'!B111 -> 2023PEC AI 601 | C113: 2024PEC AI 381 | D113: ='STUDENT NAMELIST'!D111 -> DIVITH S | E113: A | F113: =IF(E113="O",100, IF(E113="A+",89, IF(E113="A",79, IF(E113="B+",69, IF(E113="B",59, IF(E113="C",49, IF(E113="U",32,"Invalid Grade"))))))) -> 79
A114: ='STUDENT NAMELIST'!A112 -> 108 | B114: ='STUDENT NAMELIST'!B112 -> 2023PEC AI 148 | C114: 2024PEC AI 138 | D114: ='STUDENT NAMELIST'!D112 -> DIVYA LAKSHMI S | E114: A | F114: =IF(E114="O",100, IF(E114="A+",89, IF(E114="A",79, IF(E114="B+",69, IF(E114="B",59, IF(E114="C",49, IF(E114="U",32,"Invalid Grade"))))))) -> 79
A115: ='STUDENT NAMELIST'!A113 -> 109 | B115: ='STUDENT NAMELIST'!B113 -> 2023PEC AI 149 | C115: 2024PEC AI 382 | D115: ='STUDENT NAMELIST'!D113 -> DIVYA S | E115: A | F115: =IF(E115="O",100, IF(E115="A+",89, IF(E115="A",79, IF(E115="B+",69, IF(E115="B",59, IF(E115="C",49, IF(E115="U",32,"Invalid Grade"))))))) -> 79
A116: ='STUDENT NAMELIST'!A114 -> 110 | B116: ='STUDENT NAMELIST'!B114 -> 2023PEC AI 150 | C116: 2024PEC AI 383 | D116: ='STUDENT NAMELIST'!D114 -> DIVYA SHREE V | E116: B+ | F116: =IF(E116="O",100, IF(E116="A+",89, IF(E116="A",79, IF(E116="B+",69, IF(E116="B",59, IF(E116="C",49, IF(E116="U",32,"Invalid Grade"))))))) -> 69
A117: ='STUDENT NAMELIST'!A115 -> 111 | B117: ='STUDENT NAMELIST'!B115 -> 2023PEC AI 147 | C117: 2024PEC AI 139 | D117: ='STUDENT NAMELIST'!D115 -> DIVYADHARSHINI A | E117: A | F117: =IF(E117="O",100, IF(E117="A+",89, IF(E117="A",79, IF(E117="B+",69, IF(E117="B",59, IF(E117="C",49, IF(E117="U",32,"Invalid Grade"))))))) -> 79
A118: ='STUDENT NAMELIST'!A116 -> 112 | B118: ='STUDENT NAMELIST'!B116 -> 2023PEC AI 602 | C118: 2024PEC AI 384 | D118: ='STUDENT NAMELIST'!D116 -> DWARAKESH VENKATACHALAM KRISHNAN | E118: B+ | F118: =IF(E118="O",100, IF(E118="A+",89, IF(E118="A",79, IF(E118="B+",69, IF(E118="B",59, IF(E118="C",49, IF(E118="U",32,"Invalid Grade"))))))) -> 69
A119: ='STUDENT NAMELIST'!A117 -> 113 | B119: ='STUDENT NAMELIST'!B117 -> 2023PEC AI 603 | C119: 2024PEC AI 385 | D119: ='STUDENT NAMELIST'!D117 -> EDWARD EUGHENE TIMOTHY | E119: B+ | F119: =IF(E119="O",100, IF(E119="A+",89, IF(E119="A",79, IF(E119="B+",69, IF(E119="B",59, IF(E119="C",49, IF(E119="U",32,"Invalid Grade"))))))) -> 69
... A324: ='STUDENT NAMELIST'!A322 -> 318 | B324: ='STUDENT NAMELIST'!B322 -> 2023PEC AI 225 | C324: 2024PEC AI 488 | D324: ='STUDENT NAMELIST'!D322 -> POOJA S P | E324: B+ | F324: =IF(E324="O",100, IF(E324="A+",89, IF(E324="A",79, IF(E324="B+",69, IF(E324="B",59, IF(E324="C",49, IF(E324="U",32,"Invalid Grade"))))))) -> 69
A325: ='STUDENT NAMELIST'!A323 -> 319 | B325: ='STUDENT NAMELIST'!B323 -> 2023PEC AI 227 | C325: 2024PEC AI 489 | D325: ='STUDENT NAMELIST'!D323 -> POOJASREE K | F325: =IF(E325="O",100, IF(E325="A+",89, IF(E325="A",79, IF(E325="B+",69, IF(E325="B",59, IF(E325="C",49, IF(E325="U",32,"Invalid Grade"))))))) -> Invalid Grade
A326: ='STUDENT NAMELIST'!A324 -> 320 | B326: ='STUDENT NAMELIST'!B324 -> 2023PEC AI 353 | C326: 2024PEC AI 490 | D326: ='STUDENT NAMELIST'!D324 -> POOVARASAN S | E326: B+ | F326: =IF(E326="O",100, IF(E326="A+",89, IF(E326="A",79, IF(E326="B+",69, IF(E326="B",59, IF(E326="C",49, IF(E326="U",32,"Invalid Grade"))))))) -> 69
A327: ='STUDENT NAMELIST'!A325 -> 321 | B327: ='STUDENT NAMELIST'!B325 -> 2023PEC AI 228 | C327: 2024PEC AI 491 | D327: ='STUDENT NAMELIST'!D325 -> PRADAKSHANA S | E327: B+ | F327: =IF(E327="O",100, IF(E327="A+",89, IF(E327="A",79, IF(E327="B+",69, IF(E327="B",59, IF(E327="C",49, IF(E327="U",32,"Invalid Grade"))))))) -> 69
A328: ='STUDENT NAMELIST'!A326 -> 322 | B328: ='STUDENT NAMELIST'!B326 -> 2023PEC AI 354 | C328: 2024PEC AI 492 | D328: ='STUDENT NAMELIST'!D326 -> PRADEESH P | E328: A | F328: =IF(E328="O",100, IF(E328="A+",89, IF(E328="A",79, IF(E328="B+",69, IF(E328="B",59, IF(E328="C",49, IF(E328="U",32,"Invalid Grade"))))))) -> 79
A329: ='STUDENT NAMELIST'!A327 -> 323 | B329: ='STUDENT NAMELIST'!B327 -> 2023PEC AI 229 | C329: 2024PEC AI 493 | D329: ='STUDENT NAMELIST'!D327 -> PRAGATHI C J | E329: A | F329: =IF(E329="O",100, IF(E329="A+",89, IF(E329="A",79, IF(E329="B+",69, IF(E329="B",59, IF(E329="C",49, IF(E329="U",32,"Invalid Grade"))))))) -> 79
A330: ='STUDENT NAMELIST'!A328 -> 324 | B330: ='STUDENT NAMELIST'!B328 -> 2023PEC AI 355 | C330: 2024PEC AI 494 | D330: ='STUDENT NAMELIST'!D328 -> PRAJITH KUMAR S | E330: A | F330: =IF(E330="O",100, IF(E330="A+",89, IF(E330="A",79, IF(E330="B+",69, IF(E330="B",59, IF(E330="C",49, IF(E330="U",32,"Invalid Grade"))))))) -> 79
A331: ='STUDENT NAMELIST'!A329 -> 325 | B331: ='STUDENT NAMELIST'!B329 -> 2023PEC AI 356 | C331: 2024PEC AI 232 | D331: ='STUDENT NAMELIST'!D329 -> PRANAV M | E331: A | F331: =IF(E331="O",100, IF(E331="A+",89, IF(E331="A",79, IF(E331="B+",69, IF(E331="B",59, IF(E331="C",49, IF(E331="U",32,"Invalid Grade"))))))) -> 79
A332: ='STUDENT NAMELIST'!A330 -> 326 | B332: ='STUDENT NAMELIST'!B330 -> 2023PEC AI 357 | C332: 2024PEC AI 495 | D332: ='STUDENT NAMELIST'!D330 -> PRANAV V | E332: A | F332: =IF(E332="O",100, IF(E332="A+",89, IF(E332="A",79, IF(E332="B+",69, IF(E332="B",59, IF(E332="C",49, IF(E332="U",32,"Invalid Grade"))))))) -> 79
A333: ='STUDENT NAMELIST'!A331 -> 327 | B333: ='STUDENT NAMELIST'!B331 -> 2023PEC AI 358 | C333: 2024PEC AI 496 | D333: ='STUDENT NAMELIST'!D331 -> PRASANTH S | E333: A | F333: =IF(E333="O",100, IF(E333="A+",89, IF(E333="A",79, IF(E333="B+",69, IF(E333="B",59, IF(E333="C",49, IF(E333="U",32,"Invalid Grade"))))))) -> 79
A334: ='STUDENT NAMELIST'!A332 -> 328 | B334: ='STUDENT NAMELIST'!B332 -> 2023PEC AI 230 | C334: 2024PEC AI 233 | D334: ='STUDENT NAMELIST'!D332 -> PRATHESA S | E334: A | F334: =IF(E334="O",100, IF(E334="A+",89, IF(E334="A",79, IF(E334="B+",69, IF(E334="B",59, IF(E334="C",49, IF(E334="U",32,"Invalid Grade"))))))) -> 79
A335: ='STUDENT NAMELIST'!A333 -> 329 | B335: ='STUDENT NAMELIST'!B333 -> 2023PEC AI 359 | C335: 2024PEC AI 234 | D335: ='STUDENT NAMELIST'!D333 -> PRAVEEN BALAJI B S | E335: A | F335: =IF(E335="O",100, IF(E335="A+",89, IF(E335="A",79, IF(E335="B+",69, IF(E335="B",59, IF(E335="C",49, IF(E335="U",32,"Invalid Grade"))))))) -> 79
A336: ='STUDENT NAMELIST'!A334 -> 330 | B336: ='STUDENT NAMELIST'!B334 -> 2023PEC AI 360 | C336: 2024PEC AI 497 | D336: ='STUDENT NAMELIST'!D334 -> PRAVEEN KUMAR K | E336: A | F336: =IF(E336="O",100, IF(E336="A+",89, IF(E336="A",79, IF(E336="B+",69, IF(E336="B",59, IF(E336="C",49, IF(E336="U",32,"Invalid Grade"))))))) -> 79
A337: ='STUDENT NAMELIST'!A335 -> 331 | B337: ='STUDENT NAMELIST'!B335 -> 2023PEC AI 362 | C337: 2024PEC AI 235 | D337: ='STUDENT NAMELIST'!D335 -> PRAVEENKUMAR S | E337: A | F337: =IF(E337="O",100, IF(E337="A+",89, IF(E337="A",79, IF(E337="B+",69, IF(E337="B",59, IF(E337="C",49, IF(E337="U",32,"Invalid Grade"))))))) -> 79
... A509: ='STUDENT NAMELIST'!A507 -> 503 | B509: ='STUDENT NAMELIST'!B507 -> 0 | C509: 2024PEC AI 902 | D509: ='STUDENT NAMELIST'!D507 -> PRASANTH N | E509: A | F509: =IF(E509="O",100, IF(E509="A+",89, IF(E509="A",79, IF(E509="B+",69, IF(E509="B",59, IF(E509="C",49, IF(E509="U",32,"Invalid Grade"))))))) -> 79
D510: Assignment Marks
D511: No of Students Attended | F511: =COUNTIF(F7:F509,">0") -> 501
D512: No. of Studetns Scoring >=Threshold | F512: =COUNTIF(F7:F509,">=68") -> 419
D513: % of Students Scoing >=Threshold | F513: =F512/F511*100 -> 83.632735
D514: Attainment Level | F514: =IF(F513>68,3,IF(F513>=65,2,IF(F513>=62,1,0))) -> 3

Sheet CO ATTAINMENT GAP
A1: PANIMALAR ENGINEERING COLLEGE
A2: CO | B2: Direct CO Attainment | C2: Indirect CO Attainment | D2: CO Attainment | E2: CO Target | F2: CO Attainment Gap %ge | H2: CO | I2: Target | J2: CO | K2: Action proposed to bridge the gap | L2: Modification of target where achieved
C3: (Course End Survey) | D3: (90% of Direct CO Attainment + 10% of Indirect CO Attainment) | J3: Attainment gap (%)
A4: CO1 | B4: ='Direct Attainment'!C27 -> 2.76 | C4: ='Direct Attainment'!C29 -> 2.766 | E4: 2 | H4: CO1 | N4: Target
A5: CO2 | B5: ='Direct Attainment'!D27 -> 3 | C5: ='Direct Attainment'!D29 -> 2.993 | H5: CO2
A6: CO3 | B6: ='Direct Attainment'!E27 -> 2.76 | C6: ='Direct Attainment'!E29 -> 2.762 | H6: CO3
A7: CO4 | B7: ='Direct Attainment'!F28 -> 2.89 | C7: ='Direct Attainment'!F29 -> 2.989 | H7: CO4
A8: CO5 | B8: ='Direct Attainment'!G27 -> 2.76 | C8: ='Direct Attainment'!G29 -> 2.761 | H8: CO5

Sheet PO ATTAINMENT 
A1: PANIMALAR ENGINEERING COLLEGE
Q2: ='COURSE ASSESSMENT'!A6 -> SUBJECT NAME | R2: ='COURSE ASSESSMENT'!B6 -> FORMAL LANGUAGES AND AUTOMATA THEORY
A3: COURSE | B3: CO1 | C3: CO2 | D3: CO3 | E3: CO4 | F3: CO5 | G3: CO6 | Q3: ='COURSE ASSESSMENT'!A7 -> SUBJECT CODE | R3: ='COURSE ASSESSMENT'!B7 -> 23AD1501
B4: ='Direct Attainment'!C29 -> 2.766 | C4: ='Direct Attainment'!D29 -> 2.993 | D4: ='Direct Attainment'!E29 -> 2.762 | E4: ='Direct Attainment'!F29 -> 2.989 | F4: ='Direct Attainment'!G29 -> 2.761 | G4: ='Direct Attainment'!H29 -> 2.988 | Q4: ='COURSE ASSESSMENT'!A8 -> COURSE CODE | R4: ='COURSE ASSESSMENT'!B8 -> C301
Q5: ='COURSE ASSESSMENT'!A9 -> YEAR / SEM | R5: ='COURSE ASSESSMENT'!B9 -> III/V
D6: Articulation matrix | Q6: ='COURSE ASSESSMENT'!A10 -> BATCH | R6: ='COURSE ASSESSMENT'!B10 -> 2023-2027
A7: CO | B7: PO1 | C7: PO2 | D7: PO3 | E7: PO4 | F7: PO5 | G7: PO6 | H7: PO7 | I7: PO8 | J7: PO9 | K7: PO10 | L7: PO11 | M7: PSO1 | N7: PSO2 | O7: PSO3 | Q7: ='COURSE ASSESSMENT'!A11 -> ACADEMIC YEAR | R7: ='COURSE ASSESSMENT'!B11 -> 2025 - 2026
A8: ='COURSE ASSESSMENT'!A53 -> C301.1 | B8: ='COURSE ASSESSMENT'!B53 -> 3 | C8: ='COURSE ASSESSMENT'!C53 -> 1 | D8: ='COURSE ASSESSMENT'!D53 -> 1 | E8: ='COURSE ASSESSMENT'!E53 -> 1 | F8: ='COURSE ASSESSMENT'!F53 -> 1 | G8: ='COURSE ASSESSMENT'!G53 -> 1 | H8: ='COURSE ASSESSMENT'!H53 -> 1 | ... M8: ='COURSE ASSESSMENT'!M53 -> 0 | N8: ='COURSE ASSESSMENT'!O53 -> 1 | O8: ='COURSE ASSESSMENT'!Q53 -> 1 | Q8: ='COURSE ASSESSMENT'!A12 -> THRESHOLD | R8: ='COURSE ASSESSMENT'!B12 -> 60
A9: ='COURSE ASSESSMENT'!A54 -> C301.2 | B9: ='COURSE ASSESSMENT'!B54 -> 3 | C9: ='COURSE ASSESSMENT'!C54 -> 1 | D9: ='COURSE ASSESSMENT'!D54 -> 1 | E9: ='COURSE ASSESSMENT'!E54 -> 1 | F9: ='COURSE ASSESSMENT'!F54 -> 1 | G9: ='COURSE ASSESSMENT'!G54 -> 1 | H9: ='COURSE ASSESSMENT'!H54 -> 1 | ... M9: ='COURSE ASSESSMENT'!M54 -> 1 | N9: ='COURSE ASSESSMENT'!O54 -> 1 | O9: ='COURSE ASSESSMENT'!Q54 -> 1
A10: ='COURSE ASSESSMENT'!A55 -> C301.3 | B10: ='COURSE ASSESSMENT'!B55 -> 3 | C10: ='COURSE ASSESSMENT'!C55 -> 3 | D10: ='COURSE ASSESSMENT'!D55 -> 1 | E10: ='COURSE ASSESSMENT'!E55 -> 1 | F10: ='COURSE ASSESSMENT'!F55 -> 1 | G10: ='COURSE ASSESSMENT'!G55 -> 1 | H10: ='COURSE ASSESSMENT'!H55 -> 1 | ... M10: ='COURSE ASSESSMENT'!M55 -> 1 | N10: ='COURSE ASSESSMENT'!O55 -> 1 | O10: ='COURSE ASSESSMENT'!Q55 -> 1
A11: ='COURSE ASSESSMENT'!A56 -> C301.4 | B11: ='COURSE ASSESSMENT'!B56 -> 3 | C11: ='COURSE ASSESSMENT'!C56 -> 3 | D11: ='COURSE ASSESSMENT'!D56 -> 1 | E11: ='COURSE ASSESSMENT'!E56 -> 2 | F11: ='COURSE ASSESSMENT'!F56 -> 1 | G11: ='COURSE ASSESSMENT'!G56 -> 1 | H11: ='COURSE ASSESSMENT'!H56 -> 0 | ... M11: ='COURSE ASSESSMENT'!M56 -> 1 | N11: ='COURSE ASSESSMENT'!O56 -> 1 | O11: ='COURSE ASSESSMENT'!Q56 -> 1
A12: ='COURSE ASSESSMENT'!A57 -> C301.5 | B12: ='COURSE ASSESSMENT'!B57 -> 1 | C12: ='COURSE ASSESSMENT'!C57 -> 2 | D12: ='COURSE ASSESSMENT'!D57 -> 1 | E12: ='COURSE ASSESSMENT'!E57 -> 1 | F12: ='COURSE ASSESSMENT'!F57 -> 1 | G12: ='COURSE ASSESSMENT'!G57 -> 1 | H12: ='COURSE ASSESSMENT'!H57 -> 1 | ... M12: ='COURSE ASSESSMENT'!M57 -> 1 | N12: ='COURSE ASSESSMENT'!O57 -> 1 | O12: ='COURSE ASSESSMENT'!Q57 -> 1
A13: ='COURSE ASSESSMENT'!A58 -> C301.6 | B13: ='COURSE ASSESSMENT'!B58 -> 1 | C13: ='COURSE ASSESSMENT'!C58 -> 1 | D13: ='COURSE ASSESSMENT'!D58 -> 2 | E13: ='COURSE ASSESSMENT'!E58 -> 1 | F13: ='COURSE ASSESSMENT'!F58 -> 1 | G13: ='COURSE ASSESSMENT'!G58 -> 1 | H13: ='COURSE ASSESSMENT'!H58 -> 1 | ... M13: ='COURSE ASSESSMENT'!M58 -> 1 | N13: ='COURSE ASSESSMENT'!O58 -> 1 | O13: ='COURSE ASSESSMENT'!Q58 -> 1
A14: ='COURSE ASSESSMENT'!A59 -> C301.AVG | B14: ='COURSE ASSESSMENT'!B59 -> 2.3333333 | C14: ='COURSE ASSESSMENT'!C59 -> 1.8333333 | D14: ='COURSE ASSESSMENT'!D59 -> 1.1666667 | E14: ='COURSE ASSESSMENT'!E59 -> 1.1666667 | F14: ='COURSE ASSESSMENT'!F59 -> 1 | G14: ='COURSE ASSESSMENT'!G59 -> 1 | H14: ='COURSE ASSESSMENT'!H59 -> 0.83333333 | ... M14: ='COURSE ASSESSMENT'!M59 -> 0.83333333 | N14: ='COURSE ASSESSMENT'!O59 -> 1 | O14: ='COURSE ASSESSMENT'!Q59 -> 1
A15: ='COURSE ASSESSMENT'!A60 -> 0 | B15: ='COURSE ASSESSMENT'!B60 -> 0 | C15: ='COURSE ASSESSMENT'!C60 -> 0 | D15: ='COURSE ASSESSMENT'!D60 -> 0 | E15: ='COURSE ASSESSMENT'!E60 -> 0 | F15: ='COURSE ASSESSMENT'!F60 -> 0 | G15: ='COURSE ASSESSMENT'!G60 -> 0 | H15: ='COURSE ASSESSMENT'!H60 -> 0 | ... M15: ='COURSE ASSESSMENT'!M60 -> 0 | N15: ='COURSE ASSESSMENT'!O60 -> 0 | O15: ='COURSE ASSESSMENT'!Q60 -> 0
A17: PO ATTAINMENT CALCULATIONS
A18: Coi | B18: PO1 | C18: PO2 | D18: PO3 | E18: PO4 | F18: PO5 | G18: PO6 | H18: PO7 | I18: PO8 | J18: PO9 | K18: PO10 | L18: PO11 | M18: PSO1 | N18: PSO2 | O18: PSO3
A19: =B4 -> 2.766 | B19: =B8 -> 3 | C19: =C8 -> 1 | D19: =D8 -> 1 | E19: =E8 -> 1 | F19: =F8 -> 1 | G19: =G8 -> 1 | H19: =H8 -> 1 | I19: =I8 -> 1 | ... O19: =O8 -> 1
A20: =C4 -> 2.993 | B20: =B9 -> 3 | C20: =C9 -> 1 | D20: =D9 -> 1 | E20: =E9 -> 1 | F20: =F9 -> 1 | G20: =G9 -> 1 | H20: =H9 -> 1 | I20: =I9 -> 1 | ... O20: =O9 -> 1
A21: =D4 -> 2.762 | B21: =B10 -> 3 | C21: =C10 -> 3 | D21: =D10 -> 1 | E21: =E10 -> 1 | F21: =F10 -> 1 | G21: =G10 -> 1 | H21: =H10 -> 1 | I21: =I10 -> 1 | ... O21: =O10 -> 1
A22: =E4 -> 2.989 | B22: =B11 -> 3 | C22: =C11 -> 3 | D22: =D11 -> 1 | E22: =E11 -> 2 | F22: =F11 -> 1 | G22: =G11 -> 1 | H22: =H11 -> 0 | I22: =I11 -> 1 | ... O22: =O11 -> 1
A23: =F4 -> 2.761 | B23: =B12 -> 1 | C23: =C12 -> 2 | D23: =D12 -> 1 | E23: =E12 -> 1 | F23: =F12 -> 1 | G23: =G12 -> 1 | H23: =H12 -> 1 | I23: =I12 -> 1 | ... O23: =O12 -> 1
A24: =G4 -> 2.988 | B24: =B13 -> 1 | C24: =C13 -> 1 | D24: =D13 -> 2 | E24: =E13 -> 1 | F24: =F13 -> 1 | G24: =G13 -> 1 | H24: =H13 -> 1 | I24: =I13 -> 1 | ... O24: =O13 -> 1
A25: Weighted Avg (PO) | B25: =IF(COUNTIF(B19:B23,"<>0")=0,"",SUMPRODUCT($A$19:$A$23,B19:B23)/(COUNTIF(B19:B23,"<>0")*3)) -> 2.4860667 | C25: =IF(COUNTIF(C19:C23,"<>0")=0,"",SUMPRODUCT($A$19:$A$23,C19:C23)/(COUNTIF(C19:C23,"<>0")*3)) -> 1.9022667 | D25: =IF(COUNTIF(D19:D23,"<>0")=0,"",SUMPRODUCT($A$19:$A$23,D19:D23)/(COUNTIF(D19:D23,"<>0")*3)) -> 0.9514 | E25: =IF(COUNTIF(E19:E23,"<>0")=0,"",SUMPRODUCT($A$19:$A$23,E19:E23)/(COUNTIF(E19:E23,"<>0")*3)) -> 1.1506667 | F25: =IF(COUNTIF(F19:F23,"<>0")=0,"",SUMPRODUCT($A$19:$A$23,F19:F23)/(COUNTIF(F19:F23,"<>0")*3)) -> 0.9514 | G25: =IF(COUNTIF(G19:G23,"<>0")=0,"",SUMPRODUCT($A$19:$A$23,G19:G23)/(COUNTIF(G19:G23,"<>0")*3)) -> 0.9514 | H25: =IF(COUNTIF(H19:H23,"<>0")=0,"",SUMPRODUCT($A$19:$A$23,H19:H23)/(COUNTIF(H19:H23,"<>0")*3)) -> 0.94016667 | I25: =IF(COUNTIF(I19:I23,"<>0")=0,"",SUMPRODUCT($A$19:$A$23,I19:I23)/(COUNTIF(I19:I23,"<>0")*3)) -> 0.9514 | ... O25: =IF(COUNTIF(O19:O23,"<>0")=0,"",SUMPRODUCT($A$19:$A$23,O19:O23)/(COUNTIF(O19:O23,"<>0")*3)) -> 0.9514
D31: Prepared By | N31: Verified By
D32: Course Incharge | N32: HOD

Sheet New Internal - II
A7: INTERNAL ASSESSMENT I | F7: INTERNAL ASSESSMENT I INTERNAL ASSESSMENT I INTERNAL ASSESSMENT II INTERNAL ASSESSMENT II INTERNAL ASSESSMENT II INTERNAL ASSESSMENT II INTERNAL ASSESSMENT I | BY7: SPELL MARKS (Random) | CA7: IF(BY14=0,0,IF(BY14=70,10,IF(BY14=75,12,IF(BY14=80,14,IF(BY14=85,16,IF(BY14=90,18,IF(BY14=95,19,200))))))) | CD7: IF(BY14=75,10,1) | ED7: R2016 | FA7: R2008 | FM7: COPY SPELL MARKS HERE
A8: Sl. No | B8: REGISTER NO. | C8: ROLL NO. | D8: SEC | E8: STUDENT NAME | F8: PART A | P8: PART B | BN8: PART C | BX8: INT-I TOTAL
F9: Q. No. | G9: Q. No. | H9: Q. No. | I9: Q. No. | J9: Q. No. | K9: Q. No. | L9: Q. No. | M9: Q. No. | N9: Q. No. | O9: Q. No. | P9: Q. No. | U9: Q. No. | Z9: Q. No. | AE9: Q. No. | AJ9: Q. No. | AO9: Q. No. | AT9: Q. No. | AY9: Q. No. | BD9: Q. No. | BI9: Q. No. | BN9: Q. No. | BS9: Q. No. | CA9: IF(D14="A",12,8) | CD9: IF(CP14=1,IF(D14="A",12,IF(D14="B",10,IF(D14="C",13,IF(D14="D",14,11)))),"")
F10: 1 | G10: 2 | H10: 3 | I10: 4 | J10: 5 | K10: 6 | L10: 7 | M10: 8 | N10: 9 | O10: 10 | P10: 11 (a) | U10: 11 (b) | Z10: 12 (a) | AE10: 12 (b) | AJ10: 13 (a) | AO10: 13 (b) | AT10: 14 (a) | AY10: 14 (b) | BD10: 15 (a) | BI10: 15 (b) | BN10: 16 (a) | BS10: 16 (b) | DI10: IF(DT$12<=($DR14-$DS14),RANDBETWEEN(DT$12,DT$12),($DR14-$DS14))
F11: CO1 | G11: CO2 | H11: CO3 | I11: CO4 | J11: CO5 | K11: CO6 | L11: NA | P11: i | Q11: ii | R11: iii | S11: iv | T11: 11 (a) | U11: i | V11: ii | W11: iii | X11: iv | Y11: 11 (b) | Z11: i | AA11: ii | AB11: iii | AC11: iv | AD11: 12 (a) | AE11: i | AF11: ii | AG11: iii | AH11: iv | AI11: 12 (b) | AJ11: i | AK11: ii | AL11: iii | AM11: iv | AN11: 13 (a) | AO11: i | AP11: ii | AQ11: iii | AR11: iv | AS11: 13 (b) | AT11: i | AU11: ii | AV11: iii | AW11: iv | AX11: 14 (a) | AY11: i | AZ11: ii | BA11: iii | BB11: iv | BC11: 14 (b) | BD11: i | BE11: ii | BF11: iii | BG11: iv | BH11: 15 (a) | BI11: i | BJ11: ii | BK11: iii | BL11: iv | BM11: 15 (b) | BN11: i | BO11: ii | BP11: iii | BQ11: iv | BR11: 16 (a) | BS11: i | BT11: ii | BU11: iii | BV11: iv | BW11: 16 (b) | BX11: 100 | DH11: IF(DU$12<=($DR14-$DS14-$DT14),RANDBETWEEN(DU$12,DU$12),($DR14-$DS14-$DT14)) | DS11: Part A | DT11: 11 | DU11: 12 | DV11: 13 | DW11: 14 | DX11: 15 | DY11: Part C | EP11: Part A | EQ11: 11 | ER11: 12 | ES11: 13 | ET11: 14 | EU11: 15 | EV11: Part C
E12: Max Marks >>>> | F12: 2 | G12: 2 | H12: 2 | I12: 2 | J12: 2 | K12: 2 | L12: 2 | M12: 2 | N12: 2 | O12: 2 | P12: 13 | Q12: 0 | R12: 0 | S12: 0 | U12: 13 | V12: 0 | W12: 0 | X12: 0 | Z12: 13 | AA12: 0 | AB12: 0 | AC12: 0 | AE12: 13 | AF12: 0 | AG12: 0 | AH12: 0 | AJ12: 13 | AK12: 0 | AL12: 0 | AM12: 0 | AO12: 13 | AP12: 0 | AQ12: 0 | AR12: 0 | AT12: 13 | AU12: 0 | AV12: 0 | AW12: 0 | AY12: 13 | AZ12: 0 | BA12: 0 | BB12: 0 | BD12: 13 | BE12: 0 | BF12: 0 | BG12: 0 | BI12: 13 | BJ12: 0 | BK12: 0 | BL12: 0 | BN12: 15 | BO12: 0 | BP12: 0 | BQ12: 0 | BS12: 15 | BT12: 0 | BU12: 0 | BV12: 0 | DG12: IF(DV$12<=($DR14-$DS14-$DT14-$DU14),RANDBETWEEN(DV$12,DV$12),($DR14-$DS14-$DT14-$DU14)) | DS12: 20 | DT12: 13 | DU12: 13 | DV12: 13 | DW12: 13 | DX12: 13 | DY12: 15 | EL12: PARTC | EP12: 20 | EQ12: 16 | ER12: 16 | ES12: 16 | ET12: 16 | EU12: 16 | EV12: 0 | EW12: TOTAL | EX12: PARTA | EY12: 11a | EZ12: 11b | FA12: 12A | FB12: 12B | FC12: 13A | FD12: 13B | FE12: 14A | FF12: 14B | FG12: 15A | FH12: 15B | FI12: 16A | FJ12: 16B
E13: COs >>>> | F13: CO3 | G13: CO3 | H13: CO4 | I13: CO4 | J13: CO4 | K13: CO4 | L13: CO5 | M13: CO5 | N13: CO5 | O13: CO5 | P13: CO3 | Q13: NA | R13: NA | S13: NA | U13: CO3 | V13: NA | W13: NA | X13: NA | Z13: CO4 | AA13: NA | AB13: NA | AC13: NA | AE13: CO4 | AF13: CO5 | AG13: NA | AH13: NA | AJ13: CO4 | AK13: NA | AL13: NA | AM13: NA | AO13: CO4 | AP13: CO2 | AQ13: NA | AR13: NA | AT13: CO5 | AU13: NA | AV13: NA | AW13: NA | AY13: CO5 | AZ13: NA | BA13: NA | BB13: NA | BD13: CO5 | BE13: NA | BF13: NA | BG13: NA | BI13: CO5 | BJ13: NA | BK13: NA | BL13: NA | BN13: CO5 | BO13: NA | BP13: NA | BQ13: NA | BS13: CO4 | BT13: NA | BU13: NA | BV13: NA | CA13: Part A | CB13: 11 a) | CC13: 11 b) | CD13: 12 B) | CE13: 12 A) | CF13: 13 a) | CG13: 13 b) | CH13: 14 a) | CI13: 14 b) | CJ13: 15B) | CK13: 15A) | CL13: 16 a) | CM13: 16 b) | CP13: mod(2,3,6) | CR13: Part A | CS13: 11 a) | CT13: 11 b) | CU13: 12 B) | CV13: 12 A) | CW13: 13 a) | CX13: 13 b) | CY13: 14 a) | CZ13: 14 b) | DA13: 15B) | DB13: 15A) | DC13: 16 a) | DD13: 16 b) | DF13: IF(DW$12<=($DR14-$DS14-$DT14-$DU14-$DV14),RANDBETWEEN(DW$12,DW$12),($DR14-$DS14-$DT14-$DU14-$DV14)) | EA13: PARTA | EB13: 11a | EC13: 11b | ED13: 12A | EE13: 12B | EF13: 13A | EG13: 13B | EH13: 14A | EI13: 14B | EJ13: 15A | EK13: 15B | EL13: 16A | EM13: 16B
